// Montserrat ExtraBold 28 px for the family screen, generated by scripts/gen-family-assets.py.
// Font: assets/fonts/Montserrat-ExtraBold.ttf, SIL Open Font License 1.1 (assets/fonts/OFL.txt).
#if defined(FAMILY_UI) && defined(VIEW_320x240)

/*******************************************************************************
 * Size: 28 px
 * Bpp: 4
 * Opts: --bpp 4 --size 28 --no-compress --font Montserrat-ExtraBold.ttf --range 0x20-0x7F,0xA0-0x17F,0x2026 --format lvgl --lv-include lvgl.h -o /tmp/tmpcfpfpg1p/family_font_28.c
 ******************************************************************************/

#ifdef LV_LVGL_H_INCLUDE_SIMPLE
#include "lvgl.h"
#else
#include "lvgl.h"
#endif

#ifndef FAMILY_FONT_28
#define FAMILY_FONT_28 1
#endif

#if FAMILY_FONT_28

/*-----------------
 *    BITMAPS
 *----------------*/

/*Store the image of the glyphs*/
static LV_ATTRIBUTE_LARGE_CONST const uint8_t glyph_bitmap[] = {
    /* U+0020 " " */

    /* U+0021 "!" */
    0xef, 0xff, 0xff, 0x5d, 0xff, 0xff, 0xf4, 0xbf,
    0xff, 0xff, 0x2a, 0xff, 0xff, 0xf1, 0x9f, 0xff,
    0xff, 0x8, 0xff, 0xff, 0xe0, 0x6f, 0xff, 0xfd,
    0x5, 0xff, 0xff, 0xc0, 0x4f, 0xff, 0xfb, 0x2,
    0xff, 0xff, 0x90, 0x1f, 0xff, 0xf8, 0x0, 0xff,
    0xff, 0x70, 0xd, 0xee, 0xe5, 0x0, 0x0, 0x0,
    0x0, 0x8, 0xef, 0xc2, 0x8, 0xff, 0xff, 0xe0,
    0xef, 0xff, 0xff, 0x4d, 0xff, 0xff, 0xf4, 0x7f,
    0xff, 0xfd, 0x0, 0x7d, 0xfb, 0x20,

    /* U+0022 "\"" */
    0xdf, 0xff, 0x90, 0xaf, 0xff, 0xcc, 0xff, 0xf8,
    0xa, 0xff, 0xfb, 0xcf, 0xff, 0x80, 0x9f, 0xff,
    0xab, 0xff, 0xf7, 0x8, 0xff, 0xfa, 0xaf, 0xff,
    0x60, 0x8f, 0xff, 0x9a, 0xff, 0xf6, 0x7, 0xff,
    0xf8, 0x9f, 0xff, 0x50, 0x7f, 0xff, 0x88, 0xff,
    0xf4, 0x6, 0xff, 0xf7, 0x37, 0x77, 0x20, 0x27,
    0x77, 0x30,

    /* U+0023 "#" */
    0x0, 0x0, 0x2, 0xff, 0xfa, 0x0, 0xe, 0xff,
    0xe0, 0x0, 0x0, 0x0, 0x4, 0xff, 0xf8, 0x0,
    0xf, 0xff, 0xc0, 0x0, 0x0, 0x0, 0x6, 0xff,
    0xf6, 0x0, 0x2f, 0xff, 0xa0, 0x0, 0x0, 0x0,
    0x8, 0xff, 0xf4, 0x0, 0x4f, 0xff, 0x80, 0x0,
    0x9, 0xff, 0xff, 0xff, 0xff, 0xff, 0xff, 0xff,
    0xff, 0xff, 0x9, 0xff, 0xff, 0xff, 0xff, 0xff,
    0xff, 0xff, 0xff, 0xff, 0x9, 0xff, 0xff, 0xff,
    0xff, 0xff, 0xff, 0xff, 0xff, 0xff, 0x6, 0xbb,
    0xcf, 0xff, 0xeb, 0xbb, 0xff, 0xff, 0xbb, 0xbb,
    0x0, 0x0, 0x2f, 0xff, 0xa0, 0x0, 0xef, 0xfe,
    0x0, 0x0, 0x0, 0x0, 0x4f, 0xff, 0x80, 0x0,
    0xff, 0xfc, 0x0, 0x0, 0x0, 0x0, 0x5f, 0xff,
    0x60, 0x1, 0xff, 0xfa, 0x0, 0x0, 0x0, 0x0,
    0x7f, 0xff, 0x40, 0x3, 0xff, 0xf8, 0x0, 0x0,
    0x8f, 0xff, 0xff, 0xff, 0xff, 0xff, 0xff, 0xff,
    0xff, 0xf0, 0x8f, 0xff, 0xff, 0xff, 0xff, 0xff,
    0xff, 0xff, 0xff, 0xf0, 0x8f, 0xff, 0xff, 0xff,
    0xff, 0xff, 0xff, 0xff, 0xff, 0xf0, 0x6c, 0xcc,
    0xff, 0xff, 0xcc, 0xcf, 0xff, 0xfc, 0xcc, 0xc0,
    0x0, 0x1, 0xff, 0xfb, 0x0, 0xd, 0xff, 0xf0,
    0x0, 0x0, 0x0, 0x3, 0xff, 0xf9, 0x0, 0xf,
    0xff, 0xd0, 0x0, 0x0, 0x0, 0x5, 0xff, 0xf7,
    0x0, 0x1f, 0xff, 0xb0, 0x0, 0x0, 0x0, 0x7,
    0xff, 0xf5, 0x0, 0x3f, 0xff, 0x90, 0x0, 0x0,

    /* U+0024 "$" */
    0x0, 0x0, 0x0, 0x7, 0xff, 0xe0, 0x0, 0x0,
    0x0, 0x0, 0x0, 0x0, 0x7, 0xff, 0xe0, 0x0,
    0x0, 0x0, 0x0, 0x0, 0x0, 0x7, 0xff, 0xe0,
    0x0, 0x0, 0x0, 0x0, 0x0, 0x0, 0x7, 0xff,
    0xe0, 0x0, 0x0, 0x0, 0x0, 0x0, 0x28, 0xcf,
    0xff, 0xff, 0xeb, 0x72, 0x0, 0x0, 0x9, 0xff,
    0xff, 0xff, 0xff, 0xff, 0xff, 0x70, 0x0, 0xbf,
    0xff, 0xff, 0xff, 0xff, 0xff, 0xff, 0x30, 0x6,
    0xff, 0xff, 0xfe, 0xa9, 0xac, 0xff, 0xfb, 0x0,
    0xd, 0xff, 0xff, 0xc0, 0x0, 0x0, 0x16, 0xd4,
    0x0, 0xf, 0xff, 0xff, 0x70, 0x0, 0x0, 0x0,
    0x0, 0x0, 0xf, 0xff, 0xff, 0xe5, 0x0, 0x0,
    0x0, 0x0, 0x0, 0xd, 0xff, 0xff, 0xff, 0xfb,
    0x73, 0x0, 0x0, 0x0, 0x7, 0xff, 0xff, 0xff,
    0xff, 0xff, 0xfa, 0x30, 0x0, 0x0, 0xaf, 0xff,
    0xff, 0xff, 0xff, 0xff, 0xf9, 0x0, 0x0, 0x5,
    0xcf, 0xff, 0xff, 0xff, 0xff, 0xff, 0x90, 0x0,
    0x0, 0x3, 0x7b, 0xff, 0xff, 0xff, 0xff, 0xf2,
    0x0, 0x0, 0x0, 0x0, 0x2, 0x7e, 0xff, 0xff,
    0xf6, 0x0, 0x40, 0x0, 0x0, 0x0, 0x1, 0xff,
    0xff, 0xf8, 0x0, 0xfd, 0x71, 0x0, 0x0, 0x3,
    0xff, 0xff, 0xf6, 0x7, 0xff, 0xff, 0xda, 0x99,
    0xbf, 0xff, 0xff, 0xf2, 0xd, 0xff, 0xff, 0xff,
    0xff, 0xff, 0xff, 0xff, 0xb0, 0x3f, 0xff, 0xff,
    0xff, 0xff, 0xff, 0xff, 0xfe, 0x10, 0x5, 0xef,
    0xff, 0xff, 0xff, 0xff, 0xff, 0xb1, 0x0, 0x0,
    0x4, 0x9d, 0xef, 0xff, 0xfd, 0x93, 0x0, 0x0,
    0x0, 0x0, 0x0, 0x7, 0xff, 0xe0, 0x0, 0x0,
    0x0, 0x0, 0x0, 0x0, 0x7, 0xff, 0xe0, 0x0,
    0x0, 0x0, 0x0, 0x0, 0x0, 0x7, 0xff, 0xe0,
    0x0, 0x0, 0x0,

    /* U+0025 "%" */
    0x0, 0x18, 0xdf, 0xea, 0x20, 0x0, 0x0, 0x0,
    0x2f, 0xff, 0xd0, 0x0, 0x0, 0x1e, 0xff, 0xff,
    0xff, 0x40, 0x0, 0x0, 0xc, 0xff, 0xf4, 0x0,
    0x0, 0xb, 0xff, 0xfd, 0xff, 0xfe, 0x10, 0x0,
    0x7, 0xff, 0xf9, 0x0, 0x0, 0x2, 0xff, 0xf6,
    0x3, 0xff, 0xf6, 0x0, 0x2, 0xff, 0xfd, 0x0,
    0x0, 0x0, 0x5f, 0xff, 0x0, 0xc, 0xff, 0x90,
    0x0, 0xcf, 0xff, 0x30, 0x0, 0x0, 0x5, 0xff,
    0xf0, 0x0, 0xbf, 0xfa, 0x0, 0x7f, 0xff, 0x90,
    0x0, 0x0, 0x0, 0x4f, 0xff, 0x10, 0xd, 0xff,
    0x90, 0x2f, 0xff, 0xd0, 0x0, 0x0, 0x0, 0x1,
    0xff, 0xfa, 0x16, 0xff, 0xf5, 0xc, 0xff, 0xf3,
    0x0, 0x0, 0x0, 0x0, 0x9, 0xff, 0xff, 0xff,
    0xfd, 0x7, 0xff, 0xf9, 0x0, 0x0, 0x0, 0x0,
    0x0, 0xb, 0xff, 0xff, 0xfd, 0x22, 0xff, 0xfd,
    0x1, 0x9e, 0xfe, 0x91, 0x0, 0x0, 0x4, 0x9b,
    0xa6, 0x0, 0xcf, 0xff, 0x33, 0xef, 0xff, 0xff,
    0xe2, 0x0, 0x0, 0x0, 0x0, 0x0, 0x7f, 0xff,
    0x80, 0xdf, 0xff, 0xdf, 0xff, 0xc0, 0x0, 0x0,
    0x0, 0x0, 0x2f, 0xff, 0xd0, 0x4f, 0xff, 0x40,
    0x6f, 0xff, 0x30, 0x0, 0x0, 0x0, 0xc, 0xff,
    0xf3, 0x7, 0xff, 0xe0, 0x0, 0xff, 0xf6, 0x0,
    0x0, 0x0, 0x7, 0xff, 0xf8, 0x0, 0x8f, 0xfd,
    0x0, 0xe, 0xff, 0x70, 0x0, 0x0, 0x2, 0xff,
    0xfd, 0x0, 0x7, 0xff, 0xe0, 0x0, 0xff, 0xf6,
    0x0, 0x0, 0x0, 0xcf, 0xff, 0x30, 0x0, 0x4f,
    0xff, 0x40, 0x6f, 0xff, 0x30, 0x0, 0x0, 0x7f,
    0xff, 0x80, 0x0, 0x0, 0xdf, 0xff, 0xdf, 0xff,
    0xc0, 0x0, 0x0, 0x2f, 0xff, 0xd0, 0x0, 0x0,
    0x3, 0xef, 0xff, 0xff, 0xe2, 0x0, 0x0, 0xc,
    0xff, 0xf3, 0x0, 0x0, 0x0, 0x2, 0x9e, 0xfe,
    0x91, 0x0,

    /* U+0026 "&" */
    0x0, 0x0, 0x1, 0x7c, 0xef, 0xfc, 0x81, 0x0,
    0x0, 0x0, 0x0, 0x0, 0x4, 0xef, 0xff, 0xff,
    0xff, 0xf4, 0x0, 0x0, 0x0, 0x0, 0x2, 0xff,
    0xff, 0xff, 0xff, 0xff, 0xf2, 0x0, 0x0, 0x0,
    0x0, 0xaf, 0xff, 0xfe, 0xad, 0xff, 0xff, 0x80,
    0x0, 0x0, 0x0, 0xd, 0xff, 0xff, 0x10, 0xe,
    0xff, 0xfa, 0x0, 0x0, 0x0, 0x0, 0xdf, 0xff,
    0xf0, 0x0, 0xef, 0xff, 0x90, 0x0, 0x0, 0x0,
    0xa, 0xff, 0xff, 0x80, 0xaf, 0xff, 0xf3, 0x0,
    0x0, 0x0, 0x0, 0x2f, 0xff, 0xff, 0xef, 0xff,
    0xf9, 0x0, 0x0, 0x0, 0x0, 0x0, 0x6f, 0xff,
    0xff, 0xff, 0xf8, 0x0, 0x0, 0x0, 0x0, 0x0,
    0x3d, 0xff, 0xff, 0xff, 0xf6, 0x0, 0x39, 0x40,
    0x0, 0x0, 0x5f, 0xff, 0xff, 0xff, 0xff, 0xf4,
    0x8, 0xff, 0xfb, 0x0, 0x3f, 0xff, 0xff, 0xae,
    0xff, 0xff, 0xf7, 0xef, 0xff, 0xb0, 0xb, 0xff,
    0xff, 0x90, 0x1c, 0xff, 0xff, 0xff, 0xff, 0xf6,
    0x0, 0xff, 0xff, 0xf2, 0x0, 0xb, 0xff, 0xff,
    0xff, 0xfe, 0x0, 0x1f, 0xff, 0xff, 0x40, 0x0,
    0x8, 0xff, 0xff, 0xff, 0x70, 0x0, 0xff, 0xff,
    0xff, 0x84, 0x46, 0xbf, 0xff, 0xff, 0xfe, 0x30,
    0xa, 0xff, 0xff, 0xff, 0xff, 0xff, 0xff, 0xff,
    0xff, 0xff, 0x10, 0x1d, 0xff, 0xff, 0xff, 0xff,
    0xff, 0xff, 0xff, 0xff, 0x80, 0x0, 0x1a, 0xff,
    0xff, 0xff, 0xff, 0xfe, 0x53, 0xef, 0xa0, 0x0,
    0x0, 0x3, 0x8c, 0xef, 0xfd, 0xa5, 0x0, 0x2,
    0xa0, 0x0,

    /* U+0027 "'" */
    0xdf, 0xff, 0x9c, 0xff, 0xf8, 0xcf, 0xff, 0x8b,
    0xff, 0xf7, 0xaf, 0xff, 0x6a, 0xff, 0xf6, 0x9f,
    0xff, 0x58, 0xff, 0xf4, 0x37, 0x77, 0x20,

    /* U+0028 "(" */
    0x0, 0x0, 0x23, 0x33, 0x31, 0x0, 0x1, 0xff,
    0xff, 0xf1, 0x0, 0xa, 0xff, 0xff, 0x80, 0x0,
    0x2f, 0xff, 0xff, 0x10, 0x0, 0x8f, 0xff, 0xfa,
    0x0, 0x0, 0xef, 0xff, 0xf5, 0x0, 0x3, 0xff,
    0xff, 0xf0, 0x0, 0x7, 0xff, 0xff, 0xb0, 0x0,
    0xa, 0xff, 0xff, 0x80, 0x0, 0xe, 0xff, 0xff,
    0x50, 0x0, 0xf, 0xff, 0xff, 0x20, 0x0, 0x2f,
    0xff, 0xff, 0x0, 0x0, 0x3f, 0xff, 0xff, 0x0,
    0x0, 0x4f, 0xff, 0xff, 0x0, 0x0, 0x4f, 0xff,
    0xfe, 0x0, 0x0, 0x3f, 0xff, 0xff, 0x0, 0x0,
    0x3f, 0xff, 0xff, 0x0, 0x0, 0x2f, 0xff, 0xff,
    0x10, 0x0, 0xf, 0xff, 0xff, 0x30, 0x0, 0xd,
    0xff, 0xff, 0x60, 0x0, 0xa, 0xff, 0xff, 0x90,
    0x0, 0x7, 0xff, 0xff, 0xc0, 0x0, 0x2, 0xff,
    0xff, 0xf1, 0x0, 0x0, 0xdf, 0xff, 0xf6, 0x0,
    0x0, 0x7f, 0xff, 0xfc, 0x0, 0x0, 0x1f, 0xff,
    0xff, 0x20, 0x0, 0x8, 0xff, 0xff, 0xa0, 0x0,
    0x0, 0xef, 0xff, 0xf2,

    /* U+0029 ")" */
    0x3, 0x33, 0x33, 0x0, 0x0, 0xb, 0xff, 0xff,
    0x60, 0x0, 0x3, 0xff, 0xff, 0xe0, 0x0, 0x0,
    0xcf, 0xff, 0xf7, 0x0, 0x0, 0x5f, 0xff, 0xfd,
    0x0, 0x0, 0xf, 0xff, 0xff, 0x30, 0x0, 0xa,
    0xff, 0xff, 0x90, 0x0, 0x6, 0xff, 0xff, 0xd0,
    0x0, 0x3, 0xff, 0xff, 0xf0, 0x0, 0x0, 0xff,
    0xff, 0xf3, 0x0, 0x0, 0xdf, 0xff, 0xf6, 0x0,
    0x0, 0xbf, 0xff, 0xf7, 0x0, 0x0, 0xaf, 0xff,
    0xf8, 0x0, 0x0, 0x9f, 0xff, 0xf9, 0x0, 0x0,
    0x9f, 0xff, 0xfa, 0x0, 0x0, 0xaf, 0xff, 0xf9,
    0x0, 0x0, 0xbf, 0xff, 0xf8, 0x0, 0x0, 0xbf,
    0xff, 0xf7, 0x0, 0x0, 0xef, 0xff, 0xf5, 0x0,
    0x0, 0xff, 0xff, 0xf2, 0x0, 0x3, 0xff, 0xff,
    0xf0, 0x0, 0x7, 0xff, 0xff, 0xc0, 0x0, 0xb,
    0xff, 0xff, 0x80, 0x0, 0x1f, 0xff, 0xff, 0x20,
    0x0, 0x6f, 0xff, 0xfc, 0x0, 0x0, 0xdf, 0xff,
    0xf6, 0x0, 0x4, 0xff, 0xff, 0xd0, 0x0, 0xc,
    0xff, 0xff, 0x50, 0x0,

    /* U+002A "*" */
    0x0, 0x0, 0x3d, 0xdc, 0x0, 0x0, 0x0, 0x0,
    0x4, 0xff, 0xe0, 0x1, 0x0, 0x9, 0xd4, 0x3f,
    0xfe, 0x8, 0xf4, 0x2, 0xff, 0xfc, 0xff, 0xfd,
    0xff, 0xd0, 0x6f, 0xff, 0xff, 0xff, 0xff, 0xfe,
    0x20, 0x2b, 0xff, 0xff, 0xff, 0xf8, 0x10, 0x0,
    0x8f, 0xff, 0xff, 0xfe, 0x50, 0x5, 0xef, 0xff,
    0xff, 0xff, 0xff, 0xc2, 0x4f, 0xff, 0xef, 0xff,
    0xff, 0xfe, 0x0, 0xbf, 0x73, 0xff, 0xe1, 0xaf,
    0x50, 0x1, 0x20, 0x3f, 0xfe, 0x0, 0x40, 0x0,
    0x0, 0x4, 0xff, 0xe0, 0x0, 0x0,

    /* U+002B "+" */
    0x0, 0x0, 0x8, 0xdd, 0xd9, 0x0, 0x0, 0x0,
    0x0, 0x0, 0x9f, 0xff, 0xb0, 0x0, 0x0, 0x0,
    0x0, 0x9, 0xff, 0xfb, 0x0, 0x0, 0x0, 0x0,
    0x0, 0x9f, 0xff, 0xb0, 0x0, 0x0, 0x0, 0x0,
    0x9, 0xff, 0xfb, 0x0, 0x0, 0x6, 0xff, 0xff,
    0xff, 0xff, 0xff, 0xff, 0xf6, 0x6f, 0xff, 0xff,
    0xff, 0xff, 0xff, 0xff, 0x66, 0xff, 0xff, 0xff,
    0xff, 0xff, 0xff, 0xf6, 0x6f, 0xff, 0xff, 0xff,
    0xff, 0xff, 0xff, 0x61, 0x33, 0x33, 0xbf, 0xff,
    0xc3, 0x33, 0x31, 0x0, 0x0, 0x9, 0xff, 0xfb,
    0x0, 0x0, 0x0, 0x0, 0x0, 0x9f, 0xff, 0xb0,
    0x0, 0x0, 0x0, 0x0, 0x9, 0xff, 0xfb, 0x0,
    0x0, 0x0, 0x0, 0x0, 0x9f, 0xff, 0xb0, 0x0,
    0x0,

    /* U+002C "," */
    0x0, 0x7c, 0xb6, 0x0, 0x9, 0xff, 0xff, 0x80,
    0x1f, 0xff, 0xff, 0xf0, 0x2f, 0xff, 0xff, 0xf1,
    0xf, 0xff, 0xff, 0xf0, 0x7, 0xff, 0xff, 0xb0,
    0x0, 0xbf, 0xff, 0x50, 0x0, 0xef, 0xfe, 0x0,
    0x2, 0xff, 0xf7, 0x0, 0x7, 0xff, 0xf1, 0x0,
    0xb, 0xff, 0xa0, 0x0,

    /* U+002D "-" */
    0x24, 0x44, 0x44, 0x44, 0x2a, 0xff, 0xff, 0xff,
    0xf8, 0xaf, 0xff, 0xff, 0xff, 0x8a, 0xff, 0xff,
    0xff, 0xf8, 0xaf, 0xff, 0xff, 0xff, 0x80,

    /* U+002E "." */
    0x0, 0x27, 0x72, 0x0, 0x6, 0xff, 0xff, 0x40,
    0xf, 0xff, 0xff, 0xe0, 0x3f, 0xff, 0xff, 0xf1,
    0x1f, 0xff, 0xff, 0xf0, 0xb, 0xff, 0xff, 0x90,
    0x1, 0x9e, 0xe8, 0x0,

    /* U+002F "/" */
    0x0, 0x0, 0x0, 0x0, 0x0, 0x78, 0x88, 0x60,
    0x0, 0x0, 0x0, 0x0, 0x2f, 0xff, 0xf9, 0x0,
    0x0, 0x0, 0x0, 0x7, 0xff, 0xff, 0x40, 0x0,
    0x0, 0x0, 0x0, 0xcf, 0xff, 0xe0, 0x0, 0x0,
    0x0, 0x0, 0x2f, 0xff, 0xf9, 0x0, 0x0, 0x0,
    0x0, 0x7, 0xff, 0xff, 0x40, 0x0, 0x0, 0x0,
    0x0, 0xdf, 0xff, 0xe0, 0x0, 0x0, 0x0, 0x0,
    0x2f, 0xff, 0xf9, 0x0, 0x0, 0x0, 0x0, 0x7,
    0xff, 0xff, 0x40, 0x0, 0x0, 0x0, 0x0, 0xdf,
    0xff, 0xe0, 0x0, 0x0, 0x0, 0x0, 0x2f, 0xff,
    0xf9, 0x0, 0x0, 0x0, 0x0, 0x7, 0xff, 0xff,
    0x30, 0x0, 0x0, 0x0, 0x0, 0xdf, 0xff, 0xe0,
    0x0, 0x0, 0x0, 0x0, 0x2f, 0xff, 0xf9, 0x0,
    0x0, 0x0, 0x0, 0x8, 0xff, 0xff, 0x30, 0x0,
    0x0, 0x0, 0x0, 0xdf, 0xff, 0xe0, 0x0, 0x0,
    0x0, 0x0, 0x2f, 0xff, 0xf9, 0x0, 0x0, 0x0,
    0x0, 0x8, 0xff, 0xff, 0x30, 0x0, 0x0, 0x0,
    0x0, 0xdf, 0xff, 0xe0, 0x0, 0x0, 0x0, 0x0,
    0x2f, 0xff, 0xf8, 0x0, 0x0, 0x0, 0x0, 0x8,
    0xff, 0xff, 0x30, 0x0, 0x0, 0x0, 0x0, 0xdf,
    0xff, 0xe0, 0x0, 0x0, 0x0, 0x0, 0x3f, 0xff,
    0xf8, 0x0, 0x0, 0x0, 0x0, 0x8, 0xff, 0xff,
    0x30, 0x0, 0x0, 0x0, 0x0, 0xdf, 0xff, 0xd0,
    0x0, 0x0, 0x0, 0x0, 0x3f, 0xff, 0xf8, 0x0,
    0x0, 0x0, 0x0, 0x8, 0xff, 0xff, 0x30, 0x0,
    0x0, 0x0, 0x0, 0xdf, 0xff, 0xd0, 0x0, 0x0,
    0x0, 0x0,

    /* U+0030 "0" */
    0x0, 0x0, 0x1, 0x7c, 0xef, 0xfc, 0x81, 0x0,
    0x0, 0x0, 0x0, 0x6, 0xff, 0xff, 0xff, 0xff,
    0xf7, 0x0, 0x0, 0x0, 0x7, 0xff, 0xff, 0xff,
    0xff, 0xff, 0xfa, 0x0, 0x0, 0x4, 0xff, 0xff,
    0xff, 0xff, 0xff, 0xff, 0xf7, 0x0, 0x0, 0xdf,
    0xff, 0xff, 0xeb, 0xef, 0xff, 0xff, 0xf1, 0x0,
    0x5f, 0xff, 0xff, 0xb0, 0x0, 0x9f, 0xff, 0xff,
    0x70, 0xa, 0xff, 0xff, 0xf1, 0x0, 0x0, 0xef,
    0xff, 0xfc, 0x0, 0xdf, 0xff, 0xfc, 0x0, 0x0,
    0x9, 0xff, 0xff, 0xf0, 0xf, 0xff, 0xff, 0x90,
    0x0, 0x0, 0x6f, 0xff, 0xff, 0x20, 0xff, 0xff,
    0xf8, 0x0, 0x0, 0x5, 0xff, 0xff, 0xf3, 0xf,
    0xff, 0xff, 0x80, 0x0, 0x0, 0x5f, 0xff, 0xff,
    0x30, 0xff, 0xff, 0xf9, 0x0, 0x0, 0x6, 0xff,
    0xff, 0xf2, 0xd, 0xff, 0xff, 0xc0, 0x0, 0x0,
    0x9f, 0xff, 0xff, 0x0, 0xaf, 0xff, 0xff, 0x10,
    0x0, 0xe, 0xff, 0xff, 0xc0, 0x5, 0xff, 0xff,
    0xfb, 0x0, 0x9, 0xff, 0xff, 0xf7, 0x0, 0xd,
    0xff, 0xff, 0xfe, 0xbe, 0xff, 0xff, 0xff, 0x10,
    0x0, 0x4f, 0xff, 0xff, 0xff, 0xff, 0xff, 0xff,
    0x70, 0x0, 0x0, 0x7f, 0xff, 0xff, 0xff, 0xff,
    0xff, 0xa0, 0x0, 0x0, 0x0, 0x6f, 0xff, 0xff,
    0xff, 0xff, 0x70, 0x0, 0x0, 0x0, 0x0, 0x17,
    0xce, 0xff, 0xc8, 0x10, 0x0, 0x0,

    /* U+0031 "1" */
    0xdf, 0xff, 0xff, 0xff, 0xf5, 0xdf, 0xff, 0xff,
    0xff, 0xf5, 0xdf, 0xff, 0xff, 0xff, 0xf5, 0xdf,
    0xff, 0xff, 0xff, 0xf5, 0x57, 0x78, 0xff, 0xff,
    0xf5, 0x0, 0x3, 0xff, 0xff, 0xf5, 0x0, 0x3,
    0xff, 0xff, 0xf5, 0x0, 0x3, 0xff, 0xff, 0xf5,
    0x0, 0x3, 0xff, 0xff, 0xf5, 0x0, 0x3, 0xff,
    0xff, 0xf5, 0x0, 0x3, 0xff, 0xff, 0xf5, 0x0,
    0x3, 0xff, 0xff, 0xf5, 0x0, 0x3, 0xff, 0xff,
    0xf5, 0x0, 0x3, 0xff, 0xff, 0xf5, 0x0, 0x3,
    0xff, 0xff, 0xf5, 0x0, 0x3, 0xff, 0xff, 0xf5,
    0x0, 0x3, 0xff, 0xff, 0xf5, 0x0, 0x3, 0xff,
    0xff, 0xf5, 0x0, 0x3, 0xff, 0xff, 0xf5, 0x0,
    0x3, 0xff, 0xff, 0xf5,

    /* U+0032 "2" */
    0x0, 0x0, 0x17, 0xbe, 0xff, 0xdb, 0x60, 0x0,
    0x0, 0x0, 0x7, 0xff, 0xff, 0xff, 0xff, 0xfe,
    0x50, 0x0, 0x0, 0xbf, 0xff, 0xff, 0xff, 0xff,
    0xff, 0xf5, 0x0, 0x9, 0xff, 0xff, 0xff, 0xff,
    0xff, 0xff, 0xfe, 0x0, 0x9, 0xff, 0xff, 0xfc,
    0xac, 0xff, 0xff, 0xff, 0x50, 0x0, 0x2b, 0xfc,
    0x20, 0x0, 0x7f, 0xff, 0xff, 0x80, 0x0, 0x0,
    0x31, 0x0, 0x0, 0x1f, 0xff, 0xff, 0x70, 0x0,
    0x0, 0x0, 0x0, 0x0, 0x3f, 0xff, 0xff, 0x50,
    0x0, 0x0, 0x0, 0x0, 0x0, 0xbf, 0xff, 0xff,
    0x10, 0x0, 0x0, 0x0, 0x0, 0x9, 0xff, 0xff,
    0xf7, 0x0, 0x0, 0x0, 0x0, 0x0, 0xaf, 0xff,
    0xff, 0xb0, 0x0, 0x0, 0x0, 0x0, 0xb, 0xff,
    0xff, 0xfb, 0x0, 0x0, 0x0, 0x0, 0x1, 0xcf,
    0xff, 0xff, 0xb0, 0x0, 0x0, 0x0, 0x0, 0x2d,
    0xff, 0xff, 0xfa, 0x0, 0x0, 0x0, 0x0, 0x2,
    0xef, 0xff, 0xff, 0x80, 0x0, 0x0, 0x0, 0x0,
    0x3f, 0xff, 0xff, 0xfe, 0x99, 0x99, 0x99, 0x90,
    0x1, 0xff, 0xff, 0xff, 0xff, 0xff, 0xff, 0xff,
    0xf1, 0x2, 0xff, 0xff, 0xff, 0xff, 0xff, 0xff,
    0xff, 0xf1, 0x2, 0xff, 0xff, 0xff, 0xff, 0xff,
    0xff, 0xff, 0xf1, 0x2, 0xff, 0xff, 0xff, 0xff,
    0xff, 0xff, 0xff, 0xf1,

    /* U+0033 "3" */
    0x1, 0xff, 0xff, 0xff, 0xff, 0xff, 0xff, 0xff,
    0x10, 0x1, 0xff, 0xff, 0xff, 0xff, 0xff, 0xff,
    0xff, 0x10, 0x1, 0xff, 0xff, 0xff, 0xff, 0xff,
    0xff, 0xff, 0x10, 0x1, 0xff, 0xff, 0xff, 0xff,
    0xff, 0xff, 0xff, 0x0, 0x0, 0x77, 0x77, 0x77,
    0x7d, 0xff, 0xff, 0xf3, 0x0, 0x0, 0x0, 0x0,
    0x0, 0x6f, 0xff, 0xff, 0x40, 0x0, 0x0, 0x0,
    0x0, 0x5, 0xff, 0xff, 0xf5, 0x0, 0x0, 0x0,
    0x0, 0x0, 0x5f, 0xff, 0xff, 0x60, 0x0, 0x0,
    0x0, 0x0, 0x0, 0xdf, 0xff, 0xff, 0xfa, 0x20,
    0x0, 0x0, 0x0, 0x0, 0xef, 0xff, 0xff, 0xff,
    0xf5, 0x0, 0x0, 0x0, 0x0, 0xef, 0xff, 0xff,
    0xff, 0xff, 0x30, 0x0, 0x0, 0x0, 0x78, 0x89,
    0xef, 0xff, 0xff, 0xa0, 0x0, 0x0, 0x0, 0x0,
    0x0, 0xd, 0xff, 0xff, 0xf0, 0x0, 0x0, 0x0,
    0x0, 0x0, 0xa, 0xff, 0xff, 0xf0, 0x0, 0x7d,
    0x61, 0x0, 0x0, 0x2e, 0xff, 0xff, 0xe0, 0x0,
    0xef, 0xff, 0xdb, 0xac, 0xff, 0xff, 0xff, 0xa0,
    0x6, 0xff, 0xff, 0xff, 0xff, 0xff, 0xff, 0xff,
    0x20, 0xd, 0xff, 0xff, 0xff, 0xff, 0xff, 0xff,
    0xf6, 0x0, 0x5, 0xcf, 0xff, 0xff, 0xff, 0xff,
    0xfe, 0x40, 0x0, 0x0, 0x2, 0x7b, 0xdf, 0xff,
    0xda, 0x60, 0x0, 0x0,

    /* U+0034 "4" */
    0x0, 0x0, 0x0, 0x0, 0xc, 0xff, 0xff, 0xe0,
    0x0, 0x0, 0x0, 0x0, 0x0, 0x0, 0x8f, 0xff,
    0xff, 0x30, 0x0, 0x0, 0x0, 0x0, 0x0, 0x4,
    0xff, 0xff, 0xf8, 0x0, 0x0, 0x0, 0x0, 0x0,
    0x0, 0x1e, 0xff, 0xff, 0xd0, 0x0, 0x0, 0x0,
    0x0, 0x0, 0x0, 0xaf, 0xff, 0xff, 0x20, 0x0,
    0x0, 0x0, 0x0, 0x0, 0x6, 0xff, 0xff, 0xf7,
    0x0, 0x0, 0x0, 0x0, 0x0, 0x0, 0x2f, 0xff,
    0xff, 0xb0, 0x0, 0x0, 0x0, 0x0, 0x0, 0x0,
    0xcf, 0xff, 0xff, 0x10, 0x0, 0x0, 0x0, 0x0,
    0x0, 0x8, 0xff, 0xff, 0xf5, 0xa, 0xee, 0xee,
    0x70, 0x0, 0x0, 0x4f, 0xff, 0xff, 0xa0, 0xb,
    0xff, 0xff, 0x80, 0x0, 0x1, 0xef, 0xff, 0xfe,
    0x10, 0xb, 0xff, 0xff, 0x80, 0x0, 0xb, 0xff,
    0xff, 0xfc, 0x99, 0x9e, 0xff, 0xff, 0xc9, 0x93,
    0x3f, 0xff, 0xff, 0xff, 0xff, 0xff, 0xff, 0xff,
    0xff, 0xf7, 0x4f, 0xff, 0xff, 0xff, 0xff, 0xff,
    0xff, 0xff, 0xff, 0xf7, 0x4f, 0xff, 0xff, 0xff,
    0xff, 0xff, 0xff, 0xff, 0xff, 0xf7, 0x4f, 0xff,
    0xff, 0xff, 0xff, 0xff, 0xff, 0xff, 0xff, 0xf7,
    0x0, 0x0, 0x0, 0x0, 0x0, 0xe, 0xff, 0xff,
    0x80, 0x0, 0x0, 0x0, 0x0, 0x0, 0x0, 0xe,
    0xff, 0xff, 0x80, 0x0, 0x0, 0x0, 0x0, 0x0,
    0x0, 0xe, 0xff, 0xff, 0x80, 0x0, 0x0, 0x0,
    0x0, 0x0, 0x0, 0xe, 0xff, 0xff, 0x80, 0x0,

    /* U+0035 "5" */
    0x0, 0x6f, 0xff, 0xff, 0xff, 0xff, 0xff, 0xf2,
    0x0, 0x8, 0xff, 0xff, 0xff, 0xff, 0xff, 0xff,
    0x20, 0x0, 0x9f, 0xff, 0xff, 0xff, 0xff, 0xff,
    0xf2, 0x0, 0xa, 0xff, 0xff, 0xff, 0xff, 0xff,
    0xff, 0x20, 0x0, 0xcf, 0xff, 0xf8, 0x77, 0x77,
    0x77, 0x70, 0x0, 0xd, 0xff, 0xff, 0x10, 0x0,
    0x0, 0x0, 0x0, 0x0, 0xff, 0xff, 0xf7, 0x76,
    0x41, 0x0, 0x0, 0x0, 0xf, 0xff, 0xff, 0xff,
    0xff, 0xfc, 0x40, 0x0, 0x2, 0xff, 0xff, 0xff,
    0xff, 0xff, 0xff, 0x80, 0x0, 0x3f, 0xff, 0xff,
    0xff, 0xff, 0xff, 0xff, 0x50, 0x4, 0xff, 0xff,
    0xff, 0xff, 0xff, 0xff, 0xfd, 0x0, 0x0, 0x0,
    0x0, 0x1, 0x5e, 0xff, 0xff, 0xf2, 0x0, 0x0,
    0x0, 0x0, 0x0, 0x6f, 0xff, 0xff, 0x40, 0x2,
    0x0, 0x0, 0x0, 0x4, 0xff, 0xff, 0xf4, 0x3,
    0xfa, 0x30, 0x0, 0x1, 0xcf, 0xff, 0xff, 0x20,
    0xaf, 0xff, 0xeb, 0xab, 0xff, 0xff, 0xff, 0xd0,
    0x1f, 0xff, 0xff, 0xff, 0xff, 0xff, 0xff, 0xf5,
    0x8, 0xff, 0xff, 0xff, 0xff, 0xff, 0xff, 0xf9,
    0x0, 0x2a, 0xff, 0xff, 0xff, 0xff, 0xff, 0xf7,
    0x0, 0x0, 0x1, 0x6a, 0xde, 0xff, 0xeb, 0x71,
    0x0, 0x0,

    /* U+0036 "6" */
    0x0, 0x0, 0x0, 0x16, 0xad, 0xff, 0xec, 0x94,
    0x0, 0x0, 0x0, 0x8, 0xff, 0xff, 0xff, 0xff,
    0xff, 0xd0, 0x0, 0x1, 0xcf, 0xff, 0xff, 0xff,
    0xff, 0xff, 0x90, 0x0, 0xc, 0xff, 0xff, 0xff,
    0xff, 0xff, 0xff, 0x10, 0x0, 0x8f, 0xff, 0xff,
    0xfd, 0xa9, 0xac, 0xf8, 0x0, 0x1, 0xff, 0xff,
    0xfe, 0x50, 0x0, 0x0, 0x10, 0x0, 0x7, 0xff,
    0xff, 0xf3, 0x0, 0x11, 0x0, 0x0, 0x0, 0xb,
    0xff, 0xff, 0xc4, 0xbf, 0xff, 0xfa, 0x30, 0x0,
    0xe, 0xff, 0xff, 0xef, 0xff, 0xff, 0xff, 0xf8,
    0x0, 0xf, 0xff, 0xff, 0xff, 0xff, 0xff, 0xff,
    0xff, 0x70, 0xf, 0xff, 0xff, 0xff, 0xff, 0xff,
    0xff, 0xff, 0xf1, 0xf, 0xff, 0xff, 0xfd, 0x40,
    0x2a, 0xff, 0xff, 0xf7, 0xe, 0xff, 0xff, 0xf2,
    0x0, 0x0, 0xdf, 0xff, 0xfa, 0xb, 0xff, 0xff,
    0xf0, 0x0, 0x0, 0xbf, 0xff, 0xfb, 0x7, 0xff,
    0xff, 0xf3, 0x0, 0x0, 0xef, 0xff, 0xf9, 0x1,
    0xff, 0xff, 0xfd, 0x52, 0x3b, 0xff, 0xff, 0xf5,
    0x0, 0x7f, 0xff, 0xff, 0xff, 0xff, 0xff, 0xff,
    0xd0, 0x0, 0xa, 0xff, 0xff, 0xff, 0xff, 0xff,
    0xfe, 0x20, 0x0, 0x0, 0x7f, 0xff, 0xff, 0xff,
    0xff, 0xc2, 0x0, 0x0, 0x0, 0x1, 0x7b, 0xef,
    0xfd, 0xa4, 0x0, 0x0,

    /* U+0037 "7" */
    0x5f, 0xff, 0xff, 0xff, 0xff, 0xff, 0xff, 0xff,
    0xe5, 0xff, 0xff, 0xff, 0xff, 0xff, 0xff, 0xff,
    0xfe, 0x5f, 0xff, 0xff, 0xff, 0xff, 0xff, 0xff,
    0xff, 0xe5, 0xff, 0xff, 0xff, 0xff, 0xff, 0xff,
    0xff, 0xfd, 0x5f, 0xff, 0xfb, 0x88, 0x88, 0xcf,
    0xff, 0xff, 0x85, 0xff, 0xff, 0x60, 0x0, 0xd,
    0xff, 0xff, 0xf1, 0x5f, 0xff, 0xf6, 0x0, 0x4,
    0xff, 0xff, 0xfa, 0x3, 0xaa, 0xaa, 0x30, 0x0,
    0xbf, 0xff, 0xff, 0x30, 0x0, 0x0, 0x0, 0x0,
    0x2f, 0xff, 0xff, 0xd0, 0x0, 0x0, 0x0, 0x0,
    0x9, 0xff, 0xff, 0xf6, 0x0, 0x0, 0x0, 0x0,
    0x0, 0xff, 0xff, 0xfe, 0x0, 0x0, 0x0, 0x0,
    0x0, 0x6f, 0xff, 0xff, 0x80, 0x0, 0x0, 0x0,
    0x0, 0xd, 0xff, 0xff, 0xf2, 0x0, 0x0, 0x0,
    0x0, 0x4, 0xff, 0xff, 0xfb, 0x0, 0x0, 0x0,
    0x0, 0x0, 0xbf, 0xff, 0xff, 0x40, 0x0, 0x0,
    0x0, 0x0, 0x2f, 0xff, 0xff, 0xd0, 0x0, 0x0,
    0x0, 0x0, 0x9, 0xff, 0xff, 0xf7, 0x0, 0x0,
    0x0, 0x0, 0x0, 0xff, 0xff, 0xff, 0x10, 0x0,
    0x0, 0x0, 0x0, 0x6f, 0xff, 0xff, 0x90, 0x0,
    0x0, 0x0, 0x0, 0xd, 0xff, 0xff, 0xf2, 0x0,
    0x0, 0x0,

    /* U+0038 "8" */
    0x0, 0x0, 0x6, 0xad, 0xef, 0xed, 0x94, 0x0,
    0x0, 0x0, 0x5, 0xef, 0xff, 0xff, 0xff, 0xff,
    0xd2, 0x0, 0x0, 0x6f, 0xff, 0xff, 0xff, 0xff,
    0xff, 0xff, 0x20, 0x1, 0xff, 0xff, 0xff, 0xff,
    0xff, 0xff, 0xff, 0xb0, 0x5, 0xff, 0xff, 0xfa,
    0x21, 0x3d, 0xff, 0xff, 0xf0, 0x6, 0xff, 0xff,
    0xf1, 0x0, 0x5, 0xff, 0xff, 0xf2, 0x4, 0xff,
    0xff, 0xf6, 0x0, 0xa, 0xff, 0xff, 0xf0, 0x0,
    0xcf, 0xff, 0xff, 0xdc, 0xef, 0xff, 0xff, 0x80,
    0x0, 0x1d, 0xff, 0xff, 0xff, 0xff, 0xff, 0xfa,
    0x0, 0x0, 0x3d, 0xff, 0xff, 0xff, 0xff, 0xff,
    0xfb, 0x10, 0x2, 0xef, 0xff, 0xff, 0xff, 0xff,
    0xff, 0xff, 0xb0, 0xa, 0xff, 0xff, 0xf8, 0x20,
    0x3b, 0xff, 0xff, 0xf5, 0xf, 0xff, 0xff, 0xa0,
    0x0, 0x0, 0xef, 0xff, 0xfb, 0x2f, 0xff, 0xff,
    0x70, 0x0, 0x0, 0xcf, 0xff, 0xfd, 0x1f, 0xff,
    0xff, 0xa0, 0x0, 0x0, 0xef, 0xff, 0xfc, 0xd,
    0xff, 0xff, 0xf8, 0x21, 0x3b, 0xff, 0xff, 0xf8,
    0x6, 0xff, 0xff, 0xff, 0xff, 0xff, 0xff, 0xff,
    0xf2, 0x0, 0x9f, 0xff, 0xff, 0xff, 0xff, 0xff,
    0xff, 0x50, 0x0, 0x7, 0xef, 0xff, 0xff, 0xff,
    0xff, 0xd4, 0x0, 0x0, 0x0, 0x16, 0xad, 0xef,
    0xed, 0x95, 0x0, 0x0,

    /* U+0039 "9" */
    0x0, 0x0, 0x49, 0xdf, 0xfe, 0xc7, 0x10, 0x0,
    0x0, 0x0, 0x2c, 0xff, 0xff, 0xff, 0xff, 0xf8,
    0x0, 0x0, 0x2, 0xef, 0xff, 0xff, 0xff, 0xff,
    0xff, 0xb0, 0x0, 0xd, 0xff, 0xff, 0xff, 0xff,
    0xff, 0xff, 0xf9, 0x0, 0x4f, 0xff, 0xff, 0xb3,
    0x23, 0xbf, 0xff, 0xff, 0x20, 0x7f, 0xff, 0xff,
    0x0, 0x0, 0xe, 0xff, 0xff, 0x90, 0x8f, 0xff,
    0xfe, 0x0, 0x0, 0xe, 0xff, 0xff, 0xe0, 0x6f,
    0xff, 0xff, 0xa2, 0x2, 0xaf, 0xff, 0xff, 0xf1,
    0x1f, 0xff, 0xff, 0xff, 0xff, 0xff, 0xff, 0xff,
    0xf2, 0x7, 0xff, 0xff, 0xff, 0xff, 0xff, 0xff,
    0xff, 0xf3, 0x0, 0x8f, 0xff, 0xff, 0xff, 0xfe,
    0xff, 0xff, 0xf2, 0x0, 0x3, 0xae, 0xff, 0xfc,
    0x58, 0xff, 0xff, 0xf1, 0x0, 0x0, 0x0, 0x1,
    0x0, 0xd, 0xff, 0xff, 0xe0, 0x0, 0x0, 0x0,
    0x0, 0x0, 0x5f, 0xff, 0xff, 0x90, 0x0, 0x15,
    0x0, 0x0, 0x5, 0xff, 0xff, 0xff, 0x30, 0x0,
    0x8f, 0xeb, 0x9a, 0xdf, 0xff, 0xff, 0xfb, 0x0,
    0x0, 0xef, 0xff, 0xff, 0xff, 0xff, 0xff, 0xe1,
    0x0, 0x7, 0xff, 0xff, 0xff, 0xff, 0xff, 0xfd,
    0x20, 0x0, 0xa, 0xff, 0xff, 0xff, 0xff, 0xff,
    0x91, 0x0, 0x0, 0x0, 0x38, 0xce, 0xff, 0xeb,
    0x71, 0x0, 0x0, 0x0,

    /* U+003A ":" */
    0x1, 0x9e, 0xe9, 0x0, 0xb, 0xff, 0xff, 0xa0,
    0x1f, 0xff, 0xff, 0xf0, 0x3f, 0xff, 0xff, 0xf1,
    0xf, 0xff, 0xff, 0xd0, 0x5, 0xff, 0xff, 0x40,
    0x0, 0x27, 0x62, 0x0, 0x0, 0x0, 0x0, 0x0,
    0x0, 0x0, 0x0, 0x0, 0x0, 0x27, 0x72, 0x0,
    0x6, 0xff, 0xff, 0x40, 0xf, 0xff, 0xff, 0xe0,
    0x3f, 0xff, 0xff, 0xf1, 0x1f, 0xff, 0xff, 0xf0,
    0xb, 0xff, 0xff, 0x90, 0x1, 0x9e, 0xe8, 0x0,

    /* U+003B ";" */
    0x1, 0x9e, 0xe9, 0x0, 0xb, 0xff, 0xff, 0xa0,
    0x1f, 0xff, 0xff, 0xf0, 0x3f, 0xff, 0xff, 0xf1,
    0xf, 0xff, 0xff, 0xd0, 0x5, 0xff, 0xff, 0x40,
    0x0, 0x27, 0x62, 0x0, 0x0, 0x0, 0x0, 0x0,
    0x0, 0x0, 0x0, 0x0, 0x0, 0x0, 0x0, 0x0,
    0x1, 0x9e, 0xe9, 0x0, 0xb, 0xff, 0xff, 0xa0,
    0x1f, 0xff, 0xff, 0xf0, 0x2f, 0xff, 0xff, 0xf1,
    0xf, 0xff, 0xff, 0xf0, 0x5, 0xff, 0xff, 0xa0,
    0x0, 0xaf, 0xff, 0x40, 0x0, 0xef, 0xfd, 0x0,
    0x3, 0xff, 0xf6, 0x0, 0x8, 0xff, 0xf0, 0x0,
    0xa, 0xdd, 0x80, 0x0,

    /* U+003C "<" */
    0x0, 0x0, 0x0, 0x0, 0x0, 0x0, 0x5, 0x40,
    0x0, 0x0, 0x0, 0x0, 0x2, 0x9e, 0xf6, 0x0,
    0x0, 0x0, 0x1, 0x6c, 0xff, 0xff, 0x60, 0x0,
    0x0, 0x4a, 0xff, 0xff, 0xff, 0xf6, 0x0, 0x28,
    0xef, 0xff, 0xff, 0xff, 0xfe, 0x42, 0xbf, 0xff,
    0xff, 0xff, 0xff, 0xa4, 0x0, 0x6f, 0xff, 0xff,
    0xff, 0xb5, 0x0, 0x0, 0x6, 0xff, 0xff, 0xe7,
    0x10, 0x0, 0x0, 0x0, 0x6f, 0xff, 0xff, 0xc6,
    0x10, 0x0, 0x0, 0x6, 0xff, 0xff, 0xff, 0xff,
    0xb5, 0x0, 0x0, 0x6, 0xcf, 0xff, 0xff, 0xff,
    0xfe, 0x93, 0x0, 0x0, 0x28, 0xef, 0xff, 0xff,
    0xff, 0xf6, 0x0, 0x0, 0x0, 0x5b, 0xff, 0xff,
    0xff, 0x60, 0x0, 0x0, 0x0, 0x1, 0x7d, 0xff,
    0xf6, 0x0, 0x0, 0x0, 0x0, 0x0, 0x3, 0x9f,
    0x60, 0x0, 0x0, 0x0, 0x0, 0x0, 0x0, 0x1,

    /* U+003D "=" */
    0x6f, 0xff, 0xff, 0xff, 0xff, 0xff, 0xff, 0x66,
    0xff, 0xff, 0xff, 0xff, 0xff, 0xff, 0xf6, 0x6f,
    0xff, 0xff, 0xff, 0xff, 0xff, 0xff, 0x66, 0xff,
    0xff, 0xff, 0xff, 0xff, 0xff, 0xf6, 0x13, 0x33,
    0x33, 0x33, 0x33, 0x33, 0x33, 0x10, 0x0, 0x0,
    0x0, 0x0, 0x0, 0x0, 0x0, 0x0, 0x0, 0x0,
    0x0, 0x0, 0x0, 0x0, 0x6, 0xff, 0xff, 0xff,
    0xff, 0xff, 0xff, 0xf6, 0x6f, 0xff, 0xff, 0xff,
    0xff, 0xff, 0xff, 0x66, 0xff, 0xff, 0xff, 0xff,
    0xff, 0xff, 0xf6, 0x6f, 0xff, 0xff, 0xff, 0xff,
    0xff, 0xff, 0x61, 0x33, 0x33, 0x33, 0x33, 0x33,
    0x33, 0x31,

    /* U+003E ">" */
    0x35, 0x0, 0x0, 0x0, 0x0, 0x0, 0x0, 0x6,
    0xfe, 0x93, 0x0, 0x0, 0x0, 0x0, 0x0, 0x6f,
    0xff, 0xfd, 0x71, 0x0, 0x0, 0x0, 0x6, 0xff,
    0xff, 0xff, 0xfa, 0x40, 0x0, 0x0, 0x3d, 0xff,
    0xff, 0xff, 0xff, 0xe8, 0x20, 0x0, 0x3, 0x9e,
    0xff, 0xff, 0xff, 0xff, 0xc3, 0x0, 0x0, 0x5,
    0xbf, 0xff, 0xff, 0xff, 0x60, 0x0, 0x0, 0x0,
    0x16, 0xef, 0xff, 0xf6, 0x0, 0x0, 0x0, 0x16,
    0xcf, 0xff, 0xff, 0x60, 0x0, 0x4, 0xaf, 0xff,
    0xff, 0xff, 0xf6, 0x3, 0x9e, 0xff, 0xff, 0xff,
    0xff, 0xc6, 0x5, 0xff, 0xff, 0xff, 0xff, 0xe9,
    0x20, 0x0, 0x6f, 0xff, 0xff, 0xfb, 0x50, 0x0,
    0x0, 0x6, 0xff, 0xfd, 0x71, 0x0, 0x0, 0x0,
    0x0, 0x6f, 0xa4, 0x0, 0x0, 0x0, 0x0, 0x0,
    0x1, 0x0, 0x0, 0x0, 0x0, 0x0, 0x0, 0x0,

    /* U+003F "?" */
    0x0, 0x0, 0x17, 0xbe, 0xff, 0xec, 0x82, 0x0,
    0x0, 0x0, 0x7f, 0xff, 0xff, 0xff, 0xff, 0xf9,
    0x0, 0x0, 0xbf, 0xff, 0xff, 0xff, 0xff, 0xff,
    0xfa, 0x0, 0x9f, 0xff, 0xff, 0xff, 0xff, 0xff,
    0xff, 0xf3, 0xa, 0xff, 0xff, 0xfa, 0x8b, 0xff,
    0xff, 0xff, 0x60, 0x2, 0xaf, 0xb1, 0x0, 0x5,
    0xff, 0xff, 0xf7, 0x0, 0x0, 0x30, 0x0, 0x0,
    0x2f, 0xff, 0xff, 0x40, 0x0, 0x0, 0x0, 0x0,
    0xa, 0xff, 0xff, 0xd0, 0x0, 0x0, 0x0, 0x0,
    0xa, 0xff, 0xff, 0xf2, 0x0, 0x0, 0x0, 0x0,
    0xb, 0xff, 0xff, 0xe3, 0x0, 0x0, 0x0, 0x0,
    0x7, 0xff, 0xff, 0xe2, 0x0, 0x0, 0x0, 0x0,
    0x0, 0xef, 0xff, 0xf3, 0x0, 0x0, 0x0, 0x0,
    0x0, 0x7, 0x77, 0x77, 0x0, 0x0, 0x0, 0x0,
    0x0, 0x0, 0x0, 0x0, 0x0, 0x0, 0x0, 0x0,
    0x0, 0x0, 0x6, 0xef, 0xd4, 0x0, 0x0, 0x0,
    0x0, 0x0, 0x5, 0xff, 0xff, 0xf3, 0x0, 0x0,
    0x0, 0x0, 0x0, 0xaf, 0xff, 0xff, 0x80, 0x0,
    0x0, 0x0, 0x0, 0xa, 0xff, 0xff, 0xf8, 0x0,
    0x0, 0x0, 0x0, 0x0, 0x4f, 0xff, 0xff, 0x20,
    0x0, 0x0, 0x0, 0x0, 0x0, 0x5d, 0xfc, 0x30,
    0x0, 0x0,

    /* U+0040 "@" */
    0x0, 0x0, 0x0, 0x0, 0x2, 0x6a, 0xde, 0xfe,
    0xdc, 0x83, 0x0, 0x0, 0x0, 0x0, 0x0, 0x0,
    0x0, 0x0, 0x3b, 0xff, 0xff, 0xff, 0xff, 0xff,
    0xfe, 0x60, 0x0, 0x0, 0x0, 0x0, 0x0, 0x0,
    0xaf, 0xff, 0xff, 0xff, 0xff, 0xff, 0xff, 0xff,
    0xd3, 0x0, 0x0, 0x0, 0x0, 0x2, 0xdf, 0xff,
    0xff, 0xa7, 0x44, 0x45, 0x8c, 0xff, 0xff, 0xf5,
    0x0, 0x0, 0x0, 0x1, 0xdf, 0xff, 0xf8, 0x10,
    0x0, 0x0, 0x0, 0x2, 0xbf, 0xff, 0xf4, 0x0,
    0x0, 0x0, 0xcf, 0xff, 0xe3, 0x0, 0x0, 0x0,
    0x0, 0x0, 0x0, 0x6f, 0xff, 0xf1, 0x0, 0x0,
    0x5f, 0xff, 0xe2, 0x0, 0x4b, 0xef, 0xd8, 0xd,
    0xff, 0xfb, 0x6f, 0xff, 0xa0, 0x0, 0xd, 0xff,
    0xf4, 0x0, 0x9f, 0xff, 0xff, 0xfd, 0xef, 0xff,
    0xb0, 0x9f, 0xff, 0x20, 0x4, 0xff, 0xfa, 0x0,
    0x8f, 0xff, 0xff, 0xff, 0xff, 0xff, 0xfb, 0x1,
    0xff, 0xf7, 0x0, 0x9f, 0xff, 0x40, 0x2f, 0xff,
    0xff, 0xff, 0xff, 0xff, 0xff, 0xb0, 0xa, 0xff,
    0xc0, 0xd, 0xff, 0xf0, 0x9, 0xff, 0xff, 0xc2,
    0x3, 0xdf, 0xff, 0xfb, 0x0, 0x7f, 0xfe, 0x0,
    0xef, 0xfc, 0x0, 0xcf, 0xff, 0xf1, 0x0, 0x2,
    0xff, 0xff, 0xb0, 0x5, 0xff, 0xf0, 0xf, 0xff,
    0xb0, 0xe, 0xff, 0xfc, 0x0, 0x0, 0xd, 0xff,
    0xfb, 0x0, 0x4f, 0xff, 0x0, 0xff, 0xfb, 0x0,
    0xef, 0xff, 0xc0, 0x0, 0x0, 0xdf, 0xff, 0xb0,
    0x5, 0xff, 0xf0, 0xe, 0xff, 0xc0, 0xc, 0xff,
    0xfe, 0x0, 0x0, 0x1f, 0xff, 0xfb, 0x0, 0x8f,
    0xfd, 0x0, 0xcf, 0xff, 0x0, 0x9f, 0xff, 0xf9,
    0x0, 0xa, 0xff, 0xff, 0xd0, 0x1e, 0xff, 0x80,
    0x8, 0xff, 0xf3, 0x2, 0xff, 0xff, 0xfe, 0xce,
    0xff, 0xff, 0xff, 0xde, 0xff, 0xf2, 0x0, 0x4f,
    0xff, 0xa0, 0x8, 0xff, 0xff, 0xff, 0xff, 0xdf,
    0xff, 0xff, 0xff, 0xf9, 0x0, 0x0, 0xdf, 0xff,
    0x40, 0x9, 0xff, 0xff, 0xff, 0xd1, 0x9f, 0xff,
    0xff, 0xfa, 0x0, 0x0, 0x5, 0xff, 0xfe, 0x10,
    0x4, 0xbe, 0xfd, 0x81, 0x0, 0x6c, 0xfe, 0xb5,
    0x0, 0x0, 0x0, 0xc, 0xff, 0xfd, 0x20, 0x0,
    0x0, 0x0, 0x0, 0x0, 0x0, 0x0, 0x0, 0x0,
    0x0, 0x0, 0x1e, 0xff, 0xff, 0x60, 0x0, 0x0,
    0x0, 0x0, 0x52, 0x0, 0x0, 0x0, 0x0, 0x0,
    0x0, 0x2d, 0xff, 0xff, 0xea, 0x64, 0x34, 0x69,
    0xef, 0x80, 0x0, 0x0, 0x0, 0x0, 0x0, 0x0,
    0x1b, 0xff, 0xff, 0xff, 0xff, 0xff, 0xff, 0xfd,
    0x0, 0x0, 0x0, 0x0, 0x0, 0x0, 0x0, 0x4,
    0xcf, 0xff, 0xff, 0xff, 0xff, 0xff, 0xd1, 0x0,
    0x0, 0x0, 0x0, 0x0, 0x0, 0x0, 0x0, 0x26,
    0xbd, 0xef, 0xfe, 0xb8, 0x40, 0x0, 0x0, 0x0,
    0x0,

    /* U+0041 "A" */
    0x0, 0x0, 0x0, 0x0, 0xe, 0xff, 0xff, 0xe0,
    0x0, 0x0, 0x0, 0x0, 0x0, 0x0, 0x0, 0x0,
    0x6f, 0xff, 0xff, 0xf5, 0x0, 0x0, 0x0, 0x0,
    0x0, 0x0, 0x0, 0x0, 0xdf, 0xff, 0xff, 0xfc,
    0x0, 0x0, 0x0, 0x0, 0x0, 0x0, 0x0, 0x4,
    0xff, 0xff, 0xff, 0xff, 0x30, 0x0, 0x0, 0x0,
    0x0, 0x0, 0x0, 0xa, 0xff, 0xff, 0xff, 0xff,
    0xa0, 0x0, 0x0, 0x0, 0x0, 0x0, 0x0, 0x2f,
    0xff, 0xfe, 0xff, 0xff, 0xf1, 0x0, 0x0, 0x0,
    0x0, 0x0, 0x0, 0x8f, 0xff, 0xf8, 0xaf, 0xff,
    0xf8, 0x0, 0x0, 0x0, 0x0, 0x0, 0x0, 0xef,
    0xff, 0xf2, 0x3f, 0xff, 0xfe, 0x0, 0x0, 0x0,
    0x0, 0x0, 0x6, 0xff, 0xff, 0xb0, 0xd, 0xff,
    0xff, 0x60, 0x0, 0x0, 0x0, 0x0, 0xd, 0xff,
    0xff, 0x50, 0x7, 0xff, 0xff, 0xd0, 0x0, 0x0,
    0x0, 0x0, 0x4f, 0xff, 0xfe, 0x0, 0x1, 0xff,
    0xff, 0xf4, 0x0, 0x0, 0x0, 0x0, 0xbf, 0xff,
    0xfa, 0x33, 0x33, 0xcf, 0xff, 0xfb, 0x0, 0x0,
    0x0, 0x2, 0xff, 0xff, 0xff, 0xff, 0xff, 0xff,
    0xff, 0xff, 0x20, 0x0, 0x0, 0x9, 0xff, 0xff,
    0xff, 0xff, 0xff, 0xff, 0xff, 0xff, 0x90, 0x0,
    0x0, 0xf, 0xff, 0xff, 0xff, 0xff, 0xff, 0xff,
    0xff, 0xff, 0xf0, 0x0, 0x0, 0x7f, 0xff, 0xff,
    0xff, 0xff, 0xff, 0xff, 0xff, 0xff, 0xf7, 0x0,
    0x0, 0xdf, 0xff, 0xf9, 0x0, 0x0, 0x0, 0x0,
    0xbf, 0xff, 0xfd, 0x0, 0x4, 0xff, 0xff, 0xf3,
    0x0, 0x0, 0x0, 0x0, 0x5f, 0xff, 0xff, 0x50,
    0xb, 0xff, 0xff, 0xd0, 0x0, 0x0, 0x0, 0x0,
    0xe, 0xff, 0xff, 0xc0, 0x2f, 0xff, 0xff, 0x70,
    0x0, 0x0, 0x0, 0x0, 0x9, 0xff, 0xff, 0xf3,

    /* U+0042 "B" */
    0xf, 0xff, 0xff, 0xff, 0xff, 0xff, 0xec, 0x93,
    0x0, 0x0, 0xf, 0xff, 0xff, 0xff, 0xff, 0xff,
    0xff, 0xff, 0xa0, 0x0, 0xf, 0xff, 0xff, 0xff,
    0xff, 0xff, 0xff, 0xff, 0xfb, 0x0, 0xf, 0xff,
    0xff, 0xff, 0xff, 0xff, 0xff, 0xff, 0xff, 0x40,
    0xf, 0xff, 0xff, 0x82, 0x22, 0x24, 0xcf, 0xff,
    0xff, 0x90, 0xf, 0xff, 0xff, 0x70, 0x0, 0x0,
    0x1f, 0xff, 0xff, 0x90, 0xf, 0xff, 0xff, 0x70,
    0x0, 0x0, 0xf, 0xff, 0xff, 0x70, 0xf, 0xff,
    0xff, 0x70, 0x0, 0x2, 0xaf, 0xff, 0xff, 0x10,
    0xf, 0xff, 0xff, 0xff, 0xff, 0xff, 0xff, 0xff,
    0xf6, 0x0, 0xf, 0xff, 0xff, 0xff, 0xff, 0xff,
    0xff, 0xff, 0x60, 0x0, 0xf, 0xff, 0xff, 0xff,
    0xff, 0xff, 0xff, 0xff, 0xf8, 0x0, 0xf, 0xff,
    0xff, 0xff, 0xff, 0xff, 0xff, 0xff, 0xff, 0x90,
    0xf, 0xff, 0xff, 0x70, 0x0, 0x0, 0x2b, 0xff,
    0xff, 0xf2, 0xf, 0xff, 0xff, 0x70, 0x0, 0x0,
    0x1, 0xff, 0xff, 0xf7, 0xf, 0xff, 0xff, 0x70,
    0x0, 0x0, 0x2, 0xff, 0xff, 0xf9, 0xf, 0xff,
    0xff, 0x82, 0x22, 0x23, 0x5d, 0xff, 0xff, 0xf8,
    0xf, 0xff, 0xff, 0xff, 0xff, 0xff, 0xff, 0xff,
    0xff, 0xf3, 0xf, 0xff, 0xff, 0xff, 0xff, 0xff,
    0xff, 0xff, 0xff, 0xa0, 0xf, 0xff, 0xff, 0xff,
    0xff, 0xff, 0xff, 0xff, 0xf9, 0x0, 0xf, 0xff,
    0xff, 0xff, 0xff, 0xff, 0xfe, 0xb7, 0x20, 0x0,

    /* U+0043 "C" */
    0x0, 0x0, 0x0, 0x4, 0x8c, 0xef, 0xed, 0xa5,
    0x10, 0x0, 0x0, 0x0, 0x0, 0x4c, 0xff, 0xff,
    0xff, 0xff, 0xff, 0x70, 0x0, 0x0, 0x0, 0x8f,
    0xff, 0xff, 0xff, 0xff, 0xff, 0xff, 0xc0, 0x0,
    0x0, 0x9f, 0xff, 0xff, 0xff, 0xff, 0xff, 0xff,
    0xff, 0xc0, 0x0, 0x6f, 0xff, 0xff, 0xff, 0xec,
    0xcf, 0xff, 0xff, 0xf6, 0x0, 0xe, 0xff, 0xff,
    0xfd, 0x40, 0x0, 0x5, 0xdf, 0xf4, 0x0, 0x6,
    0xff, 0xff, 0xfc, 0x0, 0x0, 0x0, 0x0, 0xa3,
    0x0, 0x0, 0xbf, 0xff, 0xff, 0x20, 0x0, 0x0,
    0x0, 0x0, 0x0, 0x0, 0xe, 0xff, 0xff, 0xc0,
    0x0, 0x0, 0x0, 0x0, 0x0, 0x0, 0x0, 0xff,
    0xff, 0xf9, 0x0, 0x0, 0x0, 0x0, 0x0, 0x0,
    0x0, 0xf, 0xff, 0xff, 0x90, 0x0, 0x0, 0x0,
    0x0, 0x0, 0x0, 0x0, 0xef, 0xff, 0xfc, 0x0,
    0x0, 0x0, 0x0, 0x0, 0x0, 0x0, 0xb, 0xff,
    0xff, 0xf2, 0x0, 0x0, 0x0, 0x0, 0x0, 0x0,
    0x0, 0x6f, 0xff, 0xff, 0xc0, 0x0, 0x0, 0x0,
    0xa, 0x30, 0x0, 0x0, 0xef, 0xff, 0xff, 0xd4,
    0x0, 0x0, 0x5d, 0xff, 0x40, 0x0, 0x6, 0xff,
    0xff, 0xff, 0xff, 0xdd, 0xff, 0xff, 0xff, 0x60,
    0x0, 0x9, 0xff, 0xff, 0xff, 0xff, 0xff, 0xff,
    0xff, 0xfc, 0x0, 0x0, 0x8, 0xff, 0xff, 0xff,
    0xff, 0xff, 0xff, 0xfc, 0x0, 0x0, 0x0, 0x4,
    0xdf, 0xff, 0xff, 0xff, 0xff, 0xf7, 0x0, 0x0,
    0x0, 0x0, 0x0, 0x48, 0xce, 0xfe, 0xda, 0x51,
    0x0, 0x0,

    /* U+0044 "D" */
    0xf, 0xff, 0xff, 0xff, 0xff, 0xfe, 0xda, 0x50,
    0x0, 0x0, 0x0, 0xf, 0xff, 0xff, 0xff, 0xff,
    0xff, 0xff, 0xfe, 0x70, 0x0, 0x0, 0xf, 0xff,
    0xff, 0xff, 0xff, 0xff, 0xff, 0xff, 0xfc, 0x10,
    0x0, 0xf, 0xff, 0xff, 0xff, 0xff, 0xff, 0xff,
    0xff, 0xff, 0xd0, 0x0, 0xf, 0xff, 0xff, 0xc9,
    0x99, 0x9c, 0xff, 0xff, 0xff, 0xfa, 0x0, 0xf,
    0xff, 0xff, 0x80, 0x0, 0x0, 0x19, 0xff, 0xff,
    0xff, 0x30, 0xf, 0xff, 0xff, 0x80, 0x0, 0x0,
    0x0, 0x8f, 0xff, 0xff, 0x90, 0xf, 0xff, 0xff,
    0x80, 0x0, 0x0, 0x0, 0xe, 0xff, 0xff, 0xe0,
    0xf, 0xff, 0xff, 0x80, 0x0, 0x0, 0x0, 0x9,
    0xff, 0xff, 0xf1, 0xf, 0xff, 0xff, 0x80, 0x0,
    0x0, 0x0, 0x7, 0xff, 0xff, 0xf2, 0xf, 0xff,
    0xff, 0x80, 0x0, 0x0, 0x0, 0x7, 0xff, 0xff,
    0xf2, 0xf, 0xff, 0xff, 0x80, 0x0, 0x0, 0x0,
    0x9, 0xff, 0xff, 0xf1, 0xf, 0xff, 0xff, 0x80,
    0x0, 0x0, 0x0, 0xe, 0xff, 0xff, 0xe0, 0xf,
    0xff, 0xff, 0x80, 0x0, 0x0, 0x0, 0x8f, 0xff,
    0xff, 0x90, 0xf, 0xff, 0xff, 0x80, 0x0, 0x0,
    0x19, 0xff, 0xff, 0xff, 0x30, 0xf, 0xff, 0xff,
    0xc9, 0x99, 0xac, 0xff, 0xff, 0xff, 0xfa, 0x0,
    0xf, 0xff, 0xff, 0xff, 0xff, 0xff, 0xff, 0xff,
    0xff, 0xd0, 0x0, 0xf, 0xff, 0xff, 0xff, 0xff,
    0xff, 0xff, 0xff, 0xfc, 0x10, 0x0, 0xf, 0xff,
    0xff, 0xff, 0xff, 0xff, 0xff, 0xfe, 0x70, 0x0,
    0x0, 0xf, 0xff, 0xff, 0xff, 0xff, 0xff, 0xda,
    0x50, 0x0, 0x0, 0x0,

    /* U+0045 "E" */
    0xf, 0xff, 0xff, 0xff, 0xff, 0xff, 0xff, 0xff,
    0x50, 0xff, 0xff, 0xff, 0xff, 0xff, 0xff, 0xff,
    0xf5, 0xf, 0xff, 0xff, 0xff, 0xff, 0xff, 0xff,
    0xff, 0x50, 0xff, 0xff, 0xff, 0xff, 0xff, 0xff,
    0xff, 0xf5, 0xf, 0xff, 0xff, 0xb7, 0x77, 0x77,
    0x77, 0x77, 0x20, 0xff, 0xff, 0xf7, 0x0, 0x0,
    0x0, 0x0, 0x0, 0xf, 0xff, 0xff, 0x70, 0x0,
    0x0, 0x0, 0x0, 0x0, 0xff, 0xff, 0xf9, 0x55,
    0x55, 0x55, 0x55, 0x0, 0xf, 0xff, 0xff, 0xff,
    0xff, 0xff, 0xff, 0xf2, 0x0, 0xff, 0xff, 0xff,
    0xff, 0xff, 0xff, 0xff, 0x20, 0xf, 0xff, 0xff,
    0xff, 0xff, 0xff, 0xff, 0xf2, 0x0, 0xff, 0xff,
    0xff, 0xff, 0xff, 0xff, 0xff, 0x20, 0xf, 0xff,
    0xff, 0x70, 0x0, 0x0, 0x0, 0x0, 0x0, 0xff,
    0xff, 0xf7, 0x0, 0x0, 0x0, 0x0, 0x0, 0xf,
    0xff, 0xff, 0x70, 0x0, 0x0, 0x0, 0x0, 0x0,
    0xff, 0xff, 0xfb, 0x77, 0x77, 0x77, 0x77, 0x74,
    0xf, 0xff, 0xff, 0xff, 0xff, 0xff, 0xff, 0xff,
    0xb0, 0xff, 0xff, 0xff, 0xff, 0xff, 0xff, 0xff,
    0xfb, 0xf, 0xff, 0xff, 0xff, 0xff, 0xff, 0xff,
    0xff, 0xb0, 0xff, 0xff, 0xff, 0xff, 0xff, 0xff,
    0xff, 0xfb,

    /* U+0046 "F" */
    0xf, 0xff, 0xff, 0xff, 0xff, 0xff, 0xff, 0xff,
    0x50, 0xff, 0xff, 0xff, 0xff, 0xff, 0xff, 0xff,
    0xf5, 0xf, 0xff, 0xff, 0xff, 0xff, 0xff, 0xff,
    0xff, 0x50, 0xff, 0xff, 0xff, 0xff, 0xff, 0xff,
    0xff, 0xf5, 0xf, 0xff, 0xff, 0xb7, 0x77, 0x77,
    0x77, 0x77, 0x20, 0xff, 0xff, 0xf8, 0x0, 0x0,
    0x0, 0x0, 0x0, 0xf, 0xff, 0xff, 0x80, 0x0,
    0x0, 0x0, 0x0, 0x0, 0xff, 0xff, 0xf8, 0x0,
    0x0, 0x0, 0x0, 0x0, 0xf, 0xff, 0xff, 0xb7,
    0x77, 0x77, 0x77, 0x71, 0x0, 0xff, 0xff, 0xff,
    0xff, 0xff, 0xff, 0xff, 0x20, 0xf, 0xff, 0xff,
    0xff, 0xff, 0xff, 0xff, 0xf2, 0x0, 0xff, 0xff,
    0xff, 0xff, 0xff, 0xff, 0xff, 0x20, 0xf, 0xff,
    0xff, 0xff, 0xff, 0xff, 0xff, 0xf2, 0x0, 0xff,
    0xff, 0xf8, 0x0, 0x0, 0x0, 0x0, 0x0, 0xf,
    0xff, 0xff, 0x80, 0x0, 0x0, 0x0, 0x0, 0x0,
    0xff, 0xff, 0xf8, 0x0, 0x0, 0x0, 0x0, 0x0,
    0xf, 0xff, 0xff, 0x80, 0x0, 0x0, 0x0, 0x0,
    0x0, 0xff, 0xff, 0xf8, 0x0, 0x0, 0x0, 0x0,
    0x0, 0xf, 0xff, 0xff, 0x80, 0x0, 0x0, 0x0,
    0x0, 0x0, 0xff, 0xff, 0xf8, 0x0, 0x0, 0x0,
    0x0, 0x0,

    /* U+0047 "G" */
    0x0, 0x0, 0x0, 0x3, 0x8c, 0xef, 0xfd, 0xb7,
    0x20, 0x0, 0x0, 0x0, 0x0, 0x4c, 0xff, 0xff,
    0xff, 0xff, 0xff, 0xa1, 0x0, 0x0, 0x0, 0x8f,
    0xff, 0xff, 0xff, 0xff, 0xff, 0xff, 0xf4, 0x0,
    0x0, 0x9f, 0xff, 0xff, 0xff, 0xff, 0xff, 0xff,
    0xff, 0xf2, 0x0, 0x6f, 0xff, 0xff, 0xff, 0xfd,
    0xce, 0xff, 0xff, 0xf8, 0x0, 0xe, 0xff, 0xff,
    0xfd, 0x40, 0x0, 0x3, 0xbf, 0xf6, 0x0, 0x6,
    0xff, 0xff, 0xfc, 0x0, 0x0, 0x0, 0x0, 0x74,
    0x0, 0x0, 0xbf, 0xff, 0xff, 0x20, 0x0, 0x0,
    0x0, 0x0, 0x0, 0x0, 0xe, 0xff, 0xff, 0xc0,
    0x0, 0x0, 0x0, 0x0, 0x0, 0x0, 0x0, 0xff,
    0xff, 0xf9, 0x0, 0x0, 0x0, 0x0, 0x56, 0x66,
    0x60, 0xf, 0xff, 0xff, 0x90, 0x0, 0x0, 0x0,
    0xe, 0xff, 0xff, 0x0, 0xef, 0xff, 0xfc, 0x0,
    0x0, 0x0, 0x0, 0xef, 0xff, 0xf0, 0xb, 0xff,
    0xff, 0xf2, 0x0, 0x0, 0x0, 0xe, 0xff, 0xff,
    0x0, 0x6f, 0xff, 0xff, 0xd0, 0x0, 0x0, 0x0,
    0xef, 0xff, 0xf0, 0x0, 0xef, 0xff, 0xff, 0xd5,
    0x0, 0x0, 0x2f, 0xff, 0xff, 0x0, 0x6, 0xff,
    0xff, 0xff, 0xff, 0xdc, 0xef, 0xff, 0xff, 0xf0,
    0x0, 0x9, 0xff, 0xff, 0xff, 0xff, 0xff, 0xff,
    0xff, 0xff, 0x0, 0x0, 0x8, 0xff, 0xff, 0xff,
    0xff, 0xff, 0xff, 0xff, 0xb0, 0x0, 0x0, 0x4,
    0xcf, 0xff, 0xff, 0xff, 0xff, 0xfc, 0x50, 0x0,
    0x0, 0x0, 0x0, 0x48, 0xce, 0xff, 0xdb, 0x72,
    0x0, 0x0,

    /* U+0048 "H" */
    0xf, 0xff, 0xff, 0x80, 0x0, 0x0, 0x0, 0xff,
    0xff, 0xf9, 0xf, 0xff, 0xff, 0x80, 0x0, 0x0,
    0x0, 0xff, 0xff, 0xf9, 0xf, 0xff, 0xff, 0x80,
    0x0, 0x0, 0x0, 0xff, 0xff, 0xf9, 0xf, 0xff,
    0xff, 0x80, 0x0, 0x0, 0x0, 0xff, 0xff, 0xf9,
    0xf, 0xff, 0xff, 0x80, 0x0, 0x0, 0x0, 0xff,
    0xff, 0xf9, 0xf, 0xff, 0xff, 0x80, 0x0, 0x0,
    0x0, 0xff, 0xff, 0xf9, 0xf, 0xff, 0xff, 0x80,
    0x0, 0x0, 0x0, 0xff, 0xff, 0xf9, 0xf, 0xff,
    0xff, 0xec, 0xcc, 0xcc, 0xcc, 0xff, 0xff, 0xf9,
    0xf, 0xff, 0xff, 0xff, 0xff, 0xff, 0xff, 0xff,
    0xff, 0xf9, 0xf, 0xff, 0xff, 0xff, 0xff, 0xff,
    0xff, 0xff, 0xff, 0xf9, 0xf, 0xff, 0xff, 0xff,
    0xff, 0xff, 0xff, 0xff, 0xff, 0xf9, 0xf, 0xff,
    0xff, 0xff, 0xff, 0xff, 0xff, 0xff, 0xff, 0xf9,
    0xf, 0xff, 0xff, 0x80, 0x0, 0x0, 0x0, 0xff,
    0xff, 0xf9, 0xf, 0xff, 0xff, 0x80, 0x0, 0x0,
    0x0, 0xff, 0xff, 0xf9, 0xf, 0xff, 0xff, 0x80,
    0x0, 0x0, 0x0, 0xff, 0xff, 0xf9, 0xf, 0xff,
    0xff, 0x80, 0x0, 0x0, 0x0, 0xff, 0xff, 0xf9,
    0xf, 0xff, 0xff, 0x80, 0x0, 0x0, 0x0, 0xff,
    0xff, 0xf9, 0xf, 0xff, 0xff, 0x80, 0x0, 0x0,
    0x0, 0xff, 0xff, 0xf9, 0xf, 0xff, 0xff, 0x80,
    0x0, 0x0, 0x0, 0xff, 0xff, 0xf9, 0xf, 0xff,
    0xff, 0x80, 0x0, 0x0, 0x0, 0xff, 0xff, 0xf9,

    /* U+0049 "I" */
    0xf, 0xff, 0xff, 0x80, 0xff, 0xff, 0xf8, 0xf,
    0xff, 0xff, 0x80, 0xff, 0xff, 0xf8, 0xf, 0xff,
    0xff, 0x80, 0xff, 0xff, 0xf8, 0xf, 0xff, 0xff,
    0x80, 0xff, 0xff, 0xf8, 0xf, 0xff, 0xff, 0x80,
    0xff, 0xff, 0xf8, 0xf, 0xff, 0xff, 0x80, 0xff,
    0xff, 0xf8, 0xf, 0xff, 0xff, 0x80, 0xff, 0xff,
    0xf8, 0xf, 0xff, 0xff, 0x80, 0xff, 0xff, 0xf8,
    0xf, 0xff, 0xff, 0x80, 0xff, 0xff, 0xf8, 0xf,
    0xff, 0xff, 0x80, 0xff, 0xff, 0xf8,

    /* U+004A "J" */
    0x0, 0x7f, 0xff, 0xff, 0xff, 0xff, 0xff, 0xc0,
    0x7, 0xff, 0xff, 0xff, 0xff, 0xff, 0xfc, 0x0,
    0x7f, 0xff, 0xff, 0xff, 0xff, 0xff, 0xc0, 0x7,
    0xff, 0xff, 0xff, 0xff, 0xff, 0xfc, 0x0, 0x37,
    0x77, 0x77, 0x7d, 0xff, 0xff, 0xc0, 0x0, 0x0,
    0x0, 0x0, 0xbf, 0xff, 0xfc, 0x0, 0x0, 0x0,
    0x0, 0xb, 0xff, 0xff, 0xc0, 0x0, 0x0, 0x0,
    0x0, 0xbf, 0xff, 0xfc, 0x0, 0x0, 0x0, 0x0,
    0xb, 0xff, 0xff, 0xc0, 0x0, 0x0, 0x0, 0x0,
    0xbf, 0xff, 0xfc, 0x0, 0x0, 0x0, 0x0, 0xb,
    0xff, 0xff, 0xc0, 0x0, 0x0, 0x0, 0x0, 0xbf,
    0xff, 0xfc, 0x0, 0x0, 0x0, 0x0, 0xb, 0xff,
    0xff, 0xc0, 0x0, 0x40, 0x0, 0x0, 0xcf, 0xff,
    0xfb, 0x0, 0x7f, 0x80, 0x0, 0x3f, 0xff, 0xff,
    0x90, 0x4f, 0xff, 0xea, 0xbf, 0xff, 0xff, 0xf5,
    0x2f, 0xff, 0xff, 0xff, 0xff, 0xff, 0xfe, 0x2,
    0xef, 0xff, 0xff, 0xff, 0xff, 0xff, 0x50, 0x2,
    0xbf, 0xff, 0xff, 0xff, 0xff, 0x60, 0x0, 0x0,
    0x49, 0xde, 0xfe, 0xc7, 0x10, 0x0,

    /* U+004B "K" */
    0xf, 0xff, 0xff, 0x70, 0x0, 0x0, 0x6, 0xff,
    0xff, 0xfa, 0x0, 0xff, 0xff, 0xf7, 0x0, 0x0,
    0x5, 0xff, 0xff, 0xfc, 0x0, 0xf, 0xff, 0xff,
    0x70, 0x0, 0x4, 0xff, 0xff, 0xfd, 0x10, 0x0,
    0xff, 0xff, 0xf7, 0x0, 0x3, 0xff, 0xff, 0xfe,
    0x10, 0x0, 0xf, 0xff, 0xff, 0x70, 0x2, 0xef,
    0xff, 0xfe, 0x20, 0x0, 0x0, 0xff, 0xff, 0xf7,
    0x1, 0xef, 0xff, 0xff, 0x30, 0x0, 0x0, 0xf,
    0xff, 0xff, 0x71, 0xdf, 0xff, 0xff, 0x40, 0x0,
    0x0, 0x0, 0xff, 0xff, 0xf7, 0xcf, 0xff, 0xff,
    0x60, 0x0, 0x0, 0x0, 0xf, 0xff, 0xff, 0xff,
    0xff, 0xff, 0x70, 0x0, 0x0, 0x0, 0x0, 0xff,
    0xff, 0xff, 0xff, 0xff, 0xfa, 0x0, 0x0, 0x0,
    0x0, 0xf, 0xff, 0xff, 0xff, 0xff, 0xff, 0xf6,
    0x0, 0x0, 0x0, 0x0, 0xff, 0xff, 0xff, 0xff,
    0xff, 0xff, 0xf2, 0x0, 0x0, 0x0, 0xf, 0xff,
    0xff, 0xff, 0xff, 0xff, 0xff, 0xd0, 0x0, 0x0,
    0x0, 0xff, 0xff, 0xff, 0xc1, 0xdf, 0xff, 0xff,
    0xa0, 0x0, 0x0, 0xf, 0xff, 0xff, 0xd1, 0x3,
    0xff, 0xff, 0xff, 0x60, 0x0, 0x0, 0xff, 0xff,
    0xf7, 0x0, 0x6, 0xff, 0xff, 0xff, 0x30, 0x0,
    0xf, 0xff, 0xff, 0x70, 0x0, 0x9, 0xff, 0xff,
    0xfd, 0x0, 0x0, 0xff, 0xff, 0xf7, 0x0, 0x0,
    0xc, 0xff, 0xff, 0xfa, 0x0, 0xf, 0xff, 0xff,
    0x70, 0x0, 0x0, 0x1e, 0xff, 0xff, 0xf6, 0x0,
    0xff, 0xff, 0xf7, 0x0, 0x0, 0x0, 0x4f, 0xff,
    0xff, 0xf3,

    /* U+004C "L" */
    0xf, 0xff, 0xff, 0x80, 0x0, 0x0, 0x0, 0x0,
    0xf, 0xff, 0xff, 0x80, 0x0, 0x0, 0x0, 0x0,
    0xf, 0xff, 0xff, 0x80, 0x0, 0x0, 0x0, 0x0,
    0xf, 0xff, 0xff, 0x80, 0x0, 0x0, 0x0, 0x0,
    0xf, 0xff, 0xff, 0x80, 0x0, 0x0, 0x0, 0x0,
    0xf, 0xff, 0xff, 0x80, 0x0, 0x0, 0x0, 0x0,
    0xf, 0xff, 0xff, 0x80, 0x0, 0x0, 0x0, 0x0,
    0xf, 0xff, 0xff, 0x80, 0x0, 0x0, 0x0, 0x0,
    0xf, 0xff, 0xff, 0x80, 0x0, 0x0, 0x0, 0x0,
    0xf, 0xff, 0xff, 0x80, 0x0, 0x0, 0x0, 0x0,
    0xf, 0xff, 0xff, 0x80, 0x0, 0x0, 0x0, 0x0,
    0xf, 0xff, 0xff, 0x80, 0x0, 0x0, 0x0, 0x0,
    0xf, 0xff, 0xff, 0x80, 0x0, 0x0, 0x0, 0x0,
    0xf, 0xff, 0xff, 0x80, 0x0, 0x0, 0x0, 0x0,
    0xf, 0xff, 0xff, 0x80, 0x0, 0x0, 0x0, 0x0,
    0xf, 0xff, 0xff, 0xc9, 0x99, 0x99, 0x99, 0x97,
    0xf, 0xff, 0xff, 0xff, 0xff, 0xff, 0xff, 0xfd,
    0xf, 0xff, 0xff, 0xff, 0xff, 0xff, 0xff, 0xfd,
    0xf, 0xff, 0xff, 0xff, 0xff, 0xff, 0xff, 0xfd,
    0xf, 0xff, 0xff, 0xff, 0xff, 0xff, 0xff, 0xfd,

    /* U+004D "M" */
    0xf, 0xff, 0xfd, 0x0, 0x0, 0x0, 0x0, 0x0,
    0x0, 0x2f, 0xff, 0xfb, 0xf, 0xff, 0xff, 0x60,
    0x0, 0x0, 0x0, 0x0, 0x0, 0xbf, 0xff, 0xfb,
    0xf, 0xff, 0xff, 0xe1, 0x0, 0x0, 0x0, 0x0,
    0x5, 0xff, 0xff, 0xfb, 0xf, 0xff, 0xff, 0xf9,
    0x0, 0x0, 0x0, 0x0, 0xd, 0xff, 0xff, 0xfb,
    0xf, 0xff, 0xff, 0xff, 0x30, 0x0, 0x0, 0x0,
    0x7f, 0xff, 0xff, 0xfb, 0xf, 0xff, 0xff, 0xff,
    0xc0, 0x0, 0x0, 0x1, 0xff, 0xff, 0xff, 0xfb,
    0xf, 0xff, 0xff, 0xff, 0xf6, 0x0, 0x0, 0xa,
    0xff, 0xff, 0xff, 0xfb, 0xf, 0xff, 0xff, 0xff,
    0xfe, 0x10, 0x0, 0x3f, 0xff, 0xff, 0xff, 0xfb,
    0xf, 0xff, 0xff, 0xff, 0xff, 0x90, 0x0, 0xcf,
    0xff, 0xff, 0xff, 0xfb, 0xf, 0xff, 0xff, 0xff,
    0xff, 0xf2, 0x6, 0xff, 0xff, 0xef, 0xff, 0xfb,
    0xf, 0xff, 0xff, 0x8f, 0xff, 0xfc, 0xe, 0xff,
    0xfe, 0x7f, 0xff, 0xfb, 0xf, 0xff, 0xff, 0x1d,
    0xff, 0xff, 0xcf, 0xff, 0xf5, 0x6f, 0xff, 0xfb,
    0xf, 0xff, 0xff, 0x13, 0xff, 0xff, 0xff, 0xff,
    0xc0, 0x6f, 0xff, 0xfb, 0xf, 0xff, 0xff, 0x10,
    0xaf, 0xff, 0xff, 0xff, 0x30, 0x6f, 0xff, 0xfb,
    0xf, 0xff, 0xff, 0x10, 0x1f, 0xff, 0xff, 0xf9,
    0x0, 0x6f, 0xff, 0xfb, 0xf, 0xff, 0xff, 0x10,
    0x6, 0xff, 0xff, 0xf1, 0x0, 0x5f, 0xff, 0xfb,
    0xf, 0xff, 0xff, 0x10, 0x0, 0xdf, 0xff, 0x70,
    0x0, 0x5f, 0xff, 0xfb, 0xf, 0xff, 0xff, 0x10,
    0x0, 0x3f, 0xfd, 0x0, 0x0, 0x5f, 0xff, 0xfb,
    0xf, 0xff, 0xff, 0x10, 0x0, 0x0, 0x0, 0x0,
    0x0, 0x5f, 0xff, 0xfb, 0xf, 0xff, 0xff, 0x10,
    0x0, 0x0, 0x0, 0x0, 0x0, 0x5f, 0xff, 0xfb,

    /* U+004E "N" */
    0xf, 0xff, 0xfd, 0x10, 0x0, 0x0, 0x0, 0xdf,
    0xff, 0xf9, 0xf, 0xff, 0xff, 0xb0, 0x0, 0x0,
    0x0, 0xdf, 0xff, 0xf9, 0xf, 0xff, 0xff, 0xf8,
    0x0, 0x0, 0x0, 0xdf, 0xff, 0xf9, 0xf, 0xff,
    0xff, 0xff, 0x50, 0x0, 0x0, 0xdf, 0xff, 0xf9,
    0xf, 0xff, 0xff, 0xff, 0xf3, 0x0, 0x0, 0xdf,
    0xff, 0xf9, 0xf, 0xff, 0xff, 0xff, 0xfe, 0x10,
    0x0, 0xdf, 0xff, 0xf9, 0xf, 0xff, 0xff, 0xff,
    0xff, 0xc0, 0x0, 0xdf, 0xff, 0xf9, 0xf, 0xff,
    0xff, 0xff, 0xff, 0xf9, 0x0, 0xdf, 0xff, 0xf9,
    0xf, 0xff, 0xff, 0xff, 0xff, 0xff, 0x60, 0xdf,
    0xff, 0xf9, 0xf, 0xff, 0xff, 0xdf, 0xff, 0xff,
    0xf3, 0xdf, 0xff, 0xf9, 0xf, 0xff, 0xff, 0x6a,
    0xff, 0xff, 0xfe, 0xef, 0xff, 0xf9, 0xf, 0xff,
    0xff, 0x60, 0xdf, 0xff, 0xff, 0xff, 0xff, 0xf9,
    0xf, 0xff, 0xff, 0x60, 0x2e, 0xff, 0xff, 0xff,
    0xff, 0xf9, 0xf, 0xff, 0xff, 0x60, 0x4, 0xff,
    0xff, 0xff, 0xff, 0xf9, 0xf, 0xff, 0xff, 0x60,
    0x0, 0x6f, 0xff, 0xff, 0xff, 0xf9, 0xf, 0xff,
    0xff, 0x60, 0x0, 0x9, 0xff, 0xff, 0xff, 0xf9,
    0xf, 0xff, 0xff, 0x60, 0x0, 0x0, 0xcf, 0xff,
    0xff, 0xf9, 0xf, 0xff, 0xff, 0x60, 0x0, 0x0,
    0x1e, 0xff, 0xff, 0xf9, 0xf, 0xff, 0xff, 0x60,
    0x0, 0x0, 0x3, 0xff, 0xff, 0xf9, 0xf, 0xff,
    0xff, 0x60, 0x0, 0x0, 0x0, 0x5f, 0xff, 0xf9,

    /* U+004F "O" */
    0x0, 0x0, 0x0, 0x3, 0x8c, 0xef, 0xfd, 0xb6,
    0x10, 0x0, 0x0, 0x0, 0x0, 0x0, 0x3c, 0xff,
    0xff, 0xff, 0xff, 0xff, 0x91, 0x0, 0x0, 0x0,
    0x0, 0x8f, 0xff, 0xff, 0xff, 0xff, 0xff, 0xff,
    0xe4, 0x0, 0x0, 0x0, 0x8f, 0xff, 0xff, 0xff,
    0xff, 0xff, 0xff, 0xff, 0xf4, 0x0, 0x0, 0x5f,
    0xff, 0xff, 0xff, 0xec, 0xdf, 0xff, 0xff, 0xff,
    0xf1, 0x0, 0xe, 0xff, 0xff, 0xfd, 0x40, 0x0,
    0x6, 0xff, 0xff, 0xff, 0xa0, 0x6, 0xff, 0xff,
    0xfc, 0x0, 0x0, 0x0, 0x3, 0xff, 0xff, 0xff,
    0x10, 0xbf, 0xff, 0xff, 0x20, 0x0, 0x0, 0x0,
    0x7, 0xff, 0xff, 0xf6, 0xe, 0xff, 0xff, 0xc0,
    0x0, 0x0, 0x0, 0x0, 0x1f, 0xff, 0xff, 0x90,
    0xff, 0xff, 0xf9, 0x0, 0x0, 0x0, 0x0, 0x0,
    0xef, 0xff, 0xfa, 0xf, 0xff, 0xff, 0x90, 0x0,
    0x0, 0x0, 0x0, 0xe, 0xff, 0xff, 0xa0, 0xef,
    0xff, 0xfc, 0x0, 0x0, 0x0, 0x0, 0x1, 0xff,
    0xff, 0xf9, 0xb, 0xff, 0xff, 0xf2, 0x0, 0x0,
    0x0, 0x0, 0x7f, 0xff, 0xff, 0x60, 0x6f, 0xff,
    0xff, 0xc0, 0x0, 0x0, 0x0, 0x3f, 0xff, 0xff,
    0xf1, 0x0, 0xef, 0xff, 0xff, 0xd4, 0x0, 0x0,
    0x6f, 0xff, 0xff, 0xfa, 0x0, 0x5, 0xff, 0xff,
    0xff, 0xfe, 0xcd, 0xff, 0xff, 0xff, 0xff, 0x10,
    0x0, 0x8, 0xff, 0xff, 0xff, 0xff, 0xff, 0xff,
    0xff, 0xff, 0x40, 0x0, 0x0, 0x8, 0xff, 0xff,
    0xff, 0xff, 0xff, 0xff, 0xfe, 0x40, 0x0, 0x0,
    0x0, 0x4, 0xcf, 0xff, 0xff, 0xff, 0xff, 0xfa,
    0x10, 0x0, 0x0, 0x0, 0x0, 0x0, 0x38, 0xce,
    0xff, 0xdb, 0x72, 0x0, 0x0, 0x0,

    /* U+0050 "P" */
    0xf, 0xff, 0xff, 0xff, 0xff, 0xfd, 0xb6, 0x10,
    0x0, 0x0, 0xff, 0xff, 0xff, 0xff, 0xff, 0xff,
    0xff, 0x80, 0x0, 0xf, 0xff, 0xff, 0xff, 0xff,
    0xff, 0xff, 0xff, 0xb0, 0x0, 0xff, 0xff, 0xff,
    0xff, 0xff, 0xff, 0xff, 0xff, 0x90, 0xf, 0xff,
    0xff, 0xc8, 0x88, 0xae, 0xff, 0xff, 0xff, 0x10,
    0xff, 0xff, 0xf8, 0x0, 0x0, 0xa, 0xff, 0xff,
    0xf6, 0xf, 0xff, 0xff, 0x80, 0x0, 0x0, 0x1f,
    0xff, 0xff, 0x90, 0xff, 0xff, 0xf8, 0x0, 0x0,
    0x0, 0xff, 0xff, 0xf9, 0xf, 0xff, 0xff, 0x80,
    0x0, 0x0, 0x4f, 0xff, 0xff, 0x80, 0xff, 0xff,
    0xf8, 0x0, 0x1, 0x6e, 0xff, 0xff, 0xf4, 0xf,
    0xff, 0xff, 0xff, 0xff, 0xff, 0xff, 0xff, 0xfe,
    0x0, 0xff, 0xff, 0xff, 0xff, 0xff, 0xff, 0xff,
    0xff, 0x40, 0xf, 0xff, 0xff, 0xff, 0xff, 0xff,
    0xff, 0xff, 0x50, 0x0, 0xff, 0xff, 0xff, 0xff,
    0xff, 0xff, 0xfa, 0x10, 0x0, 0xf, 0xff, 0xff,
    0xc8, 0x88, 0x76, 0x40, 0x0, 0x0, 0x0, 0xff,
    0xff, 0xf8, 0x0, 0x0, 0x0, 0x0, 0x0, 0x0,
    0xf, 0xff, 0xff, 0x80, 0x0, 0x0, 0x0, 0x0,
    0x0, 0x0, 0xff, 0xff, 0xf8, 0x0, 0x0, 0x0,
    0x0, 0x0, 0x0, 0xf, 0xff, 0xff, 0x80, 0x0,
    0x0, 0x0, 0x0, 0x0, 0x0, 0xff, 0xff, 0xf8,
    0x0, 0x0, 0x0, 0x0, 0x0, 0x0,

    /* U+0051 "Q" */
    0x0, 0x0, 0x0, 0x2, 0x7c, 0xef, 0xfd, 0xa6,
    0x10, 0x0, 0x0, 0x0, 0x0, 0x0, 0x2, 0xbf,
    0xff, 0xff, 0xff, 0xff, 0xf8, 0x0, 0x0, 0x0,
    0x0, 0x0, 0x5f, 0xff, 0xff, 0xff, 0xff, 0xff,
    0xff, 0xd2, 0x0, 0x0, 0x0, 0x5, 0xff, 0xff,
    0xff, 0xff, 0xff, 0xff, 0xff, 0xfe, 0x10, 0x0,
    0x0, 0x3f, 0xff, 0xff, 0xff, 0xec, 0xdf, 0xff,
    0xff, 0xff, 0xc0, 0x0, 0x0, 0xbf, 0xff, 0xff,
    0xe5, 0x0, 0x1, 0x8f, 0xff, 0xff, 0xf6, 0x0,
    0x3, 0xff, 0xff, 0xfe, 0x10, 0x0, 0x0, 0x5,
    0xff, 0xff, 0xfe, 0x0, 0x8, 0xff, 0xff, 0xf5,
    0x0, 0x0, 0x0, 0x0, 0xaf, 0xff, 0xff, 0x30,
    0xd, 0xff, 0xff, 0xe0, 0x0, 0x0, 0x0, 0x0,
    0x3f, 0xff, 0xff, 0x80, 0xf, 0xff, 0xff, 0xa0,
    0x0, 0x0, 0x0, 0x0, 0xf, 0xff, 0xff, 0x90,
    0xf, 0xff, 0xff, 0x90, 0x0, 0x0, 0x0, 0x0,
    0xe, 0xff, 0xff, 0xb0, 0xf, 0xff, 0xff, 0xa0,
    0x0, 0x0, 0x0, 0x0, 0xf, 0xff, 0xff, 0xa0,
    0xe, 0xff, 0xff, 0xc0, 0x0, 0x0, 0x0, 0x0,
    0x1f, 0xff, 0xff, 0x90, 0xb, 0xff, 0xff, 0xf2,
    0x0, 0x0, 0x0, 0x0, 0x7f, 0xff, 0xff, 0x50,
    0x6, 0xff, 0xff, 0xfb, 0x0, 0x0, 0x0, 0x1,
    0xef, 0xff, 0xff, 0x10, 0x0, 0xff, 0xff, 0xff,
    0xa0, 0x0, 0x0, 0x2d, 0xff, 0xff, 0xfa, 0x0,
    0x0, 0x6f, 0xff, 0xff, 0xfe, 0x96, 0x7a, 0xff,
    0xff, 0xff, 0xf2, 0x0, 0x0, 0xb, 0xff, 0xff,
    0xff, 0xff, 0xff, 0xff, 0xff, 0xff, 0x60, 0x0,
    0x0, 0x0, 0xbf, 0xff, 0xff, 0xff, 0xff, 0xff,
    0xff, 0xf8, 0x0, 0x0, 0x0, 0x0, 0x8, 0xff,
    0xff, 0xff, 0xff, 0xff, 0xfe, 0x50, 0x0, 0x0,
    0x0, 0x0, 0x0, 0x29, 0xef, 0xff, 0xff, 0xff,
    0x90, 0x0, 0x4, 0x0, 0x0, 0x0, 0x0, 0x0,
    0x3, 0xef, 0xff, 0xff, 0xd4, 0x14, 0xcf, 0x30,
    0x0, 0x0, 0x0, 0x0, 0x0, 0x2e, 0xff, 0xff,
    0xff, 0xff, 0xff, 0xe1, 0x0, 0x0, 0x0, 0x0,
    0x0, 0x2, 0xdf, 0xff, 0xff, 0xff, 0xff, 0xf8,
    0x0, 0x0, 0x0, 0x0, 0x0, 0x0, 0x9, 0xff,
    0xff, 0xff, 0xff, 0x90, 0x0, 0x0, 0x0, 0x0,
    0x0, 0x0, 0x0, 0x29, 0xdf, 0xfe, 0xa4, 0x0,

    /* U+0052 "R" */
    0xf, 0xff, 0xff, 0xff, 0xff, 0xfe, 0xb7, 0x20,
    0x0, 0x0, 0xf, 0xff, 0xff, 0xff, 0xff, 0xff,
    0xff, 0xf9, 0x0, 0x0, 0xf, 0xff, 0xff, 0xff,
    0xff, 0xff, 0xff, 0xff, 0xc0, 0x0, 0xf, 0xff,
    0xff, 0xff, 0xff, 0xff, 0xff, 0xff, 0xf9, 0x0,
    0xf, 0xff, 0xff, 0xc8, 0x88, 0xae, 0xff, 0xff,
    0xff, 0x20, 0xf, 0xff, 0xff, 0x80, 0x0, 0x0,
    0xaf, 0xff, 0xff, 0x60, 0xf, 0xff, 0xff, 0x80,
    0x0, 0x0, 0x1f, 0xff, 0xff, 0x80, 0xf, 0xff,
    0xff, 0x80, 0x0, 0x0, 0xf, 0xff, 0xff, 0x90,
    0xf, 0xff, 0xff, 0x80, 0x0, 0x0, 0x4f, 0xff,
    0xff, 0x80, 0xf, 0xff, 0xff, 0x80, 0x0, 0x16,
    0xef, 0xff, 0xff, 0x40, 0xf, 0xff, 0xff, 0xff,
    0xff, 0xff, 0xff, 0xff, 0xfd, 0x0, 0xf, 0xff,
    0xff, 0xff, 0xff, 0xff, 0xff, 0xff, 0xf3, 0x0,
    0xf, 0xff, 0xff, 0xff, 0xff, 0xff, 0xff, 0xfe,
    0x40, 0x0, 0xf, 0xff, 0xff, 0xff, 0xff, 0xff,
    0xff, 0xf1, 0x0, 0x0, 0xf, 0xff, 0xff, 0xb7,
    0x79, 0xff, 0xff, 0xf7, 0x0, 0x0, 0xf, 0xff,
    0xff, 0x80, 0x0, 0xcf, 0xff, 0xff, 0x20, 0x0,
    0xf, 0xff, 0xff, 0x80, 0x0, 0x2f, 0xff, 0xff,
    0xb0, 0x0, 0xf, 0xff, 0xff, 0x80, 0x0, 0x8,
    0xff, 0xff, 0xf6, 0x0, 0xf, 0xff, 0xff, 0x80,
    0x0, 0x0, 0xdf, 0xff, 0xff, 0x10, 0xf, 0xff,
    0xff, 0x80, 0x0, 0x0, 0x3f, 0xff, 0xff, 0xb0,

    /* U+0053 "S" */
    0x0, 0x0, 0x15, 0xad, 0xef, 0xfd, 0xb8, 0x30,
    0x0, 0x0, 0x6, 0xef, 0xff, 0xff, 0xff, 0xff,
    0xfd, 0x40, 0x0, 0x9f, 0xff, 0xff, 0xff, 0xff,
    0xff, 0xff, 0x60, 0x5, 0xff, 0xff, 0xff, 0xff,
    0xff, 0xff, 0xff, 0x0, 0xc, 0xff, 0xff, 0xfc,
    0x87, 0x8a, 0xef, 0xf9, 0x0, 0xf, 0xff, 0xff,
    0xa0, 0x0, 0x0, 0x3, 0xa2, 0x0, 0xf, 0xff,
    0xff, 0x80, 0x0, 0x0, 0x0, 0x0, 0x0, 0xe,
    0xff, 0xff, 0xf9, 0x40, 0x0, 0x0, 0x0, 0x0,
    0x8, 0xff, 0xff, 0xff, 0xff, 0xd9, 0x50, 0x0,
    0x0, 0x0, 0xbf, 0xff, 0xff, 0xff, 0xff, 0xff,
    0x81, 0x0, 0x0, 0x7, 0xef, 0xff, 0xff, 0xff,
    0xff, 0xfe, 0x30, 0x0, 0x0, 0x4, 0x8c, 0xff,
    0xff, 0xff, 0xff, 0xe0, 0x0, 0x0, 0x0, 0x0,
    0x4, 0x8e, 0xff, 0xff, 0xf5, 0x0, 0x10, 0x0,
    0x0, 0x0, 0x2, 0xff, 0xff, 0xf7, 0x0, 0xeb,
    0x40, 0x0, 0x0, 0x2, 0xff, 0xff, 0xf7, 0x6,
    0xff, 0xff, 0xb9, 0x78, 0xaf, 0xff, 0xff, 0xf3,
    0xd, 0xff, 0xff, 0xff, 0xff, 0xff, 0xff, 0xff,
    0xc0, 0x3f, 0xff, 0xff, 0xff, 0xff, 0xff, 0xff,
    0xfe, 0x20, 0x4, 0xcf, 0xff, 0xff, 0xff, 0xff,
    0xff, 0xb2, 0x0, 0x0, 0x2, 0x7a, 0xde, 0xff,
    0xec, 0x83, 0x0, 0x0,

    /* U+0054 "T" */
    0xef, 0xff, 0xff, 0xff, 0xff, 0xff, 0xff, 0xff,
    0xfa, 0xef, 0xff, 0xff, 0xff, 0xff, 0xff, 0xff,
    0xff, 0xfa, 0xef, 0xff, 0xff, 0xff, 0xff, 0xff,
    0xff, 0xff, 0xfa, 0xef, 0xff, 0xff, 0xff, 0xff,
    0xff, 0xff, 0xff, 0xfa, 0x78, 0x88, 0x88, 0xff,
    0xff, 0xfd, 0x88, 0x88, 0x85, 0x0, 0x0, 0x0,
    0xef, 0xff, 0xfa, 0x0, 0x0, 0x0, 0x0, 0x0,
    0x0, 0xef, 0xff, 0xfa, 0x0, 0x0, 0x0, 0x0,
    0x0, 0x0, 0xef, 0xff, 0xfa, 0x0, 0x0, 0x0,
    0x0, 0x0, 0x0, 0xef, 0xff, 0xfa, 0x0, 0x0,
    0x0, 0x0, 0x0, 0x0, 0xef, 0xff, 0xfa, 0x0,
    0x0, 0x0, 0x0, 0x0, 0x0, 0xef, 0xff, 0xfa,
    0x0, 0x0, 0x0, 0x0, 0x0, 0x0, 0xef, 0xff,
    0xfa, 0x0, 0x0, 0x0, 0x0, 0x0, 0x0, 0xef,
    0xff, 0xfa, 0x0, 0x0, 0x0, 0x0, 0x0, 0x0,
    0xef, 0xff, 0xfa, 0x0, 0x0, 0x0, 0x0, 0x0,
    0x0, 0xef, 0xff, 0xfa, 0x0, 0x0, 0x0, 0x0,
    0x0, 0x0, 0xef, 0xff, 0xfa, 0x0, 0x0, 0x0,
    0x0, 0x0, 0x0, 0xef, 0xff, 0xfa, 0x0, 0x0,
    0x0, 0x0, 0x0, 0x0, 0xef, 0xff, 0xfa, 0x0,
    0x0, 0x0, 0x0, 0x0, 0x0, 0xef, 0xff, 0xfa,
    0x0, 0x0, 0x0, 0x0, 0x0, 0x0, 0xef, 0xff,
    0xfa, 0x0, 0x0, 0x0,

    /* U+0055 "U" */
    0x3f, 0xff, 0xff, 0x50, 0x0, 0x0, 0x4, 0xff,
    0xff, 0xf3, 0x3f, 0xff, 0xff, 0x50, 0x0, 0x0,
    0x4, 0xff, 0xff, 0xf3, 0x3f, 0xff, 0xff, 0x50,
    0x0, 0x0, 0x4, 0xff, 0xff, 0xf3, 0x3f, 0xff,
    0xff, 0x50, 0x0, 0x0, 0x4, 0xff, 0xff, 0xf3,
    0x3f, 0xff, 0xff, 0x50, 0x0, 0x0, 0x4, 0xff,
    0xff, 0xf3, 0x3f, 0xff, 0xff, 0x50, 0x0, 0x0,
    0x4, 0xff, 0xff, 0xf3, 0x3f, 0xff, 0xff, 0x50,
    0x0, 0x0, 0x4, 0xff, 0xff, 0xf3, 0x3f, 0xff,
    0xff, 0x50, 0x0, 0x0, 0x4, 0xff, 0xff, 0xf3,
    0x3f, 0xff, 0xff, 0x50, 0x0, 0x0, 0x4, 0xff,
    0xff, 0xf3, 0x3f, 0xff, 0xff, 0x50, 0x0, 0x0,
    0x4, 0xff, 0xff, 0xf3, 0x3f, 0xff, 0xff, 0x50,
    0x0, 0x0, 0x4, 0xff, 0xff, 0xf3, 0x2f, 0xff,
    0xff, 0x60, 0x0, 0x0, 0x4, 0xff, 0xff, 0xf2,
    0x1f, 0xff, 0xff, 0x80, 0x0, 0x0, 0x7, 0xff,
    0xff, 0xf1, 0xe, 0xff, 0xff, 0xe0, 0x0, 0x0,
    0xd, 0xff, 0xff, 0xe0, 0xa, 0xff, 0xff, 0xfb,
    0x10, 0x0, 0x9f, 0xff, 0xff, 0xa0, 0x3, 0xff,
    0xff, 0xff, 0xfd, 0xcf, 0xff, 0xff, 0xff, 0x30,
    0x0, 0xaf, 0xff, 0xff, 0xff, 0xff, 0xff, 0xff,
    0xfb, 0x0, 0x0, 0xc, 0xff, 0xff, 0xff, 0xff,
    0xff, 0xff, 0xc0, 0x0, 0x0, 0x0, 0x9f, 0xff,
    0xff, 0xff, 0xff, 0xf9, 0x0, 0x0, 0x0, 0x0,
    0x2, 0x7b, 0xef, 0xfe, 0xb7, 0x20, 0x0, 0x0,

    /* U+0056 "V" */
    0x2f, 0xff, 0xff, 0xc0, 0x0, 0x0, 0x0, 0x0,
    0xd, 0xff, 0xff, 0xa0, 0xcf, 0xff, 0xff, 0x30,
    0x0, 0x0, 0x0, 0x4, 0xff, 0xff, 0xf3, 0x5,
    0xff, 0xff, 0xf9, 0x0, 0x0, 0x0, 0x0, 0xaf,
    0xff, 0xfc, 0x0, 0xe, 0xff, 0xff, 0xf1, 0x0,
    0x0, 0x0, 0x1f, 0xff, 0xff, 0x50, 0x0, 0x8f,
    0xff, 0xff, 0x60, 0x0, 0x0, 0x8, 0xff, 0xff,
    0xe0, 0x0, 0x1, 0xff, 0xff, 0xfd, 0x0, 0x0,
    0x0, 0xef, 0xff, 0xf8, 0x0, 0x0, 0xa, 0xff,
    0xff, 0xf4, 0x0, 0x0, 0x5f, 0xff, 0xff, 0x10,
    0x0, 0x0, 0x4f, 0xff, 0xff, 0xa0, 0x0, 0xc,
    0xff, 0xff, 0xb0, 0x0, 0x0, 0x0, 0xdf, 0xff,
    0xff, 0x10, 0x3, 0xff, 0xff, 0xf4, 0x0, 0x0,
    0x0, 0x6, 0xff, 0xff, 0xf7, 0x0, 0x9f, 0xff,
    0xfd, 0x0, 0x0, 0x0, 0x0, 0xf, 0xff, 0xff,
    0xe0, 0x1f, 0xff, 0xff, 0x60, 0x0, 0x0, 0x0,
    0x0, 0x9f, 0xff, 0xff, 0x47, 0xff, 0xff, 0xf0,
    0x0, 0x0, 0x0, 0x0, 0x2, 0xff, 0xff, 0xfb,
    0xdf, 0xff, 0xf9, 0x0, 0x0, 0x0, 0x0, 0x0,
    0xb, 0xff, 0xff, 0xff, 0xff, 0xff, 0x20, 0x0,
    0x0, 0x0, 0x0, 0x0, 0x5f, 0xff, 0xff, 0xff,
    0xff, 0xb0, 0x0, 0x0, 0x0, 0x0, 0x0, 0x0,
    0xef, 0xff, 0xff, 0xff, 0xf5, 0x0, 0x0, 0x0,
    0x0, 0x0, 0x0, 0x7, 0xff, 0xff, 0xff, 0xfe,
    0x0, 0x0, 0x0, 0x0, 0x0, 0x0, 0x0, 0x1f,
    0xff, 0xff, 0xff, 0x70, 0x0, 0x0, 0x0, 0x0,
    0x0, 0x0, 0x0, 0xaf, 0xff, 0xff, 0xf1, 0x0,
    0x0, 0x0, 0x0, 0x0, 0x0, 0x0, 0x3, 0xff,
    0xff, 0xfa, 0x0, 0x0, 0x0, 0x0,

    /* U+0057 "W" */
    0x6f, 0xff, 0xff, 0x40, 0x0, 0x0, 0x0, 0xef,
    0xff, 0xf7, 0x0, 0x0, 0x0, 0xc, 0xff, 0xff,
    0x81, 0xff, 0xff, 0xf9, 0x0, 0x0, 0x0, 0x3f,
    0xff, 0xff, 0xc0, 0x0, 0x0, 0x1, 0xff, 0xff,
    0xf3, 0xc, 0xff, 0xff, 0xe0, 0x0, 0x0, 0x9,
    0xff, 0xff, 0xff, 0x10, 0x0, 0x0, 0x6f, 0xff,
    0xfe, 0x0, 0x7f, 0xff, 0xff, 0x30, 0x0, 0x0,
    0xef, 0xff, 0xff, 0xf6, 0x0, 0x0, 0xb, 0xff,
    0xff, 0x90, 0x1, 0xff, 0xff, 0xf8, 0x0, 0x0,
    0x3f, 0xff, 0xff, 0xff, 0xb0, 0x0, 0x0, 0xff,
    0xff, 0xf4, 0x0, 0xc, 0xff, 0xff, 0xd0, 0x0,
    0x8, 0xff, 0xff, 0xff, 0xff, 0x0, 0x0, 0x5f,
    0xff, 0xfe, 0x0, 0x0, 0x7f, 0xff, 0xff, 0x20,
    0x0, 0xdf, 0xff, 0xff, 0xff, 0xf5, 0x0, 0xa,
    0xff, 0xff, 0xa0, 0x0, 0x2, 0xff, 0xff, 0xf7,
    0x0, 0x2f, 0xff, 0xff, 0xff, 0xff, 0xa0, 0x0,
    0xff, 0xff, 0xf5, 0x0, 0x0, 0xd, 0xff, 0xff,
    0xc0, 0x8, 0xff, 0xff, 0x9f, 0xff, 0xff, 0x0,
    0x4f, 0xff, 0xff, 0x0, 0x0, 0x0, 0x8f, 0xff,
    0xff, 0x10, 0xdf, 0xff, 0xf1, 0xdf, 0xff, 0xf4,
    0x9, 0xff, 0xff, 0xa0, 0x0, 0x0, 0x3, 0xff,
    0xff, 0xf6, 0x2f, 0xff, 0xfc, 0x8, 0xff, 0xff,
    0x90, 0xef, 0xff, 0xf5, 0x0, 0x0, 0x0, 0xe,
    0xff, 0xff, 0xb7, 0xff, 0xff, 0x70, 0x3f, 0xff,
    0xfe, 0x3f, 0xff, 0xff, 0x10, 0x0, 0x0, 0x0,
    0x9f, 0xff, 0xff, 0xdf, 0xff, 0xf2, 0x0, 0xef,
    0xff, 0xfb, 0xff, 0xff, 0xb0, 0x0, 0x0, 0x0,
    0x4, 0xff, 0xff, 0xff, 0xff, 0xfd, 0x0, 0x9,
    0xff, 0xff, 0xff, 0xff, 0xf6, 0x0, 0x0, 0x0,
    0x0, 0xe, 0xff, 0xff, 0xff, 0xff, 0x80, 0x0,
    0x4f, 0xff, 0xff, 0xff, 0xff, 0x10, 0x0, 0x0,
    0x0, 0x0, 0xaf, 0xff, 0xff, 0xff, 0xf2, 0x0,
    0x0, 0xff, 0xff, 0xff, 0xff, 0xc0, 0x0, 0x0,
    0x0, 0x0, 0x5, 0xff, 0xff, 0xff, 0xfd, 0x0,
    0x0, 0xa, 0xff, 0xff, 0xff, 0xf7, 0x0, 0x0,
    0x0, 0x0, 0x0, 0xf, 0xff, 0xff, 0xff, 0x80,
    0x0, 0x0, 0x5f, 0xff, 0xff, 0xff, 0x20, 0x0,
    0x0, 0x0, 0x0, 0x0, 0xaf, 0xff, 0xff, 0xf3,
    0x0, 0x0, 0x1, 0xff, 0xff, 0xff, 0xd0, 0x0,
    0x0, 0x0, 0x0, 0x0, 0x5, 0xff, 0xff, 0xfe,
    0x0, 0x0, 0x0, 0xb, 0xff, 0xff, 0xf8, 0x0,
    0x0, 0x0,

    /* U+0058 "X" */
    0x6, 0xff, 0xff, 0xfd, 0x0, 0x0, 0x0, 0x1f,
    0xff, 0xff, 0xd0, 0x0, 0xbf, 0xff, 0xff, 0x80,
    0x0, 0x0, 0xbf, 0xff, 0xff, 0x30, 0x0, 0x1e,
    0xff, 0xff, 0xf3, 0x0, 0x6, 0xff, 0xff, 0xf7,
    0x0, 0x0, 0x5, 0xff, 0xff, 0xfd, 0x0, 0x1f,
    0xff, 0xff, 0xc0, 0x0, 0x0, 0x0, 0xaf, 0xff,
    0xff, 0x80, 0xbf, 0xff, 0xff, 0x20, 0x0, 0x0,
    0x0, 0xe, 0xff, 0xff, 0xf9, 0xff, 0xff, 0xf5,
    0x0, 0x0, 0x0, 0x0, 0x4, 0xff, 0xff, 0xff,
    0xff, 0xff, 0xa0, 0x0, 0x0, 0x0, 0x0, 0x0,
    0x8f, 0xff, 0xff, 0xff, 0xfe, 0x10, 0x0, 0x0,
    0x0, 0x0, 0x0, 0xd, 0xff, 0xff, 0xff, 0xf4,
    0x0, 0x0, 0x0, 0x0, 0x0, 0x0, 0x3, 0xff,
    0xff, 0xff, 0xa0, 0x0, 0x0, 0x0, 0x0, 0x0,
    0x0, 0x6, 0xff, 0xff, 0xff, 0xe1, 0x0, 0x0,
    0x0, 0x0, 0x0, 0x0, 0x2f, 0xff, 0xff, 0xff,
    0xfb, 0x0, 0x0, 0x0, 0x0, 0x0, 0x0, 0xcf,
    0xff, 0xff, 0xff, 0xff, 0x70, 0x0, 0x0, 0x0,
    0x0, 0x7, 0xff, 0xff, 0xff, 0xff, 0xff, 0xf2,
    0x0, 0x0, 0x0, 0x0, 0x3f, 0xff, 0xff, 0xc4,
    0xff, 0xff, 0xfd, 0x0, 0x0, 0x0, 0x0, 0xdf,
    0xff, 0xff, 0x30, 0x9f, 0xff, 0xff, 0x80, 0x0,
    0x0, 0x9, 0xff, 0xff, 0xf8, 0x0, 0xe, 0xff,
    0xff, 0xf4, 0x0, 0x0, 0x4f, 0xff, 0xff, 0xd0,
    0x0, 0x4, 0xff, 0xff, 0xfe, 0x10, 0x1, 0xef,
    0xff, 0xff, 0x30, 0x0, 0x0, 0xaf, 0xff, 0xff,
    0xa0, 0xb, 0xff, 0xff, 0xf9, 0x0, 0x0, 0x0,
    0x1e, 0xff, 0xff, 0xf5,

    /* U+0059 "Y" */
    0x4f, 0xff, 0xff, 0x90, 0x0, 0x0, 0x0, 0xb,
    0xff, 0xff, 0xa0, 0xaf, 0xff, 0xff, 0x20, 0x0,
    0x0, 0x4, 0xff, 0xff, 0xf2, 0x2, 0xff, 0xff,
    0xfb, 0x0, 0x0, 0x0, 0xdf, 0xff, 0xf8, 0x0,
    0x8, 0xff, 0xff, 0xf5, 0x0, 0x0, 0x7f, 0xff,
    0xfe, 0x0, 0x0, 0xe, 0xff, 0xff, 0xd0, 0x0,
    0x1f, 0xff, 0xff, 0x50, 0x0, 0x0, 0x5f, 0xff,
    0xff, 0x70, 0xa, 0xff, 0xff, 0xb0, 0x0, 0x0,
    0x0, 0xcf, 0xff, 0xff, 0x13, 0xff, 0xff, 0xf2,
    0x0, 0x0, 0x0, 0x2, 0xff, 0xff, 0xfa, 0xdf,
    0xff, 0xf9, 0x0, 0x0, 0x0, 0x0, 0x9, 0xff,
    0xff, 0xff, 0xff, 0xfe, 0x10, 0x0, 0x0, 0x0,
    0x0, 0x1e, 0xff, 0xff, 0xff, 0xff, 0x60, 0x0,
    0x0, 0x0, 0x0, 0x0, 0x6f, 0xff, 0xff, 0xff,
    0xc0, 0x0, 0x0, 0x0, 0x0, 0x0, 0x0, 0xcf,
    0xff, 0xff, 0xf3, 0x0, 0x0, 0x0, 0x0, 0x0,
    0x0, 0x4, 0xff, 0xff, 0xfa, 0x0, 0x0, 0x0,
    0x0, 0x0, 0x0, 0x0, 0x1f, 0xff, 0xff, 0x70,
    0x0, 0x0, 0x0, 0x0, 0x0, 0x0, 0x1, 0xff,
    0xff, 0xf7, 0x0, 0x0, 0x0, 0x0, 0x0, 0x0,
    0x0, 0x1f, 0xff, 0xff, 0x70, 0x0, 0x0, 0x0,
    0x0, 0x0, 0x0, 0x1, 0xff, 0xff, 0xf7, 0x0,
    0x0, 0x0, 0x0, 0x0, 0x0, 0x0, 0x1f, 0xff,
    0xff, 0x70, 0x0, 0x0, 0x0, 0x0, 0x0, 0x0,
    0x1, 0xff, 0xff, 0xf7, 0x0, 0x0, 0x0, 0x0,
    0x0, 0x0, 0x0, 0x1f, 0xff, 0xff, 0x70, 0x0,
    0x0, 0x0,

    /* U+005A "Z" */
    0xc, 0xff, 0xff, 0xff, 0xff, 0xff, 0xff, 0xff,
    0xff, 0x10, 0xcf, 0xff, 0xff, 0xff, 0xff, 0xff,
    0xff, 0xff, 0xf1, 0xc, 0xff, 0xff, 0xff, 0xff,
    0xff, 0xff, 0xff, 0xff, 0x10, 0xcf, 0xff, 0xff,
    0xff, 0xff, 0xff, 0xff, 0xff, 0xf1, 0x6, 0x88,
    0x88, 0x88, 0x88, 0xbf, 0xff, 0xff, 0xf5, 0x0,
    0x0, 0x0, 0x0, 0x0, 0x1d, 0xff, 0xff, 0xf8,
    0x0, 0x0, 0x0, 0x0, 0x0, 0xb, 0xff, 0xff,
    0xfa, 0x0, 0x0, 0x0, 0x0, 0x0, 0x9, 0xff,
    0xff, 0xfc, 0x0, 0x0, 0x0, 0x0, 0x0, 0x7,
    0xff, 0xff, 0xfe, 0x10, 0x0, 0x0, 0x0, 0x0,
    0x4, 0xff, 0xff, 0xff, 0x30, 0x0, 0x0, 0x0,
    0x0, 0x2, 0xff, 0xff, 0xff, 0x50, 0x0, 0x0,
    0x0, 0x0, 0x1, 0xdf, 0xff, 0xff, 0x80, 0x0,
    0x0, 0x0, 0x0, 0x0, 0xbf, 0xff, 0xff, 0xa0,
    0x0, 0x0, 0x0, 0x0, 0x0, 0x9f, 0xff, 0xff,
    0xc0, 0x0, 0x0, 0x0, 0x0, 0x0, 0x7f, 0xff,
    0xff, 0xe1, 0x0, 0x0, 0x0, 0x0, 0x0, 0x4f,
    0xff, 0xff, 0xfb, 0x99, 0x99, 0x99, 0x99, 0x94,
    0xf, 0xff, 0xff, 0xff, 0xff, 0xff, 0xff, 0xff,
    0xff, 0x80, 0xff, 0xff, 0xff, 0xff, 0xff, 0xff,
    0xff, 0xff, 0xf8, 0xf, 0xff, 0xff, 0xff, 0xff,
    0xff, 0xff, 0xff, 0xff, 0x80, 0xff, 0xff, 0xff,
    0xff, 0xff, 0xff, 0xff, 0xff, 0xf8,

    /* U+005B "[" */
    0x3, 0x33, 0x33, 0x33, 0x31, 0xf, 0xff, 0xff,
    0xff, 0xf8, 0xf, 0xff, 0xff, 0xff, 0xf8, 0xf,
    0xff, 0xff, 0xff, 0xf8, 0xf, 0xff, 0xff, 0xff,
    0xf8, 0xf, 0xff, 0xff, 0x40, 0x0, 0xf, 0xff,
    0xff, 0x40, 0x0, 0xf, 0xff, 0xff, 0x40, 0x0,
    0xf, 0xff, 0xff, 0x40, 0x0, 0xf, 0xff, 0xff,
    0x40, 0x0, 0xf, 0xff, 0xff, 0x40, 0x0, 0xf,
    0xff, 0xff, 0x40, 0x0, 0xf, 0xff, 0xff, 0x40,
    0x0, 0xf, 0xff, 0xff, 0x40, 0x0, 0xf, 0xff,
    0xff, 0x40, 0x0, 0xf, 0xff, 0xff, 0x40, 0x0,
    0xf, 0xff, 0xff, 0x40, 0x0, 0xf, 0xff, 0xff,
    0x40, 0x0, 0xf, 0xff, 0xff, 0x40, 0x0, 0xf,
    0xff, 0xff, 0x40, 0x0, 0xf, 0xff, 0xff, 0x40,
    0x0, 0xf, 0xff, 0xff, 0x40, 0x0, 0xf, 0xff,
    0xff, 0x40, 0x0, 0xf, 0xff, 0xff, 0x73, 0x31,
    0xf, 0xff, 0xff, 0xff, 0xf8, 0xf, 0xff, 0xff,
    0xff, 0xf8, 0xf, 0xff, 0xff, 0xff, 0xf8, 0xf,
    0xff, 0xff, 0xff, 0xf8,

    /* U+005C "\\" */
    0x18, 0x88, 0x84, 0x0, 0x0, 0x0, 0x0, 0x0,
    0xff, 0xff, 0xc0, 0x0, 0x0, 0x0, 0x0, 0xa,
    0xff, 0xff, 0x10, 0x0, 0x0, 0x0, 0x0, 0x4f,
    0xff, 0xf6, 0x0, 0x0, 0x0, 0x0, 0x0, 0xff,
    0xff, 0xc0, 0x0, 0x0, 0x0, 0x0, 0xa, 0xff,
    0xff, 0x10, 0x0, 0x0, 0x0, 0x0, 0x4f, 0xff,
    0xf6, 0x0, 0x0, 0x0, 0x0, 0x0, 0xff, 0xff,
    0xc0, 0x0, 0x0, 0x0, 0x0, 0xa, 0xff, 0xff,
    0x10, 0x0, 0x0, 0x0, 0x0, 0x4f, 0xff, 0xf7,
    0x0, 0x0, 0x0, 0x0, 0x0, 0xef, 0xff, 0xc0,
    0x0, 0x0, 0x0, 0x0, 0x9, 0xff, 0xff, 0x10,
    0x0, 0x0, 0x0, 0x0, 0x4f, 0xff, 0xf7, 0x0,
    0x0, 0x0, 0x0, 0x0, 0xef, 0xff, 0xc0, 0x0,
    0x0, 0x0, 0x0, 0x9, 0xff, 0xff, 0x10, 0x0,
    0x0, 0x0, 0x0, 0x4f, 0xff, 0xf7, 0x0, 0x0,
    0x0, 0x0, 0x0, 0xef, 0xff, 0xc0, 0x0, 0x0,
    0x0, 0x0, 0x9, 0xff, 0xff, 0x20, 0x0, 0x0,
    0x0, 0x0, 0x4f, 0xff, 0xf7, 0x0, 0x0, 0x0,
    0x0, 0x0, 0xef, 0xff, 0xc0, 0x0, 0x0, 0x0,
    0x0, 0x9, 0xff, 0xff, 0x20, 0x0, 0x0, 0x0,
    0x0, 0x4f, 0xff, 0xf7, 0x0, 0x0, 0x0, 0x0,
    0x0, 0xef, 0xff, 0xc0, 0x0, 0x0, 0x0, 0x0,
    0x9, 0xff, 0xff, 0x20, 0x0, 0x0, 0x0, 0x0,
    0x4f, 0xff, 0xf7, 0x0, 0x0, 0x0, 0x0, 0x0,
    0xef, 0xff, 0xd0, 0x0, 0x0, 0x0, 0x0, 0x9,
    0xff, 0xff, 0x20, 0x0, 0x0, 0x0, 0x0, 0x3f,
    0xff, 0xf7,

    /* U+005D "]" */
    0x23, 0x33, 0x33, 0x33, 0x3a, 0xff, 0xff, 0xff,
    0xfe, 0xaf, 0xff, 0xff, 0xff, 0xea, 0xff, 0xff,
    0xff, 0xfe, 0xaf, 0xff, 0xff, 0xff, 0xe0, 0x0,
    0x6f, 0xff, 0xfe, 0x0, 0x6, 0xff, 0xff, 0xe0,
    0x0, 0x6f, 0xff, 0xfe, 0x0, 0x6, 0xff, 0xff,
    0xe0, 0x0, 0x6f, 0xff, 0xfe, 0x0, 0x6, 0xff,
    0xff, 0xe0, 0x0, 0x6f, 0xff, 0xfe, 0x0, 0x6,
    0xff, 0xff, 0xe0, 0x0, 0x6f, 0xff, 0xfe, 0x0,
    0x6, 0xff, 0xff, 0xe0, 0x0, 0x6f, 0xff, 0xfe,
    0x0, 0x6, 0xff, 0xff, 0xe0, 0x0, 0x6f, 0xff,
    0xfe, 0x0, 0x6, 0xff, 0xff, 0xe0, 0x0, 0x6f,
    0xff, 0xfe, 0x0, 0x6, 0xff, 0xff, 0xe0, 0x0,
    0x6f, 0xff, 0xfe, 0x0, 0x6, 0xff, 0xff, 0xe2,
    0x33, 0x8f, 0xff, 0xfe, 0xaf, 0xff, 0xff, 0xff,
    0xea, 0xff, 0xff, 0xff, 0xfe, 0xaf, 0xff, 0xff,
    0xff, 0xea, 0xff, 0xff, 0xff, 0xfe,

    /* U+005E "^" */
    0x0, 0x0, 0xc, 0xff, 0xfd, 0x0, 0x0, 0x0,
    0x0, 0x3, 0xff, 0xff, 0xf4, 0x0, 0x0, 0x0,
    0x0, 0xaf, 0xff, 0xff, 0xb0, 0x0, 0x0, 0x0,
    0x1f, 0xff, 0xff, 0xff, 0x20, 0x0, 0x0, 0x7,
    0xff, 0xfb, 0xff, 0xf8, 0x0, 0x0, 0x0, 0xef,
    0xff, 0x1e, 0xff, 0xf0, 0x0, 0x0, 0x5f, 0xff,
    0x90, 0x8f, 0xff, 0x60, 0x0, 0xc, 0xff, 0xf2,
    0x1, 0xff, 0xfd, 0x0, 0x3, 0xff, 0xfc, 0x0,
    0xb, 0xff, 0xf4, 0x0, 0x9f, 0xff, 0x50, 0x0,
    0x4f, 0xff, 0xb0, 0x1f, 0xff, 0xe0, 0x0, 0x0,
    0xdf, 0xff, 0x27, 0xff, 0xf8, 0x0, 0x0, 0x7,
    0xff, 0xf8,

    /* U+005F "_" */
    0x0, 0x0, 0x0, 0x0, 0x0, 0x0, 0x0, 0xff,
    0xff, 0xff, 0xff, 0xff, 0xff, 0xff, 0xff, 0xff,
    0xff, 0xff, 0xff, 0xff, 0xff, 0xff, 0xff, 0xff,
    0xff, 0xff, 0xff, 0xff,

    /* U+0060 "`" */
    0x58, 0x88, 0x84, 0x0, 0x0, 0xb, 0xff, 0xff,
    0x30, 0x0, 0x0, 0x9f, 0xff, 0xe2, 0x0, 0x0,
    0x6, 0xff, 0xfd, 0x0, 0x0, 0x0, 0x4f, 0xff,
    0xb0,

    /* U+0061 "a" */
    0x0, 0x2, 0x7b, 0xef, 0xfe, 0xc8, 0x20, 0x0,
    0x2, 0xbf, 0xff, 0xff, 0xff, 0xff, 0xf8, 0x0,
    0x2, 0xff, 0xff, 0xff, 0xff, 0xff, 0xff, 0x80,
    0x0, 0xaf, 0xff, 0xff, 0xff, 0xff, 0xff, 0xf2,
    0x0, 0x2f, 0xb6, 0x43, 0x5a, 0xff, 0xff, 0xf8,
    0x0, 0x1, 0x0, 0x0, 0x0, 0x9f, 0xff, 0xfc,
    0x0, 0x2, 0x8b, 0xdd, 0xee, 0xef, 0xff, 0xfe,
    0x0, 0x8f, 0xff, 0xff, 0xff, 0xff, 0xff, 0xfe,
    0x7, 0xff, 0xff, 0xff, 0xff, 0xff, 0xff, 0xff,
    0xe, 0xff, 0xff, 0x91, 0x0, 0x6f, 0xff, 0xff,
    0x1f, 0xff, 0xff, 0x0, 0x0, 0x7f, 0xff, 0xff,
    0x1f, 0xff, 0xff, 0x30, 0x1, 0xef, 0xff, 0xff,
    0xe, 0xff, 0xff, 0xe9, 0x9e, 0xff, 0xff, 0xff,
    0x7, 0xff, 0xff, 0xff, 0xff, 0xff, 0xff, 0xff,
    0x0, 0xaf, 0xff, 0xff, 0xff, 0x7f, 0xff, 0xff,
    0x0, 0x5, 0xbe, 0xfe, 0xb4, 0xf, 0xff, 0xff,

    /* U+0062 "b" */
    0x29, 0x99, 0x99, 0x0, 0x0, 0x0, 0x0, 0x0,
    0x0, 0x4f, 0xff, 0xff, 0x0, 0x0, 0x0, 0x0,
    0x0, 0x0, 0x4f, 0xff, 0xff, 0x0, 0x0, 0x0,
    0x0, 0x0, 0x0, 0x4f, 0xff, 0xff, 0x0, 0x0,
    0x0, 0x0, 0x0, 0x0, 0x4f, 0xff, 0xff, 0x0,
    0x0, 0x0, 0x0, 0x0, 0x0, 0x4f, 0xff, 0xff,
    0x0, 0x0, 0x0, 0x0, 0x0, 0x0, 0x4f, 0xff,
    0xff, 0x6, 0xcf, 0xfd, 0xa3, 0x0, 0x0, 0x4f,
    0xff, 0xff, 0xcf, 0xff, 0xff, 0xff, 0xa0, 0x0,
    0x4f, 0xff, 0xff, 0xff, 0xff, 0xff, 0xff, 0xfc,
    0x0, 0x4f, 0xff, 0xff, 0xff, 0xff, 0xff, 0xff,
    0xff, 0x80, 0x4f, 0xff, 0xff, 0xfd, 0x87, 0xbf,
    0xff, 0xff, 0xf1, 0x4f, 0xff, 0xff, 0xc0, 0x0,
    0x8, 0xff, 0xff, 0xf6, 0x4f, 0xff, 0xff, 0x30,
    0x0, 0x0, 0xef, 0xff, 0xf9, 0x4f, 0xff, 0xff,
    0x0, 0x0, 0x0, 0xbf, 0xff, 0xfa, 0x4f, 0xff,
    0xff, 0x0, 0x0, 0x0, 0xcf, 0xff, 0xfa, 0x4f,
    0xff, 0xff, 0x30, 0x0, 0x0, 0xef, 0xff, 0xf9,
    0x4f, 0xff, 0xff, 0xc0, 0x0, 0x8, 0xff, 0xff,
    0xf5, 0x4f, 0xff, 0xff, 0xfd, 0x87, 0xbf, 0xff,
    0xff, 0xf1, 0x4f, 0xff, 0xff, 0xff, 0xff, 0xff,
    0xff, 0xff, 0x70, 0x4f, 0xff, 0xff, 0xff, 0xff,
    0xff, 0xff, 0xfb, 0x0, 0x4f, 0xff, 0xfd, 0xdf,
    0xff, 0xff, 0xff, 0x90, 0x0, 0x4f, 0xff, 0xfc,
    0x17, 0xcf, 0xfd, 0xa3, 0x0, 0x0,

    /* U+0063 "c" */
    0x0, 0x0, 0x3, 0x9d, 0xff, 0xec, 0x81, 0x0,
    0x0, 0x0, 0x1a, 0xff, 0xff, 0xff, 0xff, 0xf7,
    0x0, 0x0, 0x1e, 0xff, 0xff, 0xff, 0xff, 0xff,
    0xf7, 0x0, 0xc, 0xff, 0xff, 0xff, 0xff, 0xff,
    0xff, 0xf3, 0x7, 0xff, 0xff, 0xff, 0x86, 0x9f,
    0xff, 0xfd, 0x30, 0xdf, 0xff, 0xfe, 0x10, 0x0,
    0x3f, 0xd6, 0x0, 0x1f, 0xff, 0xff, 0x60, 0x0,
    0x0, 0x30, 0x0, 0x3, 0xff, 0xff, 0xf3, 0x0,
    0x0, 0x0, 0x0, 0x0, 0x3f, 0xff, 0xff, 0x30,
    0x0, 0x0, 0x0, 0x0, 0x1, 0xff, 0xff, 0xf6,
    0x0, 0x0, 0x3, 0x0, 0x0, 0xd, 0xff, 0xff,
    0xe1, 0x0, 0x3, 0xfe, 0x60, 0x0, 0x7f, 0xff,
    0xff, 0xf9, 0x69, 0xff, 0xff, 0xd3, 0x0, 0xcf,
    0xff, 0xff, 0xff, 0xff, 0xff, 0xff, 0x20, 0x1,
    0xef, 0xff, 0xff, 0xff, 0xff, 0xff, 0x70, 0x0,
    0x1, 0xaf, 0xff, 0xff, 0xff, 0xff, 0x60, 0x0,
    0x0, 0x0, 0x39, 0xdf, 0xff, 0xc8, 0x10, 0x0,

    /* U+0064 "d" */
    0x0, 0x0, 0x0, 0x0, 0x0, 0x0, 0x49, 0x99,
    0x97, 0x0, 0x0, 0x0, 0x0, 0x0, 0x0, 0x7f,
    0xff, 0xfd, 0x0, 0x0, 0x0, 0x0, 0x0, 0x0,
    0x7f, 0xff, 0xfd, 0x0, 0x0, 0x0, 0x0, 0x0,
    0x0, 0x7f, 0xff, 0xfd, 0x0, 0x0, 0x0, 0x0,
    0x0, 0x0, 0x7f, 0xff, 0xfd, 0x0, 0x0, 0x0,
    0x0, 0x0, 0x0, 0x7f, 0xff, 0xfd, 0x0, 0x0,
    0x6, 0xce, 0xfe, 0xa2, 0x7f, 0xff, 0xfd, 0x0,
    0x3, 0xef, 0xff, 0xff, 0xff, 0xcf, 0xff, 0xfd,
    0x0, 0x4f, 0xff, 0xff, 0xff, 0xff, 0xff, 0xff,
    0xfd, 0x1, 0xef, 0xff, 0xff, 0xff, 0xff, 0xff,
    0xff, 0xfd, 0x7, 0xff, 0xff, 0xff, 0x86, 0x9f,
    0xff, 0xff, 0xfd, 0xd, 0xff, 0xff, 0xf2, 0x0,
    0x4, 0xff, 0xff, 0xfd, 0xf, 0xff, 0xff, 0x80,
    0x0, 0x0, 0xaf, 0xff, 0xfd, 0x1f, 0xff, 0xff,
    0x50, 0x0, 0x0, 0x7f, 0xff, 0xfd, 0x1f, 0xff,
    0xff, 0x50, 0x0, 0x0, 0x7f, 0xff, 0xfd, 0xf,
    0xff, 0xff, 0x80, 0x0, 0x0, 0xaf, 0xff, 0xfd,
    0xc, 0xff, 0xff, 0xf2, 0x0, 0x4, 0xff, 0xff,
    0xfd, 0x7, 0xff, 0xff, 0xff, 0x97, 0x9f, 0xff,
    0xff, 0xfd, 0x1, 0xef, 0xff, 0xff, 0xff, 0xff,
    0xff, 0xff, 0xfd, 0x0, 0x3f, 0xff, 0xff, 0xff,
    0xff, 0xff, 0xff, 0xfd, 0x0, 0x3, 0xef, 0xff,
    0xff, 0xff, 0xbf, 0xff, 0xfd, 0x0, 0x0, 0x6,
    0xce, 0xfe, 0xb4, 0x3f, 0xff, 0xfd,

    /* U+0065 "e" */
    0x0, 0x0, 0x4, 0xad, 0xff, 0xda, 0x50, 0x0,
    0x0, 0x0, 0x1, 0xbf, 0xff, 0xff, 0xff, 0xfd,
    0x30, 0x0, 0x0, 0x2e, 0xff, 0xff, 0xff, 0xff,
    0xff, 0xf4, 0x0, 0x0, 0xdf, 0xff, 0xff, 0xff,
    0xff, 0xff, 0xff, 0x20, 0x7, 0xff, 0xff, 0xe4,
    0x0, 0x3c, 0xff, 0xff, 0x90, 0xe, 0xff, 0xff,
    0x40, 0x0, 0x1, 0xff, 0xff, 0xe0, 0x1f, 0xff,
    0xff, 0xee, 0xee, 0xee, 0xff, 0xff, 0xf2, 0x3f,
    0xff, 0xff, 0xff, 0xff, 0xff, 0xff, 0xff, 0xf3,
    0x3f, 0xff, 0xff, 0xff, 0xff, 0xff, 0xff, 0xff,
    0xf2, 0x1f, 0xff, 0xff, 0x50, 0x0, 0x0, 0x0,
    0x0, 0x0, 0xd, 0xff, 0xff, 0xd1, 0x0, 0x0,
    0x16, 0x0, 0x0, 0x7, 0xff, 0xff, 0xfd, 0x74,
    0x48, 0xff, 0x60, 0x0, 0x0, 0xcf, 0xff, 0xff,
    0xff, 0xff, 0xff, 0xf4, 0x0, 0x0, 0x1d, 0xff,
    0xff, 0xff, 0xff, 0xff, 0xfd, 0x0, 0x0, 0x0,
    0xaf, 0xff, 0xff, 0xff, 0xff, 0xc1, 0x0, 0x0,
    0x0, 0x3, 0x8c, 0xff, 0xed, 0x94, 0x0, 0x0,

    /* U+0066 "f" */
    0x0, 0x0, 0x5, 0xbe, 0xfe, 0xc7, 0x0, 0x0,
    0xb, 0xff, 0xff, 0xff, 0xe0, 0x0, 0x9, 0xff,
    0xff, 0xff, 0xf9, 0x0, 0x2, 0xff, 0xff, 0xff,
    0xff, 0x40, 0x0, 0x7f, 0xff, 0xff, 0x74, 0x80,
    0x0, 0x9, 0xff, 0xff, 0xa0, 0x0, 0x0, 0x12,
    0xbf, 0xff, 0xf9, 0x22, 0x20, 0xe, 0xff, 0xff,
    0xff, 0xff, 0xff, 0x10, 0xef, 0xff, 0xff, 0xff,
    0xff, 0xf1, 0xe, 0xff, 0xff, 0xff, 0xff, 0xff,
    0x10, 0xef, 0xff, 0xff, 0xff, 0xff, 0xf1, 0x0,
    0xa, 0xff, 0xff, 0xa0, 0x0, 0x0, 0x0, 0xaf,
    0xff, 0xfa, 0x0, 0x0, 0x0, 0xa, 0xff, 0xff,
    0xa0, 0x0, 0x0, 0x0, 0xaf, 0xff, 0xfa, 0x0,
    0x0, 0x0, 0xa, 0xff, 0xff, 0xa0, 0x0, 0x0,
    0x0, 0xaf, 0xff, 0xfa, 0x0, 0x0, 0x0, 0xa,
    0xff, 0xff, 0xa0, 0x0, 0x0, 0x0, 0xaf, 0xff,
    0xfa, 0x0, 0x0, 0x0, 0xa, 0xff, 0xff, 0xa0,
    0x0, 0x0, 0x0, 0xaf, 0xff, 0xfa, 0x0, 0x0,
    0x0, 0xa, 0xff, 0xff, 0xa0, 0x0, 0x0,

    /* U+0067 "g" */
    0x0, 0x0, 0x17, 0xce, 0xfe, 0xa3, 0xf, 0xff,
    0xff, 0x0, 0x0, 0x5e, 0xff, 0xff, 0xff, 0xf7,
    0xff, 0xff, 0xf0, 0x0, 0x5f, 0xff, 0xff, 0xff,
    0xff, 0xff, 0xff, 0xff, 0x0, 0x2f, 0xff, 0xff,
    0xff, 0xff, 0xff, 0xff, 0xff, 0xf0, 0xa, 0xff,
    0xff, 0xfe, 0x86, 0x9f, 0xff, 0xff, 0xff, 0x0,
    0xff, 0xff, 0xfe, 0x10, 0x0, 0x2e, 0xff, 0xff,
    0xf0, 0x2f, 0xff, 0xff, 0x50, 0x0, 0x0, 0x7f,
    0xff, 0xff, 0x3, 0xff, 0xff, 0xf2, 0x0, 0x0,
    0x4, 0xff, 0xff, 0xf0, 0x3f, 0xff, 0xff, 0x40,
    0x0, 0x0, 0x6f, 0xff, 0xff, 0x1, 0xff, 0xff,
    0xfa, 0x0, 0x0, 0xc, 0xff, 0xff, 0xf0, 0xc,
    0xff, 0xff, 0xfa, 0x20, 0x3b, 0xff, 0xff, 0xff,
    0x0, 0x5f, 0xff, 0xff, 0xff, 0xff, 0xff, 0xff,
    0xff, 0xf0, 0x0, 0xaf, 0xff, 0xff, 0xff, 0xff,
    0xff, 0xff, 0xff, 0x0, 0x0, 0xbf, 0xff, 0xff,
    0xff, 0xfe, 0xff, 0xff, 0xf0, 0x0, 0x0, 0x6d,
    0xff, 0xff, 0xf8, 0x6f, 0xff, 0xfe, 0x0, 0x0,
    0x0, 0x2, 0x45, 0x40, 0x8, 0xff, 0xff, 0xc0,
    0x0, 0x8, 0x40, 0x0, 0x0, 0x1, 0xff, 0xff,
    0xf9, 0x0, 0x2, 0xff, 0xd8, 0x54, 0x47, 0xef,
    0xff, 0xff, 0x30, 0x0, 0xaf, 0xff, 0xff, 0xff,
    0xff, 0xff, 0xff, 0xb0, 0x0, 0x2f, 0xff, 0xff,
    0xff, 0xff, 0xff, 0xff, 0xd1, 0x0, 0x0, 0x7e,
    0xff, 0xff, 0xff, 0xff, 0xff, 0xa1, 0x0, 0x0,
    0x0, 0x5, 0x9c, 0xef, 0xfe, 0xc8, 0x20, 0x0,
    0x0,

    /* U+0068 "h" */
    0x29, 0x99, 0x99, 0x0, 0x0, 0x0, 0x0, 0x0,
    0x4, 0xff, 0xff, 0xf0, 0x0, 0x0, 0x0, 0x0,
    0x0, 0x4f, 0xff, 0xff, 0x0, 0x0, 0x0, 0x0,
    0x0, 0x4, 0xff, 0xff, 0xf0, 0x0, 0x0, 0x0,
    0x0, 0x0, 0x4f, 0xff, 0xff, 0x0, 0x0, 0x0,
    0x0, 0x0, 0x4, 0xff, 0xff, 0xf0, 0x0, 0x0,
    0x0, 0x0, 0x0, 0x4f, 0xff, 0xff, 0x4, 0xae,
    0xfe, 0xb5, 0x0, 0x4, 0xff, 0xff, 0xfa, 0xff,
    0xff, 0xff, 0xfb, 0x0, 0x4f, 0xff, 0xff, 0xff,
    0xff, 0xff, 0xff, 0xfa, 0x4, 0xff, 0xff, 0xff,
    0xff, 0xff, 0xff, 0xff, 0xf3, 0x4f, 0xff, 0xff,
    0xff, 0xcc, 0xff, 0xff, 0xff, 0x84, 0xff, 0xff,
    0xfe, 0x20, 0x3, 0xff, 0xff, 0xfb, 0x4f, 0xff,
    0xff, 0x50, 0x0, 0xa, 0xff, 0xff, 0xd4, 0xff,
    0xff, 0xf1, 0x0, 0x0, 0x8f, 0xff, 0xfd, 0x4f,
    0xff, 0xff, 0x0, 0x0, 0x7, 0xff, 0xff, 0xd4,
    0xff, 0xff, 0xf0, 0x0, 0x0, 0x7f, 0xff, 0xfd,
    0x4f, 0xff, 0xff, 0x0, 0x0, 0x7, 0xff, 0xff,
    0xd4, 0xff, 0xff, 0xf0, 0x0, 0x0, 0x7f, 0xff,
    0xfd, 0x4f, 0xff, 0xff, 0x0, 0x0, 0x7, 0xff,
    0xff, 0xd4, 0xff, 0xff, 0xf0, 0x0, 0x0, 0x7f,
    0xff, 0xfd, 0x4f, 0xff, 0xff, 0x0, 0x0, 0x7,
    0xff, 0xff, 0xd4, 0xff, 0xff, 0xf0, 0x0, 0x0,
    0x7f, 0xff, 0xfd,

    /* U+0069 "i" */
    0x7, 0xdf, 0xc4, 0x6, 0xff, 0xff, 0xf3, 0xcf,
    0xff, 0xff, 0x8c, 0xff, 0xff, 0xf7, 0x5f, 0xff,
    0xff, 0x20, 0x5b, 0xda, 0x20, 0x0, 0x0, 0x0,
    0x4, 0xff, 0xff, 0xf0, 0x4f, 0xff, 0xff, 0x4,
    0xff, 0xff, 0xf0, 0x4f, 0xff, 0xff, 0x4, 0xff,
    0xff, 0xf0, 0x4f, 0xff, 0xff, 0x4, 0xff, 0xff,
    0xf0, 0x4f, 0xff, 0xff, 0x4, 0xff, 0xff, 0xf0,
    0x4f, 0xff, 0xff, 0x4, 0xff, 0xff, 0xf0, 0x4f,
    0xff, 0xff, 0x4, 0xff, 0xff, 0xf0, 0x4f, 0xff,
    0xff, 0x4, 0xff, 0xff, 0xf0, 0x4f, 0xff, 0xff,
    0x0,

    /* U+006A "j" */
    0x0, 0x0, 0x4, 0xcf, 0xd7, 0x0, 0x0, 0x3,
    0xff, 0xff, 0xf6, 0x0, 0x0, 0x9f, 0xff, 0xff,
    0xc0, 0x0, 0x8, 0xff, 0xff, 0xfb, 0x0, 0x0,
    0x2f, 0xff, 0xff, 0x40, 0x0, 0x0, 0x3a, 0xdb,
    0x40, 0x0, 0x0, 0x0, 0x0, 0x0, 0x0, 0x0,
    0x1, 0xff, 0xff, 0xf4, 0x0, 0x0, 0x1f, 0xff,
    0xff, 0x40, 0x0, 0x1, 0xff, 0xff, 0xf4, 0x0,
    0x0, 0x1f, 0xff, 0xff, 0x40, 0x0, 0x1, 0xff,
    0xff, 0xf4, 0x0, 0x0, 0x1f, 0xff, 0xff, 0x40,
    0x0, 0x1, 0xff, 0xff, 0xf4, 0x0, 0x0, 0x1f,
    0xff, 0xff, 0x40, 0x0, 0x1, 0xff, 0xff, 0xf4,
    0x0, 0x0, 0x1f, 0xff, 0xff, 0x40, 0x0, 0x1,
    0xff, 0xff, 0xf4, 0x0, 0x0, 0x1f, 0xff, 0xff,
    0x40, 0x0, 0x1, 0xff, 0xff, 0xf4, 0x0, 0x0,
    0x1f, 0xff, 0xff, 0x40, 0x0, 0x1, 0xff, 0xff,
    0xf4, 0x0, 0x0, 0x1f, 0xff, 0xff, 0x30, 0x0,
    0x3, 0xff, 0xff, 0xf2, 0x4, 0x65, 0xcf, 0xff,
    0xff, 0x0, 0xbf, 0xff, 0xff, 0xff, 0xb0, 0x1f,
    0xff, 0xff, 0xff, 0xf3, 0x6, 0xff, 0xff, 0xff,
    0xf5, 0x0, 0x3a, 0xdf, 0xfd, 0x92, 0x0, 0x0,

    /* U+006B "k" */
    0x29, 0x99, 0x99, 0x0, 0x0, 0x0, 0x0, 0x0,
    0x0, 0x4, 0xff, 0xff, 0xf0, 0x0, 0x0, 0x0,
    0x0, 0x0, 0x0, 0x4f, 0xff, 0xff, 0x0, 0x0,
    0x0, 0x0, 0x0, 0x0, 0x4, 0xff, 0xff, 0xf0,
    0x0, 0x0, 0x0, 0x0, 0x0, 0x0, 0x4f, 0xff,
    0xff, 0x0, 0x0, 0x0, 0x0, 0x0, 0x0, 0x4,
    0xff, 0xff, 0xf0, 0x0, 0x0, 0x0, 0x0, 0x0,
    0x0, 0x4f, 0xff, 0xff, 0x0, 0x0, 0x2e, 0xff,
    0xff, 0xf5, 0x4, 0xff, 0xff, 0xf0, 0x0, 0x2e,
    0xff, 0xff, 0xf6, 0x0, 0x4f, 0xff, 0xff, 0x0,
    0x1d, 0xff, 0xff, 0xf7, 0x0, 0x4, 0xff, 0xff,
    0xf0, 0x1d, 0xff, 0xff, 0xf8, 0x0, 0x0, 0x4f,
    0xff, 0xff, 0x2d, 0xff, 0xff, 0xf9, 0x0, 0x0,
    0x4, 0xff, 0xff, 0xfd, 0xff, 0xff, 0xfa, 0x0,
    0x0, 0x0, 0x4f, 0xff, 0xff, 0xff, 0xff, 0xfc,
    0x0, 0x0, 0x0, 0x4, 0xff, 0xff, 0xff, 0xff,
    0xff, 0xd1, 0x0, 0x0, 0x0, 0x4f, 0xff, 0xff,
    0xff, 0xff, 0xff, 0xb0, 0x0, 0x0, 0x4, 0xff,
    0xff, 0xff, 0xff, 0xff, 0xff, 0x60, 0x0, 0x0,
    0x4f, 0xff, 0xff, 0xfb, 0xff, 0xff, 0xff, 0x30,
    0x0, 0x4, 0xff, 0xff, 0xf9, 0x8, 0xff, 0xff,
    0xfd, 0x0, 0x0, 0x4f, 0xff, 0xff, 0x0, 0xc,
    0xff, 0xff, 0xfa, 0x0, 0x4, 0xff, 0xff, 0xf0,
    0x0, 0x1e, 0xff, 0xff, 0xf6, 0x0, 0x4f, 0xff,
    0xff, 0x0, 0x0, 0x4f, 0xff, 0xff, 0xf3, 0x4,
    0xff, 0xff, 0xf0, 0x0, 0x0, 0x8f, 0xff, 0xff,
    0xd0,

    /* U+006C "l" */
    0x29, 0x99, 0x99, 0x4, 0xff, 0xff, 0xf0, 0x4f,
    0xff, 0xff, 0x4, 0xff, 0xff, 0xf0, 0x4f, 0xff,
    0xff, 0x4, 0xff, 0xff, 0xf0, 0x4f, 0xff, 0xff,
    0x4, 0xff, 0xff, 0xf0, 0x4f, 0xff, 0xff, 0x4,
    0xff, 0xff, 0xf0, 0x4f, 0xff, 0xff, 0x4, 0xff,
    0xff, 0xf0, 0x4f, 0xff, 0xff, 0x4, 0xff, 0xff,
    0xf0, 0x4f, 0xff, 0xff, 0x4, 0xff, 0xff, 0xf0,
    0x4f, 0xff, 0xff, 0x4, 0xff, 0xff, 0xf0, 0x4f,
    0xff, 0xff, 0x4, 0xff, 0xff, 0xf0, 0x4f, 0xff,
    0xff, 0x4, 0xff, 0xff, 0xf0,

    /* U+006D "m" */
    0x4f, 0xff, 0xfc, 0x6, 0xce, 0xfe, 0x93, 0x0,
    0x5, 0xbe, 0xfe, 0xa4, 0x0, 0x4, 0xff, 0xff,
    0xdd, 0xff, 0xff, 0xff, 0xf7, 0x1c, 0xff, 0xff,
    0xff, 0xf9, 0x0, 0x4f, 0xff, 0xff, 0xff, 0xff,
    0xff, 0xff, 0xfe, 0xff, 0xff, 0xff, 0xff, 0xf7,
    0x4, 0xff, 0xff, 0xff, 0xff, 0xff, 0xff, 0xff,
    0xff, 0xff, 0xff, 0xff, 0xff, 0xf0, 0x4f, 0xff,
    0xff, 0xff, 0xbd, 0xff, 0xff, 0xff, 0xff, 0xcc,
    0xff, 0xff, 0xff, 0x44, 0xff, 0xff, 0xfd, 0x10,
    0xa, 0xff, 0xff, 0xff, 0x30, 0x6, 0xff, 0xff,
    0xf7, 0x4f, 0xff, 0xff, 0x40, 0x0, 0x2f, 0xff,
    0xff, 0x90, 0x0, 0xe, 0xff, 0xff, 0x94, 0xff,
    0xff, 0xf1, 0x0, 0x0, 0xff, 0xff, 0xf6, 0x0,
    0x0, 0xcf, 0xff, 0xf9, 0x4f, 0xff, 0xff, 0x0,
    0x0, 0xf, 0xff, 0xff, 0x50, 0x0, 0xb, 0xff,
    0xff, 0x94, 0xff, 0xff, 0xf0, 0x0, 0x0, 0xff,
    0xff, 0xf5, 0x0, 0x0, 0xbf, 0xff, 0xf9, 0x4f,
    0xff, 0xff, 0x0, 0x0, 0xf, 0xff, 0xff, 0x50,
    0x0, 0xb, 0xff, 0xff, 0x94, 0xff, 0xff, 0xf0,
    0x0, 0x0, 0xff, 0xff, 0xf5, 0x0, 0x0, 0xbf,
    0xff, 0xf9, 0x4f, 0xff, 0xff, 0x0, 0x0, 0xf,
    0xff, 0xff, 0x50, 0x0, 0xb, 0xff, 0xff, 0x94,
    0xff, 0xff, 0xf0, 0x0, 0x0, 0xff, 0xff, 0xf5,
    0x0, 0x0, 0xbf, 0xff, 0xf9, 0x4f, 0xff, 0xff,
    0x0, 0x0, 0xf, 0xff, 0xff, 0x50, 0x0, 0xb,
    0xff, 0xff, 0x94, 0xff, 0xff, 0xf0, 0x0, 0x0,
    0xff, 0xff, 0xf5, 0x0, 0x0, 0xbf, 0xff, 0xf9,

    /* U+006E "n" */
    0x4f, 0xff, 0xfc, 0x5, 0xbe, 0xfe, 0xb5, 0x0,
    0x4, 0xff, 0xff, 0xdc, 0xff, 0xff, 0xff, 0xfb,
    0x0, 0x4f, 0xff, 0xff, 0xff, 0xff, 0xff, 0xff,
    0xfa, 0x4, 0xff, 0xff, 0xff, 0xff, 0xff, 0xff,
    0xff, 0xf3, 0x4f, 0xff, 0xff, 0xff, 0xcc, 0xff,
    0xff, 0xff, 0x84, 0xff, 0xff, 0xfe, 0x20, 0x3,
    0xff, 0xff, 0xfb, 0x4f, 0xff, 0xff, 0x50, 0x0,
    0xa, 0xff, 0xff, 0xd4, 0xff, 0xff, 0xf1, 0x0,
    0x0, 0x8f, 0xff, 0xfd, 0x4f, 0xff, 0xff, 0x0,
    0x0, 0x7, 0xff, 0xff, 0xd4, 0xff, 0xff, 0xf0,
    0x0, 0x0, 0x7f, 0xff, 0xfd, 0x4f, 0xff, 0xff,
    0x0, 0x0, 0x7, 0xff, 0xff, 0xd4, 0xff, 0xff,
    0xf0, 0x0, 0x0, 0x7f, 0xff, 0xfd, 0x4f, 0xff,
    0xff, 0x0, 0x0, 0x7, 0xff, 0xff, 0xd4, 0xff,
    0xff, 0xf0, 0x0, 0x0, 0x7f, 0xff, 0xfd, 0x4f,
    0xff, 0xff, 0x0, 0x0, 0x7, 0xff, 0xff, 0xd4,
    0xff, 0xff, 0xf0, 0x0, 0x0, 0x7f, 0xff, 0xfd,

    /* U+006F "o" */
    0x0, 0x0, 0x4, 0x9d, 0xff, 0xec, 0x71, 0x0,
    0x0, 0x0, 0x1, 0xbf, 0xff, 0xff, 0xff, 0xff,
    0x70, 0x0, 0x0, 0x2e, 0xff, 0xff, 0xff, 0xff,
    0xff, 0xfa, 0x0, 0x0, 0xdf, 0xff, 0xff, 0xff,
    0xff, 0xff, 0xff, 0x80, 0x7, 0xff, 0xff, 0xfe,
    0x86, 0xaf, 0xff, 0xff, 0xf2, 0xd, 0xff, 0xff,
    0xe1, 0x0, 0x5, 0xff, 0xff, 0xf8, 0x1f, 0xff,
    0xff, 0x60, 0x0, 0x0, 0xcf, 0xff, 0xfc, 0x3f,
    0xff, 0xff, 0x30, 0x0, 0x0, 0x8f, 0xff, 0xfd,
    0x3f, 0xff, 0xff, 0x30, 0x0, 0x0, 0x9f, 0xff,
    0xfd, 0x1f, 0xff, 0xff, 0x60, 0x0, 0x0, 0xcf,
    0xff, 0xfb, 0xd, 0xff, 0xff, 0xe1, 0x0, 0x5,
    0xff, 0xff, 0xf8, 0x7, 0xff, 0xff, 0xfe, 0x87,
    0xaf, 0xff, 0xff, 0xf2, 0x0, 0xcf, 0xff, 0xff,
    0xff, 0xff, 0xff, 0xff, 0x70, 0x0, 0x1e, 0xff,
    0xff, 0xff, 0xff, 0xff, 0xfa, 0x0, 0x0, 0x1,
    0xbf, 0xff, 0xff, 0xff, 0xff, 0x70, 0x0, 0x0,
    0x0, 0x3, 0x9d, 0xff, 0xec, 0x71, 0x0, 0x0,

    /* U+0070 "p" */
    0x4f, 0xff, 0xfc, 0x17, 0xcf, 0xfd, 0xa3, 0x0,
    0x0, 0x4f, 0xff, 0xfe, 0xdf, 0xff, 0xff, 0xff,
    0xa0, 0x0, 0x4f, 0xff, 0xff, 0xff, 0xff, 0xff,
    0xff, 0xfc, 0x0, 0x4f, 0xff, 0xff, 0xff, 0xff,
    0xff, 0xff, 0xff, 0x80, 0x4f, 0xff, 0xff, 0xfd,
    0x87, 0xbf, 0xff, 0xff, 0xf1, 0x4f, 0xff, 0xff,
    0xc0, 0x0, 0x8, 0xff, 0xff, 0xf6, 0x4f, 0xff,
    0xff, 0x30, 0x0, 0x0, 0xef, 0xff, 0xf9, 0x4f,
    0xff, 0xff, 0x0, 0x0, 0x0, 0xbf, 0xff, 0xfa,
    0x4f, 0xff, 0xff, 0x0, 0x0, 0x0, 0xcf, 0xff,
    0xfa, 0x4f, 0xff, 0xff, 0x30, 0x0, 0x0, 0xef,
    0xff, 0xf9, 0x4f, 0xff, 0xff, 0xc0, 0x0, 0x8,
    0xff, 0xff, 0xf6, 0x4f, 0xff, 0xff, 0xfd, 0x87,
    0xbf, 0xff, 0xff, 0xf1, 0x4f, 0xff, 0xff, 0xff,
    0xff, 0xff, 0xff, 0xff, 0x70, 0x4f, 0xff, 0xff,
    0xff, 0xff, 0xff, 0xff, 0xfb, 0x0, 0x4f, 0xff,
    0xff, 0xcf, 0xff, 0xff, 0xff, 0xa0, 0x0, 0x4f,
    0xff, 0xff, 0x6, 0xcf, 0xfd, 0xa3, 0x0, 0x0,
    0x4f, 0xff, 0xff, 0x0, 0x0, 0x0, 0x0, 0x0,
    0x0, 0x4f, 0xff, 0xff, 0x0, 0x0, 0x0, 0x0,
    0x0, 0x0, 0x4f, 0xff, 0xff, 0x0, 0x0, 0x0,
    0x0, 0x0, 0x0, 0x4f, 0xff, 0xff, 0x0, 0x0,
    0x0, 0x0, 0x0, 0x0, 0x4f, 0xff, 0xff, 0x0,
    0x0, 0x0, 0x0, 0x0, 0x0, 0x4f, 0xff, 0xff,
    0x0, 0x0, 0x0, 0x0, 0x0, 0x0,

    /* U+0071 "q" */
    0x0, 0x0, 0x17, 0xce, 0xfe, 0xa3, 0x5f, 0xff,
    0xfc, 0x0, 0x4, 0xff, 0xff, 0xff, 0xff, 0xbf,
    0xff, 0xfc, 0x0, 0x5f, 0xff, 0xff, 0xff, 0xff,
    0xff, 0xff, 0xfc, 0x1, 0xff, 0xff, 0xff, 0xff,
    0xff, 0xff, 0xff, 0xfc, 0x8, 0xff, 0xff, 0xfe,
    0x86, 0xaf, 0xff, 0xff, 0xfc, 0xe, 0xff, 0xff,
    0xe1, 0x0, 0x5, 0xff, 0xff, 0xfc, 0x1f, 0xff,
    0xff, 0x60, 0x0, 0x0, 0xcf, 0xff, 0xfc, 0x3f,
    0xff, 0xff, 0x30, 0x0, 0x0, 0x8f, 0xff, 0xfc,
    0x3f, 0xff, 0xff, 0x30, 0x0, 0x0, 0x9f, 0xff,
    0xfc, 0x1f, 0xff, 0xff, 0x60, 0x0, 0x0, 0xcf,
    0xff, 0xfc, 0xe, 0xff, 0xff, 0xe1, 0x0, 0x5,
    0xff, 0xff, 0xfc, 0x8, 0xff, 0xff, 0xfe, 0x87,
    0xaf, 0xff, 0xff, 0xfc, 0x1, 0xff, 0xff, 0xff,
    0xff, 0xff, 0xff, 0xff, 0xfc, 0x0, 0x5f, 0xff,
    0xff, 0xff, 0xff, 0xff, 0xff, 0xfc, 0x0, 0x4,
    0xff, 0xff, 0xff, 0xff, 0xcf, 0xff, 0xfc, 0x0,
    0x0, 0x17, 0xce, 0xfd, 0x92, 0x9f, 0xff, 0xfc,
    0x0, 0x0, 0x0, 0x0, 0x0, 0x0, 0x9f, 0xff,
    0xfc, 0x0, 0x0, 0x0, 0x0, 0x0, 0x0, 0x9f,
    0xff, 0xfc, 0x0, 0x0, 0x0, 0x0, 0x0, 0x0,
    0x9f, 0xff, 0xfc, 0x0, 0x0, 0x0, 0x0, 0x0,
    0x0, 0x9f, 0xff, 0xfc, 0x0, 0x0, 0x0, 0x0,
    0x0, 0x0, 0x9f, 0xff, 0xfc, 0x0, 0x0, 0x0,
    0x0, 0x0, 0x0, 0x9f, 0xff, 0xfc,

    /* U+0072 "r" */
    0x4f, 0xff, 0xfc, 0x4, 0xae, 0xd4, 0xff, 0xff,
    0xca, 0xff, 0xfe, 0x4f, 0xff, 0xff, 0xff, 0xff,
    0xe4, 0xff, 0xff, 0xff, 0xff, 0xfe, 0x4f, 0xff,
    0xff, 0xff, 0xfe, 0xd4, 0xff, 0xff, 0xff, 0x81,
    0x0, 0x4f, 0xff, 0xff, 0x80, 0x0, 0x4, 0xff,
    0xff, 0xf2, 0x0, 0x0, 0x4f, 0xff, 0xff, 0x0,
    0x0, 0x4, 0xff, 0xff, 0xf0, 0x0, 0x0, 0x4f,
    0xff, 0xff, 0x0, 0x0, 0x4, 0xff, 0xff, 0xf0,
    0x0, 0x0, 0x4f, 0xff, 0xff, 0x0, 0x0, 0x4,
    0xff, 0xff, 0xf0, 0x0, 0x0, 0x4f, 0xff, 0xff,
    0x0, 0x0, 0x4, 0xff, 0xff, 0xf0, 0x0, 0x0,

    /* U+0073 "s" */
    0x0, 0x0, 0x6b, 0xdf, 0xfe, 0xca, 0x60, 0x0,
    0x5, 0xef, 0xff, 0xff, 0xff, 0xff, 0xe0, 0x4,
    0xff, 0xff, 0xff, 0xff, 0xff, 0xfb, 0x0, 0xdf,
    0xff, 0xff, 0xff, 0xff, 0xff, 0x40, 0x1f, 0xff,
    0xff, 0x30, 0x1, 0x38, 0xc0, 0x2, 0xff, 0xff,
    0xf4, 0x0, 0x0, 0x0, 0x0, 0xf, 0xff, 0xff,
    0xff, 0xda, 0x72, 0x0, 0x0, 0x8f, 0xff, 0xff,
    0xff, 0xff, 0xfc, 0x20, 0x0, 0x8f, 0xff, 0xff,
    0xff, 0xff, 0xfe, 0x10, 0x0, 0x16, 0x9c, 0xef,
    0xff, 0xff, 0xf8, 0x0, 0x20, 0x0, 0x0, 0x29,
    0xff, 0xff, 0xa0, 0x4f, 0xb5, 0x20, 0x0, 0x8f,
    0xff, 0xfa, 0xb, 0xff, 0xff, 0xff, 0xff, 0xff,
    0xff, 0x62, 0xff, 0xff, 0xff, 0xff, 0xff, 0xff,
    0xc0, 0x3d, 0xff, 0xff, 0xff, 0xff, 0xff, 0xa0,
    0x0, 0x3, 0x8b, 0xef, 0xfe, 0xc8, 0x30, 0x0,

    /* U+0074 "t" */
    0x0, 0x58, 0x88, 0x85, 0x0, 0x0, 0x0, 0xa,
    0xff, 0xff, 0xa0, 0x0, 0x0, 0x0, 0xaf, 0xff,
    0xfa, 0x0, 0x0, 0x0, 0xa, 0xff, 0xff, 0xa0,
    0x0, 0x0, 0xef, 0xff, 0xff, 0xff, 0xff, 0xf1,
    0xe, 0xff, 0xff, 0xff, 0xff, 0xff, 0x10, 0xef,
    0xff, 0xff, 0xff, 0xff, 0xf1, 0xe, 0xff, 0xff,
    0xff, 0xff, 0xff, 0x10, 0x11, 0xbf, 0xff, 0xfa,
    0x11, 0x10, 0x0, 0xa, 0xff, 0xff, 0xa0, 0x0,
    0x0, 0x0, 0xaf, 0xff, 0xfa, 0x0, 0x0, 0x0,
    0xa, 0xff, 0xff, 0xa0, 0x0, 0x0, 0x0, 0xaf,
    0xff, 0xfa, 0x0, 0x0, 0x0, 0xa, 0xff, 0xff,
    0xa0, 0x0, 0x0, 0x0, 0xaf, 0xff, 0xfb, 0x0,
    0x0, 0x0, 0x8, 0xff, 0xff, 0xf7, 0x59, 0x0,
    0x0, 0x4f, 0xff, 0xff, 0xff, 0xf4, 0x0, 0x0,
    0xcf, 0xff, 0xff, 0xff, 0xa0, 0x0, 0x2, 0xdf,
    0xff, 0xff, 0xff, 0x0, 0x0, 0x0, 0x7c, 0xef,
    0xec, 0x60,

    /* U+0075 "u" */
    0x5f, 0xff, 0xff, 0x0, 0x0, 0xa, 0xff, 0xff,
    0xa5, 0xff, 0xff, 0xf0, 0x0, 0x0, 0xaf, 0xff,
    0xfa, 0x5f, 0xff, 0xff, 0x0, 0x0, 0xa, 0xff,
    0xff, 0xa5, 0xff, 0xff, 0xf0, 0x0, 0x0, 0xaf,
    0xff, 0xfa, 0x5f, 0xff, 0xff, 0x0, 0x0, 0xa,
    0xff, 0xff, 0xa5, 0xff, 0xff, 0xf0, 0x0, 0x0,
    0xaf, 0xff, 0xfa, 0x5f, 0xff, 0xff, 0x0, 0x0,
    0xa, 0xff, 0xff, 0xa5, 0xff, 0xff, 0xf0, 0x0,
    0x0, 0xaf, 0xff, 0xfa, 0x5f, 0xff, 0xff, 0x0,
    0x0, 0xb, 0xff, 0xff, 0xa4, 0xff, 0xff, 0xf2,
    0x0, 0x0, 0xef, 0xff, 0xfa, 0x3f, 0xff, 0xff,
    0xa0, 0x0, 0xaf, 0xff, 0xff, 0xa0, 0xff, 0xff,
    0xff, 0xec, 0xef, 0xff, 0xff, 0xfa, 0xa, 0xff,
    0xff, 0xff, 0xff, 0xff, 0xff, 0xff, 0xa0, 0x2f,
    0xff, 0xff, 0xff, 0xff, 0xff, 0xff, 0xfa, 0x0,
    0x4e, 0xff, 0xff, 0xff, 0xfa, 0xff, 0xff, 0xa0,
    0x0, 0x18, 0xdf, 0xfd, 0x81, 0x6f, 0xff, 0xfa,

    /* U+0076 "v" */
    0x2f, 0xff, 0xff, 0x50, 0x0, 0x0, 0x9, 0xff,
    0xff, 0x80, 0xbf, 0xff, 0xfb, 0x0, 0x0, 0x0,
    0xef, 0xff, 0xf1, 0x5, 0xff, 0xff, 0xf1, 0x0,
    0x0, 0x5f, 0xff, 0xfb, 0x0, 0xe, 0xff, 0xff,
    0x70, 0x0, 0xc, 0xff, 0xff, 0x50, 0x0, 0x8f,
    0xff, 0xfd, 0x0, 0x2, 0xff, 0xff, 0xe0, 0x0,
    0x2, 0xff, 0xff, 0xf3, 0x0, 0x8f, 0xff, 0xf8,
    0x0, 0x0, 0xc, 0xff, 0xff, 0x90, 0xe, 0xff,
    0xff, 0x20, 0x0, 0x0, 0x6f, 0xff, 0xfe, 0x5,
    0xff, 0xff, 0xc0, 0x0, 0x0, 0x0, 0xff, 0xff,
    0xf5, 0xbf, 0xff, 0xf5, 0x0, 0x0, 0x0, 0x9,
    0xff, 0xff, 0xcf, 0xff, 0xfe, 0x0, 0x0, 0x0,
    0x0, 0x3f, 0xff, 0xff, 0xff, 0xff, 0x90, 0x0,
    0x0, 0x0, 0x0, 0xdf, 0xff, 0xff, 0xff, 0xf3,
    0x0, 0x0, 0x0, 0x0, 0x6, 0xff, 0xff, 0xff,
    0xfc, 0x0, 0x0, 0x0, 0x0, 0x0, 0x1f, 0xff,
    0xff, 0xff, 0x60, 0x0, 0x0, 0x0, 0x0, 0x0,
    0xaf, 0xff, 0xff, 0xf0, 0x0, 0x0, 0x0, 0x0,
    0x0, 0x4, 0xff, 0xff, 0xf9, 0x0, 0x0, 0x0,

    /* U+0077 "w" */
    0xe, 0xff, 0xff, 0x10, 0x0, 0x0, 0xef, 0xff,
    0xf0, 0x0, 0x0, 0xf, 0xff, 0xfb, 0x9, 0xff,
    0xff, 0x60, 0x0, 0x3, 0xff, 0xff, 0xf4, 0x0,
    0x0, 0x5f, 0xff, 0xf5, 0x3, 0xff, 0xff, 0xc0,
    0x0, 0x8, 0xff, 0xff, 0xf9, 0x0, 0x0, 0xaf,
    0xff, 0xf0, 0x0, 0xef, 0xff, 0xf1, 0x0, 0xe,
    0xff, 0xff, 0xfe, 0x0, 0x0, 0xff, 0xff, 0xa0,
    0x0, 0x9f, 0xff, 0xf6, 0x0, 0x3f, 0xff, 0xff,
    0xff, 0x40, 0x5, 0xff, 0xff, 0x50, 0x0, 0x3f,
    0xff, 0xfb, 0x0, 0x8f, 0xff, 0xff, 0xff, 0x90,
    0xa, 0xff, 0xff, 0x0, 0x0, 0xe, 0xff, 0xff,
    0x0, 0xef, 0xff, 0xff, 0xff, 0xe0, 0xf, 0xff,
    0xfa, 0x0, 0x0, 0x8, 0xff, 0xff, 0x53, 0xff,
    0xff, 0xdf, 0xff, 0xf3, 0x4f, 0xff, 0xf5, 0x0,
    0x0, 0x3, 0xff, 0xff, 0xa8, 0xff, 0xff, 0x3f,
    0xff, 0xf8, 0xaf, 0xff, 0xf0, 0x0, 0x0, 0x0,
    0xef, 0xff, 0xfe, 0xff, 0xfa, 0xd, 0xff, 0xfd,
    0xef, 0xff, 0xa0, 0x0, 0x0, 0x0, 0x8f, 0xff,
    0xff, 0xff, 0xf5, 0x8, 0xff, 0xff, 0xff, 0xff,
    0x40, 0x0, 0x0, 0x0, 0x3f, 0xff, 0xff, 0xff,
    0xf0, 0x2, 0xff, 0xff, 0xff, 0xff, 0x0, 0x0,
    0x0, 0x0, 0xd, 0xff, 0xff, 0xff, 0xa0, 0x0,
    0xdf, 0xff, 0xff, 0xfa, 0x0, 0x0, 0x0, 0x0,
    0x8, 0xff, 0xff, 0xff, 0x50, 0x0, 0x8f, 0xff,
    0xff, 0xf4, 0x0, 0x0, 0x0, 0x0, 0x3, 0xff,
    0xff, 0xff, 0x0, 0x0, 0x3f, 0xff, 0xff, 0xe0,
    0x0, 0x0, 0x0, 0x0, 0x0, 0xdf, 0xff, 0xfa,
    0x0, 0x0, 0xd, 0xff, 0xff, 0x90, 0x0, 0x0,

    /* U+0078 "x" */
    0x8, 0xff, 0xff, 0xf7, 0x0, 0x0, 0xbf, 0xff,
    0xfd, 0x0, 0xd, 0xff, 0xff, 0xf2, 0x0, 0x7f,
    0xff, 0xff, 0x20, 0x0, 0x2f, 0xff, 0xff, 0xc0,
    0x2f, 0xff, 0xff, 0x60, 0x0, 0x0, 0x6f, 0xff,
    0xff, 0x7c, 0xff, 0xff, 0xb0, 0x0, 0x0, 0x0,
    0xbf, 0xff, 0xff, 0xff, 0xff, 0xe1, 0x0, 0x0,
    0x0, 0x1, 0xef, 0xff, 0xff, 0xff, 0xf4, 0x0,
    0x0, 0x0, 0x0, 0x5, 0xff, 0xff, 0xff, 0xf8,
    0x0, 0x0, 0x0, 0x0, 0x0, 0x9, 0xff, 0xff,
    0xfd, 0x0, 0x0, 0x0, 0x0, 0x0, 0x0, 0xaf,
    0xff, 0xff, 0xf2, 0x0, 0x0, 0x0, 0x0, 0x0,
    0x5f, 0xff, 0xff, 0xff, 0xc0, 0x0, 0x0, 0x0,
    0x0, 0x2f, 0xff, 0xff, 0xff, 0xff, 0x80, 0x0,
    0x0, 0x0, 0xc, 0xff, 0xff, 0xff, 0xff, 0xff,
    0x30, 0x0, 0x0, 0x8, 0xff, 0xff, 0xf3, 0xef,
    0xff, 0xfe, 0x10, 0x0, 0x4, 0xff, 0xff, 0xf7,
    0x4, 0xff, 0xff, 0xfa, 0x0, 0x1, 0xef, 0xff,
    0xfc, 0x0, 0xa, 0xff, 0xff, 0xf5, 0x0, 0xbf,
    0xff, 0xff, 0x10, 0x0, 0x1e, 0xff, 0xff, 0xf2,

    /* U+0079 "y" */
    0x1f, 0xff, 0xff, 0x50, 0x0, 0x0, 0x9, 0xff,
    0xff, 0x80, 0xbf, 0xff, 0xfb, 0x0, 0x0, 0x0,
    0xef, 0xff, 0xf1, 0x5, 0xff, 0xff, 0xf1, 0x0,
    0x0, 0x5f, 0xff, 0xfb, 0x0, 0xe, 0xff, 0xff,
    0x70, 0x0, 0xb, 0xff, 0xff, 0x50, 0x0, 0x8f,
    0xff, 0xfd, 0x0, 0x1, 0xff, 0xff, 0xe0, 0x0,
    0x2, 0xff, 0xff, 0xf3, 0x0, 0x7f, 0xff, 0xf8,
    0x0, 0x0, 0xb, 0xff, 0xff, 0x90, 0xd, 0xff,
    0xff, 0x20, 0x0, 0x0, 0x5f, 0xff, 0xff, 0x3,
    0xff, 0xff, 0xb0, 0x0, 0x0, 0x0, 0xef, 0xff,
    0xf5, 0x9f, 0xff, 0xf5, 0x0, 0x0, 0x0, 0x8,
    0xff, 0xff, 0xcf, 0xff, 0xfe, 0x0, 0x0, 0x0,
    0x0, 0x2f, 0xff, 0xff, 0xff, 0xff, 0x90, 0x0,
    0x0, 0x0, 0x0, 0xbf, 0xff, 0xff, 0xff, 0xf2,
    0x0, 0x0, 0x0, 0x0, 0x5, 0xff, 0xff, 0xff,
    0xfc, 0x0, 0x0, 0x0, 0x0, 0x0, 0xe, 0xff,
    0xff, 0xff, 0x60, 0x0, 0x0, 0x0, 0x0, 0x0,
    0x8f, 0xff, 0xff, 0xf0, 0x0, 0x0, 0x0, 0x0,
    0x0, 0x2, 0xff, 0xff, 0xf9, 0x0, 0x0, 0x0,
    0x0, 0x10, 0x0, 0xe, 0xff, 0xff, 0x30, 0x0,
    0x0, 0x0, 0x9, 0xc7, 0x6c, 0xff, 0xff, 0xc0,
    0x0, 0x0, 0x0, 0x1, 0xff, 0xff, 0xff, 0xff,
    0xf4, 0x0, 0x0, 0x0, 0x0, 0x9f, 0xff, 0xff,
    0xff, 0xf9, 0x0, 0x0, 0x0, 0x0, 0xd, 0xff,
    0xff, 0xff, 0xfa, 0x0, 0x0, 0x0, 0x0, 0x0,
    0x17, 0xce, 0xfe, 0xa4, 0x0, 0x0, 0x0, 0x0,
    0x0,

    /* U+007A "z" */
    0xe, 0xff, 0xff, 0xff, 0xff, 0xff, 0xff, 0xa0,
    0xef, 0xff, 0xff, 0xff, 0xff, 0xff, 0xfa, 0xe,
    0xff, 0xff, 0xff, 0xff, 0xff, 0xff, 0xa0, 0xef,
    0xff, 0xff, 0xff, 0xff, 0xff, 0xf6, 0x1, 0x11,
    0x11, 0x17, 0xff, 0xff, 0xf9, 0x0, 0x0, 0x0,
    0x3, 0xff, 0xff, 0xfc, 0x0, 0x0, 0x0, 0x1,
    0xef, 0xff, 0xfe, 0x10, 0x0, 0x0, 0x0, 0xcf,
    0xff, 0xff, 0x30, 0x0, 0x0, 0x0, 0xaf, 0xff,
    0xff, 0x50, 0x0, 0x0, 0x0, 0x7f, 0xff, 0xff,
    0x80, 0x0, 0x0, 0x0, 0x4f, 0xff, 0xff, 0xb0,
    0x0, 0x0, 0x0, 0x2e, 0xff, 0xff, 0xe2, 0x22,
    0x22, 0x21, 0xd, 0xff, 0xff, 0xff, 0xff, 0xff,
    0xff, 0xe1, 0xff, 0xff, 0xff, 0xff, 0xff, 0xff,
    0xfe, 0x1f, 0xff, 0xff, 0xff, 0xff, 0xff, 0xff,
    0xe1, 0xff, 0xff, 0xff, 0xff, 0xff, 0xff, 0xfe,

    /* U+007B "{" */
    0x0, 0x0, 0x0, 0x2, 0x33, 0x0, 0x0, 0x2,
    0xbf, 0xff, 0xf3, 0x0, 0x4, 0xff, 0xff, 0xff,
    0x30, 0x0, 0xdf, 0xff, 0xff, 0xf3, 0x0, 0x4f,
    0xff, 0xff, 0xff, 0x30, 0x7, 0xff, 0xff, 0xf7,
    0x0, 0x0, 0x7f, 0xff, 0xfe, 0x0, 0x0, 0x8,
    0xff, 0xff, 0xd0, 0x0, 0x0, 0x8f, 0xff, 0xfd,
    0x0, 0x0, 0x8, 0xff, 0xff, 0xd0, 0x0, 0x0,
    0x8f, 0xff, 0xfc, 0x0, 0x0, 0xc, 0xff, 0xff,
    0xb0, 0x0, 0xaf, 0xff, 0xff, 0xf8, 0x0, 0xa,
    0xff, 0xff, 0xfb, 0x0, 0x0, 0xaf, 0xff, 0xff,
    0x70, 0x0, 0xa, 0xff, 0xff, 0xff, 0x50, 0x0,
    0x24, 0xdf, 0xff, 0xfb, 0x0, 0x0, 0x8, 0xff,
    0xff, 0xc0, 0x0, 0x0, 0x8f, 0xff, 0xfd, 0x0,
    0x0, 0x8, 0xff, 0xff, 0xd0, 0x0, 0x0, 0x8f,
    0xff, 0xfd, 0x0, 0x0, 0x8, 0xff, 0xff, 0xd0,
    0x0, 0x0, 0x7f, 0xff, 0xff, 0x0, 0x0, 0x6,
    0xff, 0xff, 0xfa, 0x40, 0x0, 0x2f, 0xff, 0xff,
    0xff, 0x30, 0x0, 0xbf, 0xff, 0xff, 0xf3, 0x0,
    0x1, 0xdf, 0xff, 0xff, 0x30, 0x0, 0x0, 0x7c,
    0xff, 0xf3,

    /* U+007C "|" */
    0x3, 0x33, 0x32, 0xf, 0xff, 0xfd, 0xf, 0xff,
    0xfd, 0xf, 0xff, 0xfd, 0xf, 0xff, 0xfd, 0xf,
    0xff, 0xfd, 0xf, 0xff, 0xfd, 0xf, 0xff, 0xfd,
    0xf, 0xff, 0xfd, 0xf, 0xff, 0xfd, 0xf, 0xff,
    0xfd, 0xf, 0xff, 0xfd, 0xf, 0xff, 0xfd, 0xf,
    0xff, 0xfd, 0xf, 0xff, 0xfd, 0xf, 0xff, 0xfd,
    0xf, 0xff, 0xfd, 0xf, 0xff, 0xfd, 0xf, 0xff,
    0xfd, 0xf, 0xff, 0xfd, 0xf, 0xff, 0xfd, 0xf,
    0xff, 0xfd, 0xf, 0xff, 0xfd, 0xf, 0xff, 0xfd,
    0xf, 0xff, 0xfd, 0xf, 0xff, 0xfd, 0xf, 0xff,
    0xfd, 0xf, 0xff, 0xfd,

    /* U+007D "}" */
    0x23, 0x31, 0x0, 0x0, 0x0, 0xa, 0xff, 0xfe,
    0x80, 0x0, 0x0, 0xaf, 0xff, 0xff, 0xc0, 0x0,
    0xa, 0xff, 0xff, 0xff, 0x70, 0x0, 0xaf, 0xff,
    0xff, 0xfd, 0x0, 0x0, 0x2c, 0xff, 0xff, 0xf0,
    0x0, 0x0, 0x5f, 0xff, 0xff, 0x10, 0x0, 0x3,
    0xff, 0xff, 0xf1, 0x0, 0x0, 0x3f, 0xff, 0xff,
    0x10, 0x0, 0x3, 0xff, 0xff, 0xf1, 0x0, 0x0,
    0x3f, 0xff, 0xff, 0x10, 0x0, 0x2, 0xff, 0xff,
    0xf6, 0x0, 0x0, 0xe, 0xff, 0xff, 0xff, 0x30,
    0x0, 0x4e, 0xff, 0xff, 0xf3, 0x0, 0x2, 0xcf,
    0xff, 0xff, 0x30, 0x0, 0xcf, 0xff, 0xff, 0xf3,
    0x0, 0x1f, 0xff, 0xff, 0x93, 0x0, 0x3, 0xff,
    0xff, 0xf1, 0x0, 0x0, 0x3f, 0xff, 0xff, 0x10,
    0x0, 0x3, 0xff, 0xff, 0xf1, 0x0, 0x0, 0x3f,
    0xff, 0xff, 0x10, 0x0, 0x3, 0xff, 0xff, 0xf1,
    0x0, 0x0, 0x6f, 0xff, 0xff, 0x10, 0x2, 0x5e,
    0xff, 0xff, 0xf0, 0x0, 0xaf, 0xff, 0xff, 0xfb,
    0x0, 0xa, 0xff, 0xff, 0xff, 0x40, 0x0, 0xaf,
    0xff, 0xff, 0x80, 0x0, 0xa, 0xff, 0xea, 0x40,
    0x0, 0x0,

    /* U+007E "~" */
    0x0, 0x5c, 0xfe, 0xa2, 0x0, 0x6, 0xcc, 0x90,
    0x6f, 0xff, 0xff, 0xf8, 0x1, 0xdf, 0xfb, 0x1f,
    0xff, 0xff, 0xff, 0xff, 0xff, 0xff, 0x76, 0xff,
    0xff, 0xff, 0xff, 0xff, 0xff, 0xf2, 0xaf, 0xfe,
    0x10, 0x7f, 0xff, 0xff, 0xf7, 0x8, 0xbb, 0x60,
    0x0, 0x19, 0xef, 0xd6, 0x0,

    /* U+00A0 " " */

    /* U+00A1 "¡" */
    0x7, 0xdf, 0xb2, 0x7, 0xff, 0xff, 0xd0, 0xdf,
    0xff, 0xff, 0x4e, 0xff, 0xff, 0xf4, 0x8f, 0xff,
    0xfe, 0x0, 0x8e, 0xfc, 0x20, 0x0, 0x0, 0x0,
    0x0, 0x0, 0x0, 0x0, 0xf, 0xff, 0xf5, 0x0,
    0xff, 0xff, 0x70, 0x1f, 0xff, 0xf8, 0x3, 0xff,
    0xff, 0x90, 0x4f, 0xff, 0xfb, 0x5, 0xff, 0xff,
    0xc0, 0x6f, 0xff, 0xfd, 0x8, 0xff, 0xff, 0xf0,
    0x9f, 0xff, 0xff, 0xa, 0xff, 0xff, 0xf1, 0xcf,
    0xff, 0xff, 0x3d, 0xff, 0xff, 0xf4, 0xbd, 0xdd,
    0xdd, 0x40,

    /* U+00A2 "¢" */
    0x0, 0x0, 0x0, 0x4, 0x99, 0x80, 0x0, 0x0,
    0x0, 0x0, 0x0, 0x0, 0x8f, 0xfd, 0x0, 0x0,
    0x0, 0x0, 0x0, 0x0, 0x8, 0xff, 0xd0, 0x0,
    0x0, 0x0, 0x0, 0x0, 0x0, 0x9f, 0xfe, 0x20,
    0x0, 0x0, 0x0, 0x0, 0x19, 0xef, 0xff, 0xff,
    0xd6, 0x0, 0x0, 0x0, 0x5f, 0xff, 0xff, 0xff,
    0xff, 0xfc, 0x0, 0x0, 0x5f, 0xff, 0xff, 0xff,
    0xff, 0xff, 0xfc, 0x0, 0x2f, 0xff, 0xff, 0xff,
    0xff, 0xff, 0xff, 0xf5, 0x9, 0xff, 0xff, 0xfb,
    0x20, 0x3c, 0xff, 0xf8, 0x0, 0xef, 0xff, 0xfc,
    0x0, 0x0, 0xd, 0x81, 0x0, 0x2f, 0xff, 0xff,
    0x40, 0x0, 0x0, 0x0, 0x0, 0x3, 0xff, 0xff,
    0xf2, 0x0, 0x0, 0x0, 0x0, 0x0, 0x2f, 0xff,
    0xff, 0x30, 0x0, 0x0, 0x0, 0x0, 0x0, 0xff,
    0xff, 0xf8, 0x0, 0x0, 0x7, 0x20, 0x0, 0xb,
    0xff, 0xff, 0xf4, 0x0, 0x7, 0xff, 0xa2, 0x0,
    0x4f, 0xff, 0xff, 0xfc, 0xad, 0xff, 0xff, 0xf5,
    0x0, 0xaf, 0xff, 0xff, 0xff, 0xff, 0xff, 0xfe,
    0x10, 0x0, 0xaf, 0xff, 0xff, 0xff, 0xff, 0xff,
    0x40, 0x0, 0x0, 0x6e, 0xff, 0xff, 0xff, 0xfc,
    0x30, 0x0, 0x0, 0x0, 0x4, 0xcf, 0xff, 0x84,
    0x0, 0x0, 0x0, 0x0, 0x0, 0x8, 0xff, 0xd0,
    0x0, 0x0, 0x0, 0x0, 0x0, 0x0, 0x8f, 0xfd,
    0x0, 0x0, 0x0, 0x0, 0x0, 0x0, 0x8, 0xff,
    0xd0, 0x0, 0x0, 0x0,

    /* U+00A3 "£" */
    0x0, 0x0, 0x0, 0x0, 0x49, 0xce, 0xff, 0xec,
    0x94, 0x0, 0x0, 0x0, 0x4, 0xdf, 0xff, 0xff,
    0xff, 0xff, 0xf9, 0x0, 0x0, 0x7, 0xff, 0xff,
    0xff, 0xff, 0xff, 0xff, 0x40, 0x0, 0x4, 0xff,
    0xff, 0xff, 0xff, 0xff, 0xff, 0xe0, 0x0, 0x0,
    0xdf, 0xff, 0xff, 0xff, 0xdc, 0xdf, 0xf8, 0x0,
    0x0, 0x2f, 0xff, 0xff, 0xe5, 0x0, 0x0, 0x4,
    0x10, 0x0, 0x6, 0xff, 0xff, 0xf5, 0x0, 0x0,
    0x0, 0x0, 0x0, 0x0, 0x7f, 0xff, 0xff, 0x10,
    0x0, 0x0, 0x0, 0x0, 0x2f, 0xff, 0xff, 0xff,
    0xff, 0xff, 0xff, 0xf6, 0x0, 0x2, 0xff, 0xff,
    0xff, 0xff, 0xff, 0xff, 0xff, 0x60, 0x0, 0x2f,
    0xff, 0xff, 0xff, 0xff, 0xff, 0xff, 0xf6, 0x0,
    0x0, 0x55, 0xaf, 0xff, 0xff, 0x55, 0x55, 0x55,
    0x10, 0x0, 0x0, 0x8, 0xff, 0xff, 0xf0, 0x0,
    0x0, 0x0, 0x0, 0x0, 0x0, 0x8f, 0xff, 0xff,
    0x0, 0x0, 0x0, 0x0, 0x0, 0x0, 0x8, 0xff,
    0xff, 0xf0, 0x0, 0x0, 0x0, 0x0, 0x1, 0x77,
    0xbf, 0xff, 0xff, 0x77, 0x77, 0x77, 0x77, 0x70,
    0x2f, 0xff, 0xff, 0xff, 0xff, 0xff, 0xff, 0xff,
    0xff, 0x22, 0xff, 0xff, 0xff, 0xff, 0xff, 0xff,
    0xff, 0xff, 0xf2, 0x2f, 0xff, 0xff, 0xff, 0xff,
    0xff, 0xff, 0xff, 0xff, 0x22, 0xff, 0xff, 0xff,
    0xff, 0xff, 0xff, 0xff, 0xff, 0xf2,

    /* U+00A4 "¤" */
    0x0, 0xa, 0x10, 0x0, 0x0, 0x0, 0x0, 0x6,
    0x70, 0x0, 0xc, 0xfd, 0x10, 0x0, 0x0, 0x0,
    0x6, 0xff, 0x60, 0xb, 0xff, 0xfd, 0x39, 0xdf,
    0xec, 0x66, 0xff, 0xff, 0x52, 0xef, 0xff, 0xff,
    0xff, 0xff, 0xff, 0xff, 0xff, 0xfa, 0x2, 0xef,
    0xff, 0xff, 0xff, 0xff, 0xff, 0xff, 0xfa, 0x0,
    0x3, 0xff, 0xff, 0xff, 0xff, 0xff, 0xff, 0xfb,
    0x0, 0x0, 0xd, 0xff, 0xff, 0xa5, 0x6d, 0xff,
    0xff, 0x60, 0x0, 0x2, 0xff, 0xff, 0x70, 0x0,
    0xc, 0xff, 0xfb, 0x0, 0x0, 0x5f, 0xff, 0xe0,
    0x0, 0x0, 0x4f, 0xff, 0xe0, 0x0, 0x6, 0xff,
    0xfb, 0x0, 0x0, 0x2, 0xff, 0xff, 0x0, 0x0,
    0x5f, 0xff, 0xe0, 0x0, 0x0, 0x4f, 0xff, 0xe0,
    0x0, 0x2, 0xff, 0xff, 0x70, 0x0, 0xc, 0xff,
    0xfb, 0x0, 0x0, 0xc, 0xff, 0xff, 0xa6, 0x7d,
    0xff, 0xff, 0x50, 0x0, 0x1, 0xdf, 0xff, 0xff,
    0xff, 0xff, 0xff, 0xf7, 0x0, 0x0, 0xcf, 0xff,
    0xff, 0xff, 0xff, 0xff, 0xff, 0xf7, 0x0, 0xcf,
    0xff, 0xff, 0xff, 0xff, 0xff, 0xff, 0xff, 0xf6,
    0x1e, 0xff, 0xff, 0x59, 0xdf, 0xec, 0x69, 0xff,
    0xff, 0x90, 0x2e, 0xff, 0x40, 0x0, 0x0, 0x0,
    0xa, 0xff, 0xa0, 0x0, 0x2e, 0x40, 0x0, 0x0,
    0x0, 0x0, 0xa, 0xa0, 0x0, 0x0, 0x0, 0x0,
    0x0, 0x0, 0x0, 0x0, 0x0, 0x0,

    /* U+00A5 "¥" */
    0x3f, 0xff, 0xff, 0xa0, 0x0, 0x0, 0x0, 0x0,
    0x2f, 0xff, 0xff, 0x40, 0x9f, 0xff, 0xff, 0x50,
    0x0, 0x0, 0x0, 0xc, 0xff, 0xff, 0xa0, 0x0,
    0xdf, 0xff, 0xfe, 0x10, 0x0, 0x0, 0x7, 0xff,
    0xff, 0xe1, 0x0, 0x4, 0xff, 0xff, 0xfa, 0x0,
    0x0, 0x2, 0xff, 0xff, 0xf5, 0x0, 0x0, 0x9,
    0xff, 0xff, 0xf5, 0x0, 0x0, 0xdf, 0xff, 0xfa,
    0x0, 0x0, 0x0, 0xe, 0xff, 0xff, 0xe1, 0x0,
    0x8f, 0xff, 0xfe, 0x10, 0x0, 0x0, 0x0, 0x4f,
    0xff, 0xff, 0xa0, 0x3f, 0xff, 0xff, 0x50, 0x0,
    0x0, 0x0, 0x0, 0x9f, 0xff, 0xff, 0x6d, 0xff,
    0xff, 0xb0, 0x0, 0x0, 0x0, 0x0, 0x1, 0xef,
    0xff, 0xff, 0xff, 0xff, 0xf1, 0x0, 0x0, 0x0,
    0x0, 0x0, 0x4, 0xff, 0xff, 0xff, 0xff, 0xf6,
    0x0, 0x0, 0x0, 0x0, 0x0, 0x0, 0xa, 0xff,
    0xff, 0xff, 0xfb, 0x0, 0x0, 0x0, 0x0, 0x0,
    0x1f, 0xff, 0xff, 0xff, 0xff, 0xff, 0xff, 0xff,
    0x20, 0x0, 0x0, 0x1, 0xff, 0xff, 0xff, 0xff,
    0xff, 0xff, 0xff, 0xf2, 0x0, 0x0, 0x0, 0x1d,
    0xdd, 0xdd, 0xff, 0xff, 0xfd, 0xdd, 0xdd, 0x20,
    0x0, 0x0, 0x0, 0x0, 0x0, 0x4f, 0xff, 0xff,
    0x40, 0x0, 0x0, 0x0, 0x0, 0x0, 0x1f, 0xff,
    0xff, 0xff, 0xff, 0xff, 0xff, 0xff, 0x20, 0x0,
    0x0, 0x1, 0xff, 0xff, 0xff, 0xff, 0xff, 0xff,
    0xff, 0xf2, 0x0, 0x0, 0x0, 0x1d, 0xdd, 0xdd,
    0xff, 0xff, 0xfe, 0xdd, 0xdd, 0x20, 0x0, 0x0,
    0x0, 0x0, 0x0, 0x4f, 0xff, 0xff, 0x40, 0x0,
    0x0, 0x0, 0x0, 0x0, 0x0, 0x0, 0x4, 0xff,
    0xff, 0xf4, 0x0, 0x0, 0x0, 0x0,

    /* U+00A6 "¦" */
    0x2, 0x22, 0x22, 0xf, 0xff, 0xfd, 0xf, 0xff,
    0xfd, 0xf, 0xff, 0xfd, 0xf, 0xff, 0xfd, 0xf,
    0xff, 0xfd, 0xf, 0xff, 0xfd, 0xf, 0xff, 0xfd,
    0xf, 0xff, 0xfd, 0xf, 0xff, 0xfd, 0xf, 0xff,
    0xfd, 0x0, 0x0, 0x0, 0x0, 0x0, 0x0, 0x0,
    0x0, 0x0, 0x0, 0x0, 0x0, 0x0, 0x0, 0x0,
    0x0, 0x0, 0x0, 0x2, 0x22, 0x22, 0xf, 0xff,
    0xfd, 0xf, 0xff, 0xfd, 0xf, 0xff, 0xfd, 0xf,
    0xff, 0xfd, 0xf, 0xff, 0xfd, 0xf, 0xff, 0xfd,
    0xf, 0xff, 0xfd, 0xf, 0xff, 0xfd, 0xf, 0xff,
    0xfd, 0xf, 0xff, 0xfd,

    /* U+00A7 "§" */
    0x0, 0x0, 0x39, 0xde, 0xff, 0xda, 0x72, 0x0,
    0x1, 0xbf, 0xff, 0xff, 0xff, 0xff, 0xf4, 0x0,
    0xcf, 0xff, 0xff, 0xff, 0xff, 0xff, 0x10, 0x5f,
    0xff, 0xff, 0xee, 0xef, 0xff, 0xa0, 0xa, 0xff,
    0xff, 0x40, 0x0, 0x16, 0xd3, 0x0, 0xbf, 0xff,
    0xf0, 0x0, 0x0, 0x0, 0x0, 0xa, 0xff, 0xff,
    0xe8, 0x41, 0x0, 0x0, 0x0, 0x4f, 0xff, 0xff,
    0xff, 0xfc, 0x60, 0x0, 0x0, 0xdf, 0xff, 0xff,
    0xff, 0xff, 0xc1, 0x0, 0x8f, 0xff, 0xff, 0xff,
    0xff, 0xff, 0xa0, 0xf, 0xff, 0xfd, 0x48, 0xcf,
    0xff, 0xff, 0x14, 0xff, 0xff, 0x50, 0x0, 0x8f,
    0xff, 0xf3, 0x4f, 0xff, 0xf9, 0x0, 0x7, 0xff,
    0xff, 0x22, 0xff, 0xff, 0xff, 0xa8, 0xff, 0xff,
    0xe0, 0xc, 0xff, 0xff, 0xff, 0xff, 0xff, 0xf5,
    0x0, 0x1c, 0xff, 0xff, 0xff, 0xff, 0xfc, 0x0,
    0x0, 0x3, 0x9d, 0xff, 0xff, 0xff, 0xf4, 0x0,
    0x0, 0x0, 0x1, 0x5c, 0xff, 0xff, 0x90, 0x0,
    0x40, 0x0, 0x0, 0xf, 0xff, 0xfb, 0x0, 0x6f,
    0xc6, 0x20, 0x7, 0xff, 0xff, 0x90, 0xc, 0xff,
    0xff, 0xff, 0xff, 0xff, 0xf4, 0x2, 0xff, 0xff,
    0xff, 0xff, 0xff, 0xfb, 0x0, 0x2b, 0xff, 0xff,
    0xff, 0xff, 0xfa, 0x0, 0x0, 0x1, 0x69, 0xbd,
    0xdb, 0x83, 0x0, 0x0,

    /* U+00A8 "¨" */
    0x5, 0x84, 0x0, 0x5, 0x83, 0x6, 0xff, 0xf4,
    0x7, 0xff, 0xf3, 0xbf, 0xff, 0x90, 0xcf, 0xff,
    0x89, 0xff, 0xf7, 0xa, 0xff, 0xf6, 0x1c, 0xfb,
    0x0, 0x2c, 0xfa, 0x0,

    /* U+00A9 "©" */
    0x0, 0x0, 0x0, 0x0, 0x1, 0x22, 0x0, 0x0,
    0x0, 0x0, 0x0, 0x0, 0x0, 0x3, 0x9e, 0xff,
    0xff, 0xd8, 0x10, 0x0, 0x0, 0x0, 0x0, 0xa,
    0xff, 0xff, 0xff, 0xff, 0xff, 0x70, 0x0, 0x0,
    0x0, 0x1c, 0xff, 0xc5, 0x20, 0x2, 0x7d, 0xff,
    0xa0, 0x0, 0x0, 0xc, 0xff, 0x60, 0x0, 0x0,
    0x0, 0x9, 0xff, 0x80, 0x0, 0x8, 0xff, 0x40,
    0x6, 0xce, 0xfd, 0x81, 0x7, 0xff, 0x40, 0x1,
    0xff, 0x70, 0x1c, 0xff, 0xff, 0xff, 0xe2, 0xb,
    0xfc, 0x0, 0x7f, 0xe0, 0xc, 0xff, 0xff, 0xff,
    0xff, 0xc0, 0x4f, 0xf2, 0xc, 0xf9, 0x5, 0xff,
    0xff, 0xa8, 0xef, 0xe6, 0x0, 0xef, 0x70, 0xef,
    0x60, 0xaf, 0xff, 0x70, 0x1, 0x70, 0x0, 0xb,
    0xf9, 0xf, 0xf4, 0xc, 0xff, 0xf2, 0x0, 0x0,
    0x0, 0x0, 0x9f, 0xa0, 0xff, 0x40, 0xbf, 0xff,
    0x40, 0x0, 0x10, 0x0, 0xa, 0xfa, 0xe, 0xf6,
    0x8, 0xff, 0xfc, 0x20, 0x8f, 0x70, 0x0, 0xbf,
    0x90, 0xbf, 0xa0, 0x2f, 0xff, 0xff, 0xff, 0xff,
    0xd0, 0xf, 0xf5, 0x6, 0xff, 0x10, 0x6f, 0xff,
    0xff, 0xff, 0xf7, 0x6, 0xff, 0x10, 0xe, 0xfa,
    0x0, 0x4d, 0xff, 0xff, 0xe6, 0x1, 0xef, 0x90,
    0x0, 0x6f, 0xf6, 0x0, 0x3, 0x66, 0x40, 0x0,
    0xbf, 0xf1, 0x0, 0x0, 0xaf, 0xf9, 0x0, 0x0,
    0x0, 0x2, 0xdf, 0xf4, 0x0, 0x0, 0x0, 0xaf,
    0xfe, 0x95, 0x34, 0x6b, 0xff, 0xf5, 0x0, 0x0,
    0x0, 0x0, 0x6e, 0xff, 0xff, 0xff, 0xff, 0xc3,
    0x0, 0x0, 0x0, 0x0, 0x0, 0x16, 0xbe, 0xff,
    0xd9, 0x40, 0x0, 0x0, 0x0,

    /* U+00AA "ª" */
    0x2, 0x8c, 0xff, 0xeb, 0x50, 0x0, 0xbf, 0xff,
    0xff, 0xff, 0x80, 0x3, 0xfc, 0x9a, 0xff, 0xff,
    0x20, 0x3, 0x0, 0x6, 0xff, 0xf6, 0x3, 0xae,
    0xff, 0xff, 0xff, 0x61, 0xff, 0xfe, 0xbc, 0xff,
    0xf7, 0x5f, 0xff, 0x40, 0x7f, 0xff, 0x71, 0xff,
    0xff, 0xff, 0xff, 0xf7, 0x4, 0xcf, 0xfe, 0x6e,
    0xff, 0x70, 0x0, 0x1, 0x0, 0x11, 0x10,

    /* U+00AB "«" */
    0x0, 0x0, 0x27, 0x77, 0x72, 0x4, 0x77, 0x77,
    0x10, 0x0, 0xd, 0xff, 0xfd, 0x1, 0xef, 0xff,
    0xb0, 0x0, 0x9, 0xff, 0xff, 0x30, 0xbf, 0xff,
    0xf1, 0x0, 0x4, 0xff, 0xff, 0x80, 0x6f, 0xff,
    0xf6, 0x0, 0x0, 0xef, 0xff, 0xd0, 0x2f, 0xff,
    0xfb, 0x0, 0x0, 0x9f, 0xff, 0xf3, 0xb, 0xff,
    0xff, 0x10, 0x0, 0xe, 0xff, 0xfe, 0x1, 0xff,
    0xff, 0xc0, 0x0, 0x0, 0x4f, 0xff, 0xf8, 0x6,
    0xff, 0xff, 0x60, 0x0, 0x0, 0x9f, 0xff, 0xf3,
    0xb, 0xff, 0xff, 0x10, 0x0, 0x0, 0xef, 0xff,
    0xd0, 0x1f, 0xff, 0xfb, 0x0, 0x0, 0x4, 0xff,
    0xff, 0x80, 0x6f, 0xff, 0xf5, 0x0, 0x0, 0x9,
    0xff, 0xff, 0x20, 0xbf, 0xff, 0xe1,

    /* U+00AC "¬" */
    0x13, 0x33, 0x33, 0x33, 0x33, 0x33, 0x33, 0x16,
    0xff, 0xff, 0xff, 0xff, 0xff, 0xff, 0xf6, 0x6f,
    0xff, 0xff, 0xff, 0xff, 0xff, 0xff, 0x66, 0xff,
    0xff, 0xff, 0xff, 0xff, 0xff, 0xf6, 0x6f, 0xff,
    0xff, 0xff, 0xff, 0xff, 0xff, 0x60, 0x0, 0x0,
    0x0, 0x0, 0xe, 0xff, 0xf6, 0x0, 0x0, 0x0,
    0x0, 0x0, 0xef, 0xff, 0x60, 0x0, 0x0, 0x0,
    0x0, 0xe, 0xff, 0xf6, 0x0, 0x0, 0x0, 0x0,
    0x0, 0xef, 0xff, 0x60, 0x0, 0x0, 0x0, 0x0,
    0xe, 0xff, 0xf6,

    /* U+00AE "®" */
    0x0, 0x0, 0x0, 0x0, 0x1, 0x22, 0x0, 0x0,
    0x0, 0x0, 0x0, 0x0, 0x0, 0x3, 0x9e, 0xff,
    0xff, 0xd8, 0x10, 0x0, 0x0, 0x0, 0x0, 0xa,
    0xff, 0xff, 0xff, 0xff, 0xff, 0x70, 0x0, 0x0,
    0x0, 0x1c, 0xff, 0xc5, 0x20, 0x2, 0x6d, 0xff,
    0xa0, 0x0, 0x0, 0xc, 0xff, 0x60, 0x0, 0x0,
    0x0, 0x8, 0xff, 0x80, 0x0, 0x8, 0xff, 0x49,
    0xff, 0xff, 0xfe, 0x92, 0x7, 0xff, 0x40, 0x1,
    0xff, 0x70, 0x9f, 0xff, 0xff, 0xff, 0xf3, 0xb,
    0xfc, 0x0, 0x7f, 0xe0, 0x9, 0xff, 0xe9, 0xaf,
    0xff, 0xc0, 0x3f, 0xf2, 0xc, 0xf9, 0x0, 0x9f,
    0xfd, 0x0, 0x7f, 0xff, 0x0, 0xdf, 0x70, 0xef,
    0x60, 0x9, 0xff, 0xd0, 0x7, 0xff, 0xf0, 0xb,
    0xf9, 0xf, 0xf4, 0x0, 0x9f, 0xfe, 0x9a, 0xff,
    0xfc, 0x0, 0x9f, 0xa0, 0xff, 0x40, 0x9, 0xff,
    0xff, 0xff, 0xff, 0x40, 0x9, 0xfa, 0xe, 0xf6,
    0x0, 0x9f, 0xff, 0xff, 0xff, 0x60, 0x0, 0xcf,
    0x90, 0xbf, 0xa0, 0x9, 0xff, 0xd0, 0x9f, 0xfd,
    0x0, 0xf, 0xf5, 0x6, 0xff, 0x10, 0x9f, 0xfd,
    0x0, 0xef, 0xf8, 0x7, 0xff, 0x10, 0xe, 0xfa,
    0x9, 0xff, 0xd0, 0x6, 0xff, 0xf4, 0xff, 0x90,
    0x0, 0x6f, 0xf6, 0x12, 0x22, 0x0, 0x2, 0x24,
    0xef, 0xf1, 0x0, 0x0, 0xaf, 0xf9, 0x0, 0x0,
    0x0, 0x4, 0xdf, 0xf4, 0x0, 0x0, 0x0, 0xaf,
    0xfe, 0x95, 0x34, 0x6c, 0xff, 0xf5, 0x0, 0x0,
    0x0, 0x0, 0x6e, 0xff, 0xff, 0xff, 0xff, 0xc3,
    0x0, 0x0, 0x0, 0x0, 0x0, 0x16, 0xbe, 0xff,
    0xd9, 0x40, 0x0, 0x0, 0x0,

    /* U+00AF "¯" */
    0x1f, 0xff, 0xff, 0xff, 0xff, 0xfe, 0x1f, 0xff,
    0xff, 0xff, 0xff, 0xfe, 0x1f, 0xff, 0xff, 0xff,
    0xff, 0xfe,

    /* U+00B0 "°" */
    0x0, 0x6, 0xcf, 0xea, 0x30, 0x0, 0xb, 0xff,
    0xff, 0xff, 0x60, 0x8, 0xff, 0xfb, 0xcf, 0xff,
    0x30, 0xff, 0xe2, 0x0, 0x6f, 0xfa, 0x2f, 0xf8,
    0x0, 0x0, 0xef, 0xd3, 0xff, 0x80, 0x0, 0xe,
    0xfd, 0xf, 0xfe, 0x10, 0x5, 0xff, 0xa0, 0x8f,
    0xff, 0xab, 0xff, 0xf3, 0x0, 0xbf, 0xff, 0xff,
    0xf6, 0x0, 0x0, 0x6c, 0xfe, 0xb3, 0x0,

    /* U+00B1 "±" */
    0x0, 0x0, 0x9, 0xff, 0xfb, 0x0, 0x0, 0x0,
    0x0, 0x0, 0x9f, 0xff, 0xb0, 0x0, 0x0, 0x0,
    0x0, 0x9, 0xff, 0xfb, 0x0, 0x0, 0x0, 0x0,
    0x0, 0x9f, 0xff, 0xb0, 0x0, 0x0, 0x0, 0x0,
    0x9, 0xff, 0xfb, 0x0, 0x0, 0x6, 0xff, 0xff,
    0xff, 0xff, 0xff, 0xff, 0xf6, 0x6f, 0xff, 0xff,
    0xff, 0xff, 0xff, 0xff, 0x66, 0xff, 0xff, 0xff,
    0xff, 0xff, 0xff, 0xf6, 0x6f, 0xff, 0xff, 0xff,
    0xff, 0xff, 0xff, 0x60, 0x0, 0x0, 0x9f, 0xff,
    0xb0, 0x0, 0x0, 0x0, 0x0, 0x9, 0xff, 0xfb,
    0x0, 0x0, 0x0, 0x0, 0x0, 0x9f, 0xff, 0xb0,
    0x0, 0x0, 0x0, 0x0, 0x9, 0xff, 0xfb, 0x0,
    0x0, 0x0, 0x0, 0x0, 0x23, 0x33, 0x20, 0x0,
    0x0, 0x0, 0x0, 0x0, 0x0, 0x0, 0x0, 0x0,
    0x1, 0x33, 0x33, 0x33, 0x33, 0x33, 0x33, 0x31,
    0x6f, 0xff, 0xff, 0xff, 0xff, 0xff, 0xff, 0x66,
    0xff, 0xff, 0xff, 0xff, 0xff, 0xff, 0xf6, 0x6f,
    0xff, 0xff, 0xff, 0xff, 0xff, 0xff, 0x66, 0xff,
    0xff, 0xff, 0xff, 0xff, 0xff, 0xf6,

    /* U+00B2 "²" */
    0x0, 0x5b, 0xef, 0xec, 0x60, 0x0, 0xb, 0xff,
    0xff, 0xff, 0xfc, 0x0, 0x5f, 0xff, 0xed, 0xff,
    0xff, 0x70, 0x2, 0xa8, 0x0, 0x4f, 0xff, 0xa0,
    0x0, 0x0, 0x0, 0x4f, 0xff, 0x80, 0x0, 0x0,
    0x2, 0xef, 0xff, 0x20, 0x0, 0x0, 0x4e, 0xff,
    0xf5, 0x0, 0x0, 0x5, 0xff, 0xff, 0x50, 0x0,
    0x0, 0x7f, 0xff, 0xe3, 0x0, 0x0, 0x9, 0xff,
    0xff, 0xdc, 0xcc, 0xc0, 0xf, 0xff, 0xff, 0xff,
    0xff, 0xf1, 0xf, 0xff, 0xff, 0xff, 0xff, 0xf1,

    /* U+00B3 "³" */
    0xf, 0xff, 0xff, 0xff, 0xff, 0xb0, 0xf, 0xff,
    0xff, 0xff, 0xff, 0xb0, 0xb, 0xbb, 0xbb, 0xff,
    0xff, 0x50, 0x0, 0x0, 0xa, 0xff, 0xf5, 0x0,
    0x0, 0x0, 0xbf, 0xff, 0x80, 0x0, 0x0, 0x0,
    0xff, 0xff, 0xfd, 0x30, 0x0, 0x0, 0xff, 0xff,
    0xff, 0xe0, 0x0, 0x0, 0x0, 0x1a, 0xff, 0xf4,
    0x7, 0x82, 0x0, 0x9, 0xff, 0xf4, 0x1f, 0xff,
    0xed, 0xef, 0xff, 0xe0, 0x6f, 0xff, 0xff, 0xff,
    0xff, 0x40, 0x4, 0x9c, 0xef, 0xed, 0x81, 0x0,

    /* U+00B4 "´" */
    0x0, 0x0, 0x68, 0x88, 0x83, 0x0, 0x6, 0xff,
    0xff, 0x80, 0x0, 0x4f, 0xff, 0xf6, 0x0, 0x2,
    0xef, 0xff, 0x40, 0x0, 0x1d, 0xff, 0xe2, 0x0,
    0x0,

    /* U+00B5 "µ" */
    0x4f, 0xff, 0xff, 0x0, 0x0, 0x9, 0xff, 0xff,
    0xc4, 0xff, 0xff, 0xf0, 0x0, 0x0, 0x9f, 0xff,
    0xfc, 0x4f, 0xff, 0xff, 0x0, 0x0, 0x9, 0xff,
    0xff, 0xc4, 0xff, 0xff, 0xf0, 0x0, 0x0, 0x9f,
    0xff, 0xfc, 0x4f, 0xff, 0xff, 0x0, 0x0, 0x9,
    0xff, 0xff, 0xc4, 0xff, 0xff, 0xf0, 0x0, 0x0,
    0x9f, 0xff, 0xfc, 0x4f, 0xff, 0xff, 0x0, 0x0,
    0x9, 0xff, 0xff, 0xc4, 0xff, 0xff, 0xf0, 0x0,
    0x0, 0x9f, 0xff, 0xfc, 0x4f, 0xff, 0xff, 0x10,
    0x0, 0xa, 0xff, 0xff, 0xc4, 0xff, 0xff, 0xf3,
    0x0, 0x0, 0xdf, 0xff, 0xfc, 0x4f, 0xff, 0xff,
    0xb0, 0x0, 0x8f, 0xff, 0xff, 0xc4, 0xff, 0xff,
    0xff, 0xec, 0xef, 0xff, 0xff, 0xfc, 0x4f, 0xff,
    0xff, 0xff, 0xff, 0xff, 0xff, 0xff, 0xc4, 0xff,
    0xff, 0xff, 0xff, 0xff, 0xff, 0xff, 0xfc, 0x4f,
    0xff, 0xff, 0xff, 0xff, 0xfb, 0xff, 0xff, 0xc4,
    0xff, 0xff, 0xfb, 0xef, 0xd8, 0xf, 0xff, 0xfc,
    0x4f, 0xff, 0xff, 0x0, 0x0, 0x0, 0x0, 0x0,
    0x4, 0xff, 0xff, 0xf0, 0x0, 0x0, 0x0, 0x0,
    0x0, 0x4f, 0xff, 0xff, 0x0, 0x0, 0x0, 0x0,
    0x0, 0x4, 0xff, 0xff, 0xf0, 0x0, 0x0, 0x0,
    0x0, 0x0, 0x4f, 0xff, 0xff, 0x0, 0x0, 0x0,
    0x0, 0x0, 0x4, 0xff, 0xff, 0xf0, 0x0, 0x0,
    0x0, 0x0, 0x0,

    /* U+00B6 "¶" */
    0x0, 0x1, 0x7b, 0xcd, 0xee, 0xee, 0xee, 0xee,
    0xeb, 0x0, 0x7f, 0xff, 0xff, 0xff, 0xff, 0xff,
    0xff, 0xfd, 0x8, 0xff, 0xff, 0xff, 0xff, 0xff,
    0xff, 0xff, 0xfd, 0x2f, 0xff, 0xff, 0xff, 0xff,
    0xff, 0xff, 0xff, 0xfd, 0x7f, 0xff, 0xff, 0xff,
    0xff, 0xb0, 0x7, 0xff, 0xfd, 0xaf, 0xff, 0xff,
    0xff, 0xff, 0xb0, 0x7, 0xff, 0xfd, 0x9f, 0xff,
    0xff, 0xff, 0xff, 0xb0, 0x7, 0xff, 0xfd, 0x7f,
    0xff, 0xff, 0xff, 0xff, 0xb0, 0x7, 0xff, 0xfd,
    0x1f, 0xff, 0xff, 0xff, 0xff, 0xb0, 0x7, 0xff,
    0xfd, 0x5, 0xff, 0xff, 0xff, 0xff, 0xb0, 0x7,
    0xff, 0xfd, 0x0, 0x5e, 0xff, 0xff, 0xff, 0xb0,
    0x7, 0xff, 0xfd, 0x0, 0x0, 0x47, 0xdf, 0xff,
    0xb0, 0x7, 0xff, 0xfd, 0x0, 0x0, 0x0, 0x9f,
    0xff, 0xb0, 0x7, 0xff, 0xfd, 0x0, 0x0, 0x0,
    0x9f, 0xff, 0xb0, 0x7, 0xff, 0xfd, 0x0, 0x0,
    0x0, 0x9f, 0xff, 0xb0, 0x7, 0xff, 0xfd, 0x0,
    0x0, 0x0, 0x9f, 0xff, 0xb0, 0x7, 0xff, 0xfd,
    0x0, 0x0, 0x0, 0x9f, 0xff, 0xb0, 0x7, 0xff,
    0xfd, 0x0, 0x0, 0x0, 0x9f, 0xff, 0xb0, 0x7,
    0xff, 0xfd, 0x0, 0x0, 0x0, 0x9f, 0xff, 0xb0,
    0x7, 0xff, 0xfd, 0x0, 0x0, 0x0, 0x9f, 0xff,
    0xb0, 0x7, 0xff, 0xfd, 0x0, 0x0, 0x0, 0x9f,
    0xff, 0xb0, 0x7, 0xff, 0xfd, 0x0, 0x0, 0x0,
    0x9f, 0xff, 0xb0, 0x7, 0xff, 0xfd, 0x0, 0x0,
    0x0, 0x9f, 0xff, 0xb0, 0x7, 0xff, 0xfd, 0x0,
    0x0, 0x0, 0x9f, 0xff, 0xb0, 0x7, 0xff, 0xfd,
    0x0, 0x0, 0x0, 0x48, 0x88, 0x50, 0x3, 0x88,
    0x86,

    /* U+00B7 "·" */
    0x0, 0x68, 0x60, 0x0, 0xdf, 0xff, 0xd0, 0x7f,
    0xff, 0xff, 0x7a, 0xff, 0xff, 0xfa, 0x8f, 0xff,
    0xff, 0x93, 0xff, 0xff, 0xf3, 0x4, 0xcf, 0xd4,
    0x0,

    /* U+00B8 "¸" */
    0x0, 0x3, 0x32, 0x0, 0x0, 0x2f, 0xf9, 0x0,
    0x0, 0x6f, 0xfa, 0x20, 0x0, 0x9f, 0xff, 0xf4,
    0x0, 0x0, 0x9f, 0xfb, 0x8, 0x76, 0xdf, 0xfb,
    0xf, 0xff, 0xff, 0xf4, 0x1a, 0xef, 0xda, 0x20,

    /* U+00B9 "¹" */
    0xd, 0xff, 0xff, 0xf6, 0x0, 0xd, 0xff, 0xff,
    0xf6, 0x0, 0x9, 0xbd, 0xff, 0xf6, 0x0, 0x0,
    0x6, 0xff, 0xf6, 0x0, 0x0, 0x6, 0xff, 0xf6,
    0x0, 0x0, 0x6, 0xff, 0xf6, 0x0, 0x0, 0x6,
    0xff, 0xf6, 0x0, 0x0, 0x6, 0xff, 0xf6, 0x0,
    0x0, 0x6, 0xff, 0xf6, 0x0, 0xb, 0xbd, 0xff,
    0xfd, 0xb7, 0x1f, 0xff, 0xff, 0xff, 0xfb, 0x1f,
    0xff, 0xff, 0xff, 0xfb,

    /* U+00BA "º" */
    0x0, 0x18, 0xdf, 0xfd, 0x81, 0x0, 0x2, 0xef,
    0xff, 0xff, 0xff, 0x40, 0xd, 0xff, 0xfc, 0xcf,
    0xff, 0xe0, 0x4f, 0xff, 0x70, 0x5, 0xff, 0xf6,
    0x6f, 0xff, 0x20, 0x1, 0xff, 0xf7, 0x4f, 0xff,
    0x70, 0x5, 0xff, 0xf6, 0xd, 0xff, 0xfc, 0xbf,
    0xff, 0xe0, 0x2, 0xef, 0xff, 0xff, 0xff, 0x30,
    0x0, 0x18, 0xdf, 0xfd, 0x81, 0x0,

    /* U+00BB "»" */
    0x27, 0x77, 0x73, 0x3, 0x77, 0x77, 0x20, 0x0,
    0x0, 0xcf, 0xff, 0xe1, 0xe, 0xff, 0xfc, 0x0,
    0x0, 0x2, 0xff, 0xff, 0xa0, 0x4f, 0xff, 0xf8,
    0x0, 0x0, 0x7, 0xff, 0xff, 0x50, 0x9f, 0xff,
    0xf3, 0x0, 0x0, 0xc, 0xff, 0xfe, 0x10, 0xef,
    0xff, 0xd0, 0x0, 0x0, 0x2f, 0xff, 0xfb, 0x4,
    0xff, 0xff, 0x90, 0x0, 0x0, 0xdf, 0xff, 0xf1,
    0x1f, 0xff, 0xfd, 0x0, 0x0, 0x7f, 0xff, 0xf5,
    0x9, 0xff, 0xff, 0x30, 0x0, 0x2f, 0xff, 0xfa,
    0x4, 0xff, 0xff, 0x80, 0x0, 0xc, 0xff, 0xfe,
    0x10, 0xef, 0xff, 0xd0, 0x0, 0x7, 0xff, 0xff,
    0x50, 0x9f, 0xff, 0xf3, 0x0, 0x2, 0xff, 0xff,
    0xa0, 0x4f, 0xff, 0xf7, 0x0, 0x0,

    /* U+00BC "¼" */
    0xd, 0xff, 0xff, 0xf6, 0x0, 0x0, 0x0, 0x0,
    0x0, 0xef, 0xff, 0x10, 0x0, 0x0, 0xd, 0xff,
    0xff, 0xf6, 0x0, 0x0, 0x0, 0x0, 0x9, 0xff,
    0xf6, 0x0, 0x0, 0x0, 0xa, 0xde, 0xff, 0xf6,
    0x0, 0x0, 0x0, 0x0, 0x4f, 0xff, 0xb0, 0x0,
    0x0, 0x0, 0x0, 0x6, 0xff, 0xf6, 0x0, 0x0,
    0x0, 0x0, 0xef, 0xff, 0x10, 0x0, 0x0, 0x0,
    0x0, 0x6, 0xff, 0xf6, 0x0, 0x0, 0x0, 0x9,
    0xff, 0xf6, 0x0, 0x0, 0x0, 0x0, 0x0, 0x6,
    0xff, 0xf6, 0x0, 0x0, 0x0, 0x4f, 0xff, 0xb0,
    0x0, 0x0, 0x0, 0x0, 0x0, 0x6, 0xff, 0xf6,
    0x0, 0x0, 0x0, 0xef, 0xff, 0x10, 0x0, 0x0,
    0x0, 0x0, 0x0, 0x6, 0xff, 0xf6, 0x0, 0x0,
    0x9, 0xff, 0xf6, 0x0, 0x0, 0x0, 0x0, 0x0,
    0x0, 0x6, 0xff, 0xf6, 0x0, 0x0, 0x4f, 0xff,
    0xb0, 0x0, 0xa, 0xff, 0xe4, 0x0, 0x1f, 0xff,
    0xff, 0xff, 0xfb, 0x1, 0xef, 0xff, 0x10, 0x0,
    0x5f, 0xff, 0x90, 0x0, 0x1f, 0xff, 0xff, 0xff,
    0xfb, 0xa, 0xff, 0xf6, 0x0, 0x1, 0xef, 0xfd,
    0x0, 0x0, 0xd, 0xdd, 0xdd, 0xdd, 0xd9, 0x4f,
    0xff, 0xb0, 0x0, 0xb, 0xff, 0xf3, 0x0, 0x0,
    0x0, 0x0, 0x0, 0x0, 0x1, 0xef, 0xff, 0x10,
    0x0, 0x6f, 0xff, 0x80, 0x0, 0x0, 0x0, 0x0,
    0x0, 0x0, 0xa, 0xff, 0xf6, 0x0, 0x2, 0xff,
    0xfd, 0xc, 0xee, 0x50, 0x0, 0x0, 0x0, 0x0,
    0x4f, 0xff, 0xb0, 0x0, 0xc, 0xff, 0xf2, 0xd,
    0xff, 0x50, 0x0, 0x0, 0x0, 0x1, 0xef, 0xfe,
    0x10, 0x0, 0x6f, 0xff, 0xff, 0xff, 0xff, 0xff,
    0x0, 0x0, 0x0, 0xa, 0xff, 0xf5, 0x0, 0x0,
    0x7f, 0xff, 0xff, 0xff, 0xff, 0xff, 0x0, 0x0,
    0x0, 0x4f, 0xff, 0xb0, 0x0, 0x0, 0x6e, 0xee,
    0xee, 0xef, 0xff, 0xed, 0x0, 0x0, 0x1, 0xef,
    0xfe, 0x10, 0x0, 0x0, 0x0, 0x0, 0x0, 0x4f,
    0xff, 0x50, 0x0, 0x0, 0xa, 0xff, 0xf5, 0x0,
    0x0, 0x0, 0x0, 0x0, 0x0, 0x4f, 0xff, 0x50,

    /* U+00BD "½" */
    0xd, 0xff, 0xff, 0xf6, 0x0, 0x0, 0x0, 0x0,
    0x0, 0xef, 0xff, 0x10, 0x0, 0x0, 0xd, 0xff,
    0xff, 0xf6, 0x0, 0x0, 0x0, 0x0, 0x9, 0xff,
    0xf6, 0x0, 0x0, 0x0, 0xa, 0xde, 0xff, 0xf6,
    0x0, 0x0, 0x0, 0x0, 0x4f, 0xff, 0xb0, 0x0,
    0x0, 0x0, 0x0, 0x6, 0xff, 0xf6, 0x0, 0x0,
    0x0, 0x0, 0xef, 0xff, 0x10, 0x0, 0x0, 0x0,
    0x0, 0x6, 0xff, 0xf6, 0x0, 0x0, 0x0, 0x9,
    0xff, 0xf6, 0x0, 0x0, 0x0, 0x0, 0x0, 0x6,
    0xff, 0xf6, 0x0, 0x0, 0x0, 0x4f, 0xff, 0xb0,
    0x0, 0x0, 0x0, 0x0, 0x0, 0x6, 0xff, 0xf6,
    0x0, 0x0, 0x0, 0xef, 0xff, 0x10, 0x0, 0x0,
    0x0, 0x0, 0x0, 0x6, 0xff, 0xf6, 0x0, 0x0,
    0x9, 0xff, 0xf6, 0x0, 0x0, 0x0, 0x0, 0x0,
    0x0, 0x6, 0xff, 0xf6, 0x0, 0x0, 0x4f, 0xff,
    0xb0, 0x29, 0xdf, 0xfd, 0x81, 0x0, 0x1f, 0xff,
    0xff, 0xff, 0xfb, 0x1, 0xef, 0xff, 0x15, 0xff,
    0xff, 0xff, 0xff, 0x30, 0x1f, 0xff, 0xff, 0xff,
    0xfb, 0xa, 0xff, 0xf6, 0x1e, 0xff, 0xff, 0xff,
    0xff, 0xc0, 0xd, 0xdd, 0xdd, 0xdd, 0xd9, 0x4f,
    0xff, 0xb0, 0x0, 0x6b, 0x20, 0x1e, 0xff, 0xf0,
    0x0, 0x0, 0x0, 0x0, 0x1, 0xef, 0xff, 0x10,
    0x0, 0x0, 0x0, 0xe, 0xff, 0xe0, 0x0, 0x0,
    0x0, 0x0, 0xa, 0xff, 0xf6, 0x0, 0x0, 0x0,
    0x0, 0xaf, 0xff, 0x60, 0x0, 0x0, 0x0, 0x0,
    0x4f, 0xff, 0xb0, 0x0, 0x0, 0x0, 0x1b, 0xff,
    0xf9, 0x0, 0x0, 0x0, 0x0, 0x1, 0xef, 0xfe,
    0x10, 0x0, 0x0, 0x2, 0xdf, 0xff, 0x80, 0x0,
    0x0, 0x0, 0x0, 0xa, 0xff, 0xf5, 0x0, 0x0,
    0x0, 0x3e, 0xff, 0xf6, 0x0, 0x0, 0x0, 0x0,
    0x0, 0x4f, 0xff, 0xb0, 0x0, 0x0, 0x5, 0xff,
    0xff, 0xfe, 0xee, 0xe5, 0x0, 0x0, 0x1, 0xef,
    0xfe, 0x10, 0x0, 0x0, 0x9, 0xff, 0xff, 0xff,
    0xff, 0xf6, 0x0, 0x0, 0xa, 0xff, 0xf5, 0x0,
    0x0, 0x0, 0x9, 0xff, 0xff, 0xff, 0xff, 0xf6,

    /* U+00BE "¾" */
    0xf, 0xff, 0xff, 0xff, 0xff, 0xb0, 0x0, 0x0,
    0x0, 0xe, 0xff, 0xf1, 0x0, 0x0, 0x0, 0xff,
    0xff, 0xff, 0xff, 0xfb, 0x0, 0x0, 0x0, 0x9,
    0xff, 0xf6, 0x0, 0x0, 0x0, 0xd, 0xdd, 0xdd,
    0xff, 0xff, 0x60, 0x0, 0x0, 0x4, 0xff, 0xfb,
    0x0, 0x0, 0x0, 0x0, 0x0, 0x0, 0x9f, 0xff,
    0x60, 0x0, 0x0, 0x0, 0xef, 0xff, 0x10, 0x0,
    0x0, 0x0, 0x0, 0x0, 0xaf, 0xff, 0x80, 0x0,
    0x0, 0x0, 0x9f, 0xff, 0x60, 0x0, 0x0, 0x0,
    0x0, 0x0, 0xf, 0xff, 0xff, 0xd2, 0x0, 0x0,
    0x4f, 0xff, 0xb0, 0x0, 0x0, 0x0, 0x0, 0x0,
    0x0, 0xff, 0xff, 0xff, 0xe0, 0x0, 0xe, 0xff,
    0xf1, 0x0, 0x0, 0x0, 0x0, 0x0, 0x0, 0x0,
    0x0, 0xaf, 0xff, 0x40, 0x9, 0xff, 0xf6, 0x0,
    0x0, 0x0, 0x0, 0x0, 0x8, 0xa3, 0x0, 0xa,
    0xff, 0xf4, 0x4, 0xff, 0xfb, 0x0, 0x0, 0xbf,
    0xff, 0x40, 0x1, 0xff, 0xff, 0xff, 0xff, 0xfe,
    0x1, 0xef, 0xff, 0x10, 0x0, 0x6f, 0xff, 0x90,
    0x0, 0x6f, 0xff, 0xff, 0xff, 0xff, 0x40, 0xaf,
    0xff, 0x60, 0x0, 0x2f, 0xff, 0xd0, 0x0, 0x0,
    0x39, 0xce, 0xfe, 0xd8, 0x10, 0x4f, 0xff, 0xb0,
    0x0, 0xb, 0xff, 0xf3, 0x0, 0x0, 0x0, 0x0,
    0x0, 0x0, 0x0, 0x1e, 0xff, 0xf1, 0x0, 0x6,
    0xff, 0xf8, 0x0, 0x0, 0x0, 0x0, 0x0, 0x0,
    0x0, 0xa, 0xff, 0xf6, 0x0, 0x2, 0xff, 0xfd,
    0xc, 0xee, 0x50, 0x0, 0x0, 0x0, 0x0, 0x4,
    0xff, 0xfb, 0x0, 0x0, 0xcf, 0xff, 0x20, 0xdf,
    0xf5, 0x0, 0x0, 0x0, 0x0, 0x1, 0xef, 0xfe,
    0x10, 0x0, 0x6f, 0xff, 0xff, 0xff, 0xff, 0xff,
    0x0, 0x0, 0x0, 0x0, 0xaf, 0xff, 0x50, 0x0,
    0x7, 0xff, 0xff, 0xff, 0xff, 0xff, 0xf0, 0x0,
    0x0, 0x0, 0x4f, 0xff, 0xb0, 0x0, 0x0, 0x6e,
    0xee, 0xee, 0xef, 0xff, 0xed, 0x0, 0x0, 0x0,
    0x1e, 0xff, 0xe1, 0x0, 0x0, 0x0, 0x0, 0x0,
    0x4, 0xff, 0xf5, 0x0, 0x0, 0x0, 0xa, 0xff,
    0xf5, 0x0, 0x0, 0x0, 0x0, 0x0, 0x0, 0x4f,
    0xff, 0x50,

    /* U+00BF "¿" */
    0x0, 0x0, 0x6, 0xdf, 0xb2, 0x0, 0x0, 0x0,
    0x0, 0x0, 0x6f, 0xff, 0xfe, 0x10, 0x0, 0x0,
    0x0, 0x0, 0xcf, 0xff, 0xff, 0x50, 0x0, 0x0,
    0x0, 0x0, 0xdf, 0xff, 0xff, 0x50, 0x0, 0x0,
    0x0, 0x0, 0x7f, 0xff, 0xfe, 0x10, 0x0, 0x0,
    0x0, 0x0, 0x8, 0xef, 0xc3, 0x0, 0x0, 0x0,
    0x0, 0x0, 0x0, 0x0, 0x0, 0x0, 0x0, 0x0,
    0x0, 0x0, 0x15, 0x55, 0x53, 0x0, 0x0, 0x0,
    0x0, 0x0, 0x6f, 0xff, 0xfb, 0x0, 0x0, 0x0,
    0x0, 0x2, 0xef, 0xff, 0xf6, 0x0, 0x0, 0x0,
    0x0, 0x2e, 0xff, 0xff, 0xc0, 0x0, 0x0, 0x0,
    0x2, 0xef, 0xff, 0xfe, 0x20, 0x0, 0x0, 0x0,
    0xd, 0xff, 0xff, 0xe2, 0x0, 0x0, 0x0, 0x0,
    0x6f, 0xff, 0xff, 0x30, 0x0, 0x0, 0x0, 0x0,
    0xbf, 0xff, 0xfd, 0x0, 0x0, 0x4, 0x30, 0x0,
    0xcf, 0xff, 0xff, 0x10, 0x0, 0x4f, 0xfa, 0x10,
    0xaf, 0xff, 0xff, 0xfa, 0x9c, 0xff, 0xff, 0xf7,
    0x6f, 0xff, 0xff, 0xff, 0xff, 0xff, 0xff, 0xf4,
    0xc, 0xff, 0xff, 0xff, 0xff, 0xff, 0xff, 0x70,
    0x0, 0xbf, 0xff, 0xff, 0xff, 0xff, 0xe4, 0x0,
    0x0, 0x3, 0x9c, 0xef, 0xfd, 0xa5, 0x0, 0x0,

    /* U+00C0 "À" */
    0x0, 0x0, 0x0, 0x78, 0x88, 0x81, 0x0, 0x0,
    0x0, 0x0, 0x0, 0x0, 0x0, 0x0, 0x0, 0x3e,
    0xff, 0xfc, 0x0, 0x0, 0x0, 0x0, 0x0, 0x0,
    0x0, 0x0, 0x0, 0x2, 0xdf, 0xff, 0xa0, 0x0,
    0x0, 0x0, 0x0, 0x0, 0x0, 0x0, 0x0, 0x0,
    0x1c, 0xff, 0xf7, 0x0, 0x0, 0x0, 0x0, 0x0,
    0x0, 0x0, 0x0, 0x0, 0x0, 0x9f, 0xff, 0x50,
    0x0, 0x0, 0x0, 0x0, 0x0, 0x0, 0x0, 0x0,
    0x0, 0x0, 0x0, 0x0, 0x0, 0x0, 0x0, 0x0,
    0x0, 0x0, 0x0, 0x0, 0x0, 0x0, 0x0, 0x0,
    0x0, 0x0, 0x0, 0x0, 0x0, 0x0, 0x0, 0x0,
    0xe, 0xff, 0xff, 0xe0, 0x0, 0x0, 0x0, 0x0,
    0x0, 0x0, 0x0, 0x0, 0x6f, 0xff, 0xff, 0xf5,
    0x0, 0x0, 0x0, 0x0, 0x0, 0x0, 0x0, 0x0,
    0xdf, 0xff, 0xff, 0xfc, 0x0, 0x0, 0x0, 0x0,
    0x0, 0x0, 0x0, 0x4, 0xff, 0xff, 0xff, 0xff,
    0x30, 0x0, 0x0, 0x0, 0x0, 0x0, 0x0, 0xa,
    0xff, 0xff, 0xff, 0xff, 0xa0, 0x0, 0x0, 0x0,
    0x0, 0x0, 0x0, 0x2f, 0xff, 0xfe, 0xff, 0xff,
    0xf1, 0x0, 0x0, 0x0, 0x0, 0x0, 0x0, 0x8f,
    0xff, 0xf8, 0xaf, 0xff, 0xf8, 0x0, 0x0, 0x0,
    0x0, 0x0, 0x0, 0xef, 0xff, 0xf2, 0x3f, 0xff,
    0xfe, 0x0, 0x0, 0x0, 0x0, 0x0, 0x6, 0xff,
    0xff, 0xb0, 0xd, 0xff, 0xff, 0x60, 0x0, 0x0,
    0x0, 0x0, 0xd, 0xff, 0xff, 0x50, 0x7, 0xff,
    0xff, 0xd0, 0x0, 0x0, 0x0, 0x0, 0x4f, 0xff,
    0xfe, 0x0, 0x1, 0xff, 0xff, 0xf4, 0x0, 0x0,
    0x0, 0x0, 0xbf, 0xff, 0xfa, 0x33, 0x33, 0xcf,
    0xff, 0xfb, 0x0, 0x0, 0x0, 0x2, 0xff, 0xff,
    0xff, 0xff, 0xff, 0xff, 0xff, 0xff, 0x20, 0x0,
    0x0, 0x9, 0xff, 0xff, 0xff, 0xff, 0xff, 0xff,
    0xff, 0xff, 0x90, 0x0, 0x0, 0xf, 0xff, 0xff,
    0xff, 0xff, 0xff, 0xff, 0xff, 0xff, 0xf0, 0x0,
    0x0, 0x7f, 0xff, 0xff, 0xff, 0xff, 0xff, 0xff,
    0xff, 0xff, 0xf7, 0x0, 0x0, 0xdf, 0xff, 0xf9,
    0x0, 0x0, 0x0, 0x0, 0xbf, 0xff, 0xfd, 0x0,
    0x4, 0xff, 0xff, 0xf3, 0x0, 0x0, 0x0, 0x0,
    0x5f, 0xff, 0xff, 0x50, 0xb, 0xff, 0xff, 0xd0,
    0x0, 0x0, 0x0, 0x0, 0xe, 0xff, 0xff, 0xc0,
    0x2f, 0xff, 0xff, 0x70, 0x0, 0x0, 0x0, 0x0,
    0x9, 0xff, 0xff, 0xf3,

    /* U+00C1 "Á" */
    0x0, 0x0, 0x0, 0x0, 0x0, 0x0, 0x17, 0x88,
    0x87, 0x0, 0x0, 0x0, 0x0, 0x0, 0x0, 0x0,
    0x0, 0x0, 0xcf, 0xff, 0xe3, 0x0, 0x0, 0x0,
    0x0, 0x0, 0x0, 0x0, 0x0, 0xa, 0xff, 0xfd,
    0x20, 0x0, 0x0, 0x0, 0x0, 0x0, 0x0, 0x0,
    0x0, 0x7f, 0xff, 0xb1, 0x0, 0x0, 0x0, 0x0,
    0x0, 0x0, 0x0, 0x0, 0x5, 0xff, 0xf9, 0x0,
    0x0, 0x0, 0x0, 0x0, 0x0, 0x0, 0x0, 0x0,
    0x0, 0x0, 0x0, 0x0, 0x0, 0x0, 0x0, 0x0,
    0x0, 0x0, 0x0, 0x0, 0x0, 0x0, 0x0, 0x0,
    0x0, 0x0, 0x0, 0x0, 0x0, 0x0, 0x0, 0x0,
    0xe, 0xff, 0xff, 0xe0, 0x0, 0x0, 0x0, 0x0,
    0x0, 0x0, 0x0, 0x0, 0x6f, 0xff, 0xff, 0xf5,
    0x0, 0x0, 0x0, 0x0, 0x0, 0x0, 0x0, 0x0,
    0xdf, 0xff, 0xff, 0xfc, 0x0, 0x0, 0x0, 0x0,
    0x0, 0x0, 0x0, 0x4, 0xff, 0xff, 0xff, 0xff,
    0x30, 0x0, 0x0, 0x0, 0x0, 0x0, 0x0, 0xa,
    0xff, 0xff, 0xff, 0xff, 0xa0, 0x0, 0x0, 0x0,
    0x0, 0x0, 0x0, 0x2f, 0xff, 0xfe, 0xff, 0xff,
    0xf1, 0x0, 0x0, 0x0, 0x0, 0x0, 0x0, 0x8f,
    0xff, 0xf8, 0xaf, 0xff, 0xf8, 0x0, 0x0, 0x0,
    0x0, 0x0, 0x0, 0xef, 0xff, 0xf2, 0x3f, 0xff,
    0xfe, 0x0, 0x0, 0x0, 0x0, 0x0, 0x6, 0xff,
    0xff, 0xb0, 0xd, 0xff, 0xff, 0x60, 0x0, 0x0,
    0x0, 0x0, 0xd, 0xff, 0xff, 0x50, 0x7, 0xff,
    0xff, 0xd0, 0x0, 0x0, 0x0, 0x0, 0x4f, 0xff,
    0xfe, 0x0, 0x1, 0xff, 0xff, 0xf4, 0x0, 0x0,
    0x0, 0x0, 0xbf, 0xff, 0xfa, 0x33, 0x33, 0xcf,
    0xff, 0xfb, 0x0, 0x0, 0x0, 0x2, 0xff, 0xff,
    0xff, 0xff, 0xff, 0xff, 0xff, 0xff, 0x20, 0x0,
    0x0, 0x9, 0xff, 0xff, 0xff, 0xff, 0xff, 0xff,
    0xff, 0xff, 0x90, 0x0, 0x0, 0xf, 0xff, 0xff,
    0xff, 0xff, 0xff, 0xff, 0xff, 0xff, 0xf0, 0x0,
    0x0, 0x7f, 0xff, 0xff, 0xff, 0xff, 0xff, 0xff,
    0xff, 0xff, 0xf7, 0x0, 0x0, 0xdf, 0xff, 0xf9,
    0x0, 0x0, 0x0, 0x0, 0xbf, 0xff, 0xfd, 0x0,
    0x4, 0xff, 0xff, 0xf3, 0x0, 0x0, 0x0, 0x0,
    0x5f, 0xff, 0xff, 0x50, 0xb, 0xff, 0xff, 0xd0,
    0x0, 0x0, 0x0, 0x0, 0xe, 0xff, 0xff, 0xc0,
    0x2f, 0xff, 0xff, 0x70, 0x0, 0x0, 0x0, 0x0,
    0x9, 0xff, 0xff, 0xf3,

    /* U+00C2 "Â" */
    0x0, 0x0, 0x0, 0x0, 0x4, 0x88, 0x88, 0x30,
    0x0, 0x0, 0x0, 0x0, 0x0, 0x0, 0x0, 0x0,
    0x2f, 0xff, 0xff, 0xf2, 0x0, 0x0, 0x0, 0x0,
    0x0, 0x0, 0x0, 0x1, 0xdf, 0xff, 0xff, 0xfd,
    0x0, 0x0, 0x0, 0x0, 0x0, 0x0, 0x0, 0xb,
    0xff, 0xf4, 0x4f, 0xff, 0xb0, 0x0, 0x0, 0x0,
    0x0, 0x0, 0x0, 0x8f, 0xfe, 0x30, 0x3, 0xef,
    0xf8, 0x0, 0x0, 0x0, 0x0, 0x0, 0x0, 0x0,
    0x0, 0x0, 0x0, 0x0, 0x0, 0x0, 0x0, 0x0,
    0x0, 0x0, 0x0, 0x0, 0x0, 0x0, 0x0, 0x0,
    0x0, 0x0, 0x0, 0x0, 0x0, 0x0, 0x0, 0x0,
    0xe, 0xff, 0xff, 0xe0, 0x0, 0x0, 0x0, 0x0,
    0x0, 0x0, 0x0, 0x0, 0x6f, 0xff, 0xff, 0xf5,
    0x0, 0x0, 0x0, 0x0, 0x0, 0x0, 0x0, 0x0,
    0xdf, 0xff, 0xff, 0xfc, 0x0, 0x0, 0x0, 0x0,
    0x0, 0x0, 0x0, 0x4, 0xff, 0xff, 0xff, 0xff,
    0x30, 0x0, 0x0, 0x0, 0x0, 0x0, 0x0, 0xa,
    0xff, 0xff, 0xff, 0xff, 0xa0, 0x0, 0x0, 0x0,
    0x0, 0x0, 0x0, 0x2f, 0xff, 0xfe, 0xff, 0xff,
    0xf1, 0x0, 0x0, 0x0, 0x0, 0x0, 0x0, 0x8f,
    0xff, 0xf8, 0xaf, 0xff, 0xf8, 0x0, 0x0, 0x0,
    0x0, 0x0, 0x0, 0xef, 0xff, 0xf2, 0x3f, 0xff,
    0xfe, 0x0, 0x0, 0x0, 0x0, 0x0, 0x6, 0xff,
    0xff, 0xb0, 0xd, 0xff, 0xff, 0x60, 0x0, 0x0,
    0x0, 0x0, 0xd, 0xff, 0xff, 0x50, 0x7, 0xff,
    0xff, 0xd0, 0x0, 0x0, 0x0, 0x0, 0x4f, 0xff,
    0xfe, 0x0, 0x1, 0xff, 0xff, 0xf4, 0x0, 0x0,
    0x0, 0x0, 0xbf, 0xff, 0xfa, 0x33, 0x33, 0xcf,
    0xff, 0xfb, 0x0, 0x0, 0x0, 0x2, 0xff, 0xff,
    0xff, 0xff, 0xff, 0xff, 0xff, 0xff, 0x20, 0x0,
    0x0, 0x9, 0xff, 0xff, 0xff, 0xff, 0xff, 0xff,
    0xff, 0xff, 0x90, 0x0, 0x0, 0xf, 0xff, 0xff,
    0xff, 0xff, 0xff, 0xff, 0xff, 0xff, 0xf0, 0x0,
    0x0, 0x7f, 0xff, 0xff, 0xff, 0xff, 0xff, 0xff,
    0xff, 0xff, 0xf7, 0x0, 0x0, 0xdf, 0xff, 0xf9,
    0x0, 0x0, 0x0, 0x0, 0xbf, 0xff, 0xfd, 0x0,
    0x4, 0xff, 0xff, 0xf3, 0x0, 0x0, 0x0, 0x0,
    0x5f, 0xff, 0xff, 0x50, 0xb, 0xff, 0xff, 0xd0,
    0x0, 0x0, 0x0, 0x0, 0xe, 0xff, 0xff, 0xc0,
    0x2f, 0xff, 0xff, 0x70, 0x0, 0x0, 0x0, 0x0,
    0x9, 0xff, 0xff, 0xf3,

    /* U+00C3 "Ã" */
    0x0, 0x0, 0x0, 0x2, 0xbf, 0xe7, 0x0, 0x8,
    0xa8, 0x0, 0x0, 0x0, 0x0, 0x0, 0x0, 0xe,
    0xff, 0xff, 0xb2, 0x3f, 0xfb, 0x0, 0x0, 0x0,
    0x0, 0x0, 0x0, 0x6f, 0xff, 0xff, 0xff, 0xff,
    0xf7, 0x0, 0x0, 0x0, 0x0, 0x0, 0x0, 0xaf,
    0xf6, 0x4d, 0xff, 0xff, 0xf1, 0x0, 0x0, 0x0,
    0x0, 0x0, 0x0, 0xad, 0xb0, 0x0, 0x9f, 0xfd,
    0x30, 0x0, 0x0, 0x0, 0x0, 0x0, 0x0, 0x0,
    0x0, 0x0, 0x0, 0x10, 0x0, 0x0, 0x0, 0x0,
    0x0, 0x0, 0x0, 0x0, 0x0, 0x0, 0x0, 0x0,
    0x0, 0x0, 0x0, 0x0, 0x0, 0x0, 0x0, 0x0,
    0xe, 0xff, 0xff, 0xe0, 0x0, 0x0, 0x0, 0x0,
    0x0, 0x0, 0x0, 0x0, 0x6f, 0xff, 0xff, 0xf5,
    0x0, 0x0, 0x0, 0x0, 0x0, 0x0, 0x0, 0x0,
    0xdf, 0xff, 0xff, 0xfc, 0x0, 0x0, 0x0, 0x0,
    0x0, 0x0, 0x0, 0x4, 0xff, 0xff, 0xff, 0xff,
    0x30, 0x0, 0x0, 0x0, 0x0, 0x0, 0x0, 0xa,
    0xff, 0xff, 0xff, 0xff, 0xa0, 0x0, 0x0, 0x0,
    0x0, 0x0, 0x0, 0x2f, 0xff, 0xfe, 0xff, 0xff,
    0xf1, 0x0, 0x0, 0x0, 0x0, 0x0, 0x0, 0x8f,
    0xff, 0xf8, 0xaf, 0xff, 0xf8, 0x0, 0x0, 0x0,
    0x0, 0x0, 0x0, 0xef, 0xff, 0xf2, 0x3f, 0xff,
    0xfe, 0x0, 0x0, 0x0, 0x0, 0x0, 0x6, 0xff,
    0xff, 0xb0, 0xd, 0xff, 0xff, 0x60, 0x0, 0x0,
    0x0, 0x0, 0xd, 0xff, 0xff, 0x50, 0x7, 0xff,
    0xff, 0xd0, 0x0, 0x0, 0x0, 0x0, 0x4f, 0xff,
    0xfe, 0x0, 0x1, 0xff, 0xff, 0xf4, 0x0, 0x0,
    0x0, 0x0, 0xbf, 0xff, 0xfa, 0x33, 0x33, 0xcf,
    0xff, 0xfb, 0x0, 0x0, 0x0, 0x2, 0xff, 0xff,
    0xff, 0xff, 0xff, 0xff, 0xff, 0xff, 0x20, 0x0,
    0x0, 0x9, 0xff, 0xff, 0xff, 0xff, 0xff, 0xff,
    0xff, 0xff, 0x90, 0x0, 0x0, 0xf, 0xff, 0xff,
    0xff, 0xff, 0xff, 0xff, 0xff, 0xff, 0xf0, 0x0,
    0x0, 0x7f, 0xff, 0xff, 0xff, 0xff, 0xff, 0xff,
    0xff, 0xff, 0xf7, 0x0, 0x0, 0xdf, 0xff, 0xf9,
    0x0, 0x0, 0x0, 0x0, 0xbf, 0xff, 0xfd, 0x0,
    0x4, 0xff, 0xff, 0xf3, 0x0, 0x0, 0x0, 0x0,
    0x5f, 0xff, 0xff, 0x50, 0xb, 0xff, 0xff, 0xd0,
    0x0, 0x0, 0x0, 0x0, 0xe, 0xff, 0xff, 0xc0,
    0x2f, 0xff, 0xff, 0x70, 0x0, 0x0, 0x0, 0x0,
    0x9, 0xff, 0xff, 0xf3,

    /* U+00C4 "Ä" */
    0x0, 0x0, 0x0, 0x0, 0x77, 0x10, 0x1, 0x77,
    0x0, 0x0, 0x0, 0x0, 0x0, 0x0, 0x0, 0xc,
    0xff, 0xd0, 0xd, 0xff, 0xc0, 0x0, 0x0, 0x0,
    0x0, 0x0, 0x0, 0x1f, 0xff, 0xf3, 0x2f, 0xff,
    0xf2, 0x0, 0x0, 0x0, 0x0, 0x0, 0x0, 0xf,
    0xff, 0xf1, 0x1f, 0xff, 0xf0, 0x0, 0x0, 0x0,
    0x0, 0x0, 0x0, 0x5, 0xee, 0x60, 0x6, 0xee,
    0x50, 0x0, 0x0, 0x0, 0x0, 0x0, 0x0, 0x0,
    0x0, 0x0, 0x0, 0x0, 0x0, 0x0, 0x0, 0x0,
    0x0, 0x0, 0x0, 0x0, 0x0, 0x0, 0x0, 0x0,
    0x0, 0x0, 0x0, 0x0, 0x0, 0x0, 0x0, 0x0,
    0xe, 0xff, 0xff, 0xe0, 0x0, 0x0, 0x0, 0x0,
    0x0, 0x0, 0x0, 0x0, 0x6f, 0xff, 0xff, 0xf5,
    0x0, 0x0, 0x0, 0x0, 0x0, 0x0, 0x0, 0x0,
    0xdf, 0xff, 0xff, 0xfc, 0x0, 0x0, 0x0, 0x0,
    0x0, 0x0, 0x0, 0x4, 0xff, 0xff, 0xff, 0xff,
    0x30, 0x0, 0x0, 0x0, 0x0, 0x0, 0x0, 0xa,
    0xff, 0xff, 0xff, 0xff, 0xa0, 0x0, 0x0, 0x0,
    0x0, 0x0, 0x0, 0x2f, 0xff, 0xfe, 0xff, 0xff,
    0xf1, 0x0, 0x0, 0x0, 0x0, 0x0, 0x0, 0x8f,
    0xff, 0xf8, 0xaf, 0xff, 0xf8, 0x0, 0x0, 0x0,
    0x0, 0x0, 0x0, 0xef, 0xff, 0xf2, 0x3f, 0xff,
    0xfe, 0x0, 0x0, 0x0, 0x0, 0x0, 0x6, 0xff,
    0xff, 0xb0, 0xd, 0xff, 0xff, 0x60, 0x0, 0x0,
    0x0, 0x0, 0xd, 0xff, 0xff, 0x50, 0x7, 0xff,
    0xff, 0xd0, 0x0, 0x0, 0x0, 0x0, 0x4f, 0xff,
    0xfe, 0x0, 0x1, 0xff, 0xff, 0xf4, 0x0, 0x0,
    0x0, 0x0, 0xbf, 0xff, 0xfa, 0x33, 0x33, 0xcf,
    0xff, 0xfb, 0x0, 0x0, 0x0, 0x2, 0xff, 0xff,
    0xff, 0xff, 0xff, 0xff, 0xff, 0xff, 0x20, 0x0,
    0x0, 0x9, 0xff, 0xff, 0xff, 0xff, 0xff, 0xff,
    0xff, 0xff, 0x90, 0x0, 0x0, 0xf, 0xff, 0xff,
    0xff, 0xff, 0xff, 0xff, 0xff, 0xff, 0xf0, 0x0,
    0x0, 0x7f, 0xff, 0xff, 0xff, 0xff, 0xff, 0xff,
    0xff, 0xff, 0xf7, 0x0, 0x0, 0xdf, 0xff, 0xf9,
    0x0, 0x0, 0x0, 0x0, 0xbf, 0xff, 0xfd, 0x0,
    0x4, 0xff, 0xff, 0xf3, 0x0, 0x0, 0x0, 0x0,
    0x5f, 0xff, 0xff, 0x50, 0xb, 0xff, 0xff, 0xd0,
    0x0, 0x0, 0x0, 0x0, 0xe, 0xff, 0xff, 0xc0,
    0x2f, 0xff, 0xff, 0x70, 0x0, 0x0, 0x0, 0x0,
    0x9, 0xff, 0xff, 0xf3,

    /* U+00C5 "Å" */
    0x0, 0x0, 0x0, 0x0, 0x1, 0x9e, 0xe9, 0x10,
    0x0, 0x0, 0x0, 0x0, 0x0, 0x0, 0x0, 0x0,
    0xd, 0xff, 0xff, 0xd0, 0x0, 0x0, 0x0, 0x0,
    0x0, 0x0, 0x0, 0x0, 0x6f, 0xe2, 0x3e, 0xf6,
    0x0, 0x0, 0x0, 0x0, 0x0, 0x0, 0x0, 0x0,
    0xaf, 0x70, 0x7, 0xfa, 0x0, 0x0, 0x0, 0x0,
    0x0, 0x0, 0x0, 0x0, 0xaf, 0x70, 0x7, 0xfa,
    0x0, 0x0, 0x0, 0x0, 0x0, 0x0, 0x0, 0x0,
    0x6f, 0xe2, 0x2e, 0xf6, 0x0, 0x0, 0x0, 0x0,
    0x0, 0x0, 0x0, 0x0, 0xd, 0xff, 0xff, 0xd0,
    0x0, 0x0, 0x0, 0x0, 0x0, 0x0, 0x0, 0x0,
    0x1, 0xae, 0xea, 0x10, 0x0, 0x0, 0x0, 0x0,
    0x0, 0x0, 0x0, 0x0, 0x0, 0x0, 0x0, 0x0,
    0x0, 0x0, 0x0, 0x0, 0x0, 0x0, 0x0, 0x0,
    0xe, 0xff, 0xff, 0xe0, 0x0, 0x0, 0x0, 0x0,
    0x0, 0x0, 0x0, 0x0, 0x6f, 0xff, 0xff, 0xf5,
    0x0, 0x0, 0x0, 0x0, 0x0, 0x0, 0x0, 0x0,
    0xdf, 0xff, 0xff, 0xfc, 0x0, 0x0, 0x0, 0x0,
    0x0, 0x0, 0x0, 0x4, 0xff, 0xff, 0xff, 0xff,
    0x30, 0x0, 0x0, 0x0, 0x0, 0x0, 0x0, 0xa,
    0xff, 0xff, 0xff, 0xff, 0xa0, 0x0, 0x0, 0x0,
    0x0, 0x0, 0x0, 0x2f, 0xff, 0xfe, 0xff, 0xff,
    0xf1, 0x0, 0x0, 0x0, 0x0, 0x0, 0x0, 0x8f,
    0xff, 0xf8, 0xaf, 0xff, 0xf8, 0x0, 0x0, 0x0,
    0x0, 0x0, 0x0, 0xef, 0xff, 0xf2, 0x3f, 0xff,
    0xfe, 0x0, 0x0, 0x0, 0x0, 0x0, 0x6, 0xff,
    0xff, 0xb0, 0xd, 0xff, 0xff, 0x60, 0x0, 0x0,
    0x0, 0x0, 0xd, 0xff, 0xff, 0x50, 0x7, 0xff,
    0xff, 0xd0, 0x0, 0x0, 0x0, 0x0, 0x4f, 0xff,
    0xfe, 0x0, 0x1, 0xff, 0xff, 0xf4, 0x0, 0x0,
    0x0, 0x0, 0xbf, 0xff, 0xfa, 0x33, 0x33, 0xcf,
    0xff, 0xfb, 0x0, 0x0, 0x0, 0x2, 0xff, 0xff,
    0xff, 0xff, 0xff, 0xff, 0xff, 0xff, 0x20, 0x0,
    0x0, 0x9, 0xff, 0xff, 0xff, 0xff, 0xff, 0xff,
    0xff, 0xff, 0x90, 0x0, 0x0, 0xf, 0xff, 0xff,
    0xff, 0xff, 0xff, 0xff, 0xff, 0xff, 0xf0, 0x0,
    0x0, 0x7f, 0xff, 0xff, 0xff, 0xff, 0xff, 0xff,
    0xff, 0xff, 0xf7, 0x0, 0x0, 0xdf, 0xff, 0xf9,
    0x0, 0x0, 0x0, 0x0, 0xbf, 0xff, 0xfd, 0x0,
    0x4, 0xff, 0xff, 0xf3, 0x0, 0x0, 0x0, 0x0,
    0x5f, 0xff, 0xff, 0x50, 0xb, 0xff, 0xff, 0xd0,
    0x0, 0x0, 0x0, 0x0, 0xe, 0xff, 0xff, 0xc0,
    0x2f, 0xff, 0xff, 0x70, 0x0, 0x0, 0x0, 0x0,
    0x9, 0xff, 0xff, 0xf3,

    /* U+00C6 "Æ" */
    0x0, 0x0, 0x0, 0x0, 0x0, 0xe, 0xff, 0xff,
    0xff, 0xff, 0xff, 0xff, 0xff, 0xff, 0xff, 0x40,
    0x0, 0x0, 0x0, 0x0, 0x8, 0xff, 0xff, 0xff,
    0xff, 0xff, 0xff, 0xff, 0xff, 0xff, 0xf4, 0x0,
    0x0, 0x0, 0x0, 0x1, 0xff, 0xff, 0xff, 0xff,
    0xff, 0xff, 0xff, 0xff, 0xff, 0xff, 0x40, 0x0,
    0x0, 0x0, 0x0, 0x9f, 0xff, 0xff, 0xff, 0xff,
    0xff, 0xff, 0xff, 0xff, 0xff, 0xf4, 0x0, 0x0,
    0x0, 0x0, 0x2f, 0xff, 0xff, 0x8f, 0xff, 0xff,
    0xa7, 0x77, 0x77, 0x77, 0x77, 0x10, 0x0, 0x0,
    0x0, 0xa, 0xff, 0xff, 0xb1, 0xff, 0xff, 0xf6,
    0x0, 0x0, 0x0, 0x0, 0x0, 0x0, 0x0, 0x0,
    0x2, 0xff, 0xff, 0xf2, 0x1f, 0xff, 0xff, 0x60,
    0x0, 0x0, 0x0, 0x0, 0x0, 0x0, 0x0, 0x0,
    0xbf, 0xff, 0xfa, 0x1, 0xff, 0xff, 0xf9, 0x55,
    0x55, 0x55, 0x55, 0x0, 0x0, 0x0, 0x0, 0x3f,
    0xff, 0xff, 0x20, 0x1f, 0xff, 0xff, 0xff, 0xff,
    0xff, 0xff, 0xf1, 0x0, 0x0, 0x0, 0xc, 0xff,
    0xff, 0x90, 0x1, 0xff, 0xff, 0xff, 0xff, 0xff,
    0xff, 0xff, 0x10, 0x0, 0x0, 0x5, 0xff, 0xff,
    0xf1, 0x0, 0x1f, 0xff, 0xff, 0xff, 0xff, 0xff,
    0xff, 0xf1, 0x0, 0x0, 0x0, 0xdf, 0xff, 0xfb,
    0x33, 0x34, 0xff, 0xff, 0xff, 0xff, 0xff, 0xff,
    0xff, 0x10, 0x0, 0x0, 0x6f, 0xff, 0xff, 0xff,
    0xff, 0xff, 0xff, 0xff, 0x60, 0x0, 0x0, 0x0,
    0x0, 0x0, 0x0, 0xe, 0xff, 0xff, 0xff, 0xff,
    0xff, 0xff, 0xff, 0xf6, 0x0, 0x0, 0x0, 0x0,
    0x0, 0x0, 0x7, 0xff, 0xff, 0xff, 0xff, 0xff,
    0xff, 0xff, 0xff, 0x60, 0x0, 0x0, 0x0, 0x0,
    0x0, 0x0, 0xef, 0xff, 0xff, 0xff, 0xff, 0xff,
    0xff, 0xff, 0xfa, 0x77, 0x77, 0x77, 0x77, 0x74,
    0x0, 0x8f, 0xff, 0xff, 0x0, 0x0, 0x0, 0x1f,
    0xff, 0xff, 0xff, 0xff, 0xff, 0xff, 0xff, 0xa0,
    0x1f, 0xff, 0xff, 0x80, 0x0, 0x0, 0x1, 0xff,
    0xff, 0xff, 0xff, 0xff, 0xff, 0xff, 0xfa, 0x9,
    0xff, 0xff, 0xf1, 0x0, 0x0, 0x0, 0x1f, 0xff,
    0xff, 0xff, 0xff, 0xff, 0xff, 0xff, 0xa2, 0xff,
    0xff, 0xf8, 0x0, 0x0, 0x0, 0x1, 0xff, 0xff,
    0xff, 0xff, 0xff, 0xff, 0xff, 0xfa,

    /* U+00C7 "Ç" */
    0x0, 0x0, 0x0, 0x4, 0x8c, 0xef, 0xed, 0xa5,
    0x10, 0x0, 0x0, 0x0, 0x0, 0x4c, 0xff, 0xff,
    0xff, 0xff, 0xff, 0x70, 0x0, 0x0, 0x0, 0x8f,
    0xff, 0xff, 0xff, 0xff, 0xff, 0xff, 0xc0, 0x0,
    0x0, 0x9f, 0xff, 0xff, 0xff, 0xff, 0xff, 0xff,
    0xff, 0xc0, 0x0, 0x6f, 0xff, 0xff, 0xff, 0xec,
    0xcf, 0xff, 0xff, 0xf6, 0x0, 0xe, 0xff, 0xff,
    0xfd, 0x40, 0x0, 0x5, 0xdf, 0xf4, 0x0, 0x6,
    0xff, 0xff, 0xfc, 0x0, 0x0, 0x0, 0x0, 0xa3,
    0x0, 0x0, 0xbf, 0xff, 0xff, 0x20, 0x0, 0x0,
    0x0, 0x0, 0x0, 0x0, 0xe, 0xff, 0xff, 0xc0,
    0x0, 0x0, 0x0, 0x0, 0x0, 0x0, 0x0, 0xff,
    0xff, 0xf9, 0x0, 0x0, 0x0, 0x0, 0x0, 0x0,
    0x0, 0xf, 0xff, 0xff, 0x90, 0x0, 0x0, 0x0,
    0x0, 0x0, 0x0, 0x0, 0xef, 0xff, 0xfc, 0x0,
    0x0, 0x0, 0x0, 0x0, 0x0, 0x0, 0xb, 0xff,
    0xff, 0xf2, 0x0, 0x0, 0x0, 0x0, 0x0, 0x0,
    0x0, 0x6f, 0xff, 0xff, 0xc0, 0x0, 0x0, 0x0,
    0xa, 0x30, 0x0, 0x0, 0xef, 0xff, 0xff, 0xd4,
    0x0, 0x0, 0x5d, 0xff, 0x40, 0x0, 0x6, 0xff,
    0xff, 0xff, 0xff, 0xdd, 0xff, 0xff, 0xff, 0x60,
    0x0, 0x9, 0xff, 0xff, 0xff, 0xff, 0xff, 0xff,
    0xff, 0xfc, 0x0, 0x0, 0x8, 0xff, 0xff, 0xff,
    0xff, 0xff, 0xff, 0xfc, 0x0, 0x0, 0x0, 0x4,
    0xdf, 0xff, 0xff, 0xff, 0xff, 0xf7, 0x0, 0x0,
    0x0, 0x0, 0x0, 0x48, 0xcf, 0xff, 0xda, 0x51,
    0x0, 0x0, 0x0, 0x0, 0x0, 0x0, 0x1, 0xff,
    0xb0, 0x0, 0x0, 0x0, 0x0, 0x0, 0x0, 0x0,
    0x0, 0x4f, 0xff, 0xa1, 0x0, 0x0, 0x0, 0x0,
    0x0, 0x0, 0x0, 0x3, 0x8c, 0xff, 0xc0, 0x0,
    0x0, 0x0, 0x0, 0x0, 0x0, 0x2, 0x10, 0x6f,
    0xff, 0x0, 0x0, 0x0, 0x0, 0x0, 0x0, 0x0,
    0xaf, 0xff, 0xff, 0xb0, 0x0, 0x0, 0x0, 0x0,
    0x0, 0x0, 0xe, 0xff, 0xff, 0xb1, 0x0, 0x0,
    0x0, 0x0, 0x0, 0x0, 0x0, 0x4, 0x54, 0x10,
    0x0, 0x0, 0x0, 0x0,

    /* U+00C8 "È" */
    0x0, 0x38, 0x88, 0x86, 0x0, 0x0, 0x0, 0x0,
    0x0, 0x0, 0x8f, 0xff, 0xf7, 0x0, 0x0, 0x0,
    0x0, 0x0, 0x0, 0x5f, 0xff, 0xf5, 0x0, 0x0,
    0x0, 0x0, 0x0, 0x0, 0x3e, 0xff, 0xf3, 0x0,
    0x0, 0x0, 0x0, 0x0, 0x0, 0x2d, 0xff, 0xe1,
    0x0, 0x0, 0x0, 0x0, 0x0, 0x0, 0x0, 0x0,
    0x0, 0x0, 0x0, 0x0, 0x0, 0x0, 0x0, 0x0,
    0x0, 0x0, 0x0, 0x0, 0xff, 0xff, 0xff, 0xff,
    0xff, 0xff, 0xff, 0xf5, 0xf, 0xff, 0xff, 0xff,
    0xff, 0xff, 0xff, 0xff, 0x50, 0xff, 0xff, 0xff,
    0xff, 0xff, 0xff, 0xff, 0xf5, 0xf, 0xff, 0xff,
    0xff, 0xff, 0xff, 0xff, 0xff, 0x50, 0xff, 0xff,
    0xfb, 0x77, 0x77, 0x77, 0x77, 0x72, 0xf, 0xff,
    0xff, 0x70, 0x0, 0x0, 0x0, 0x0, 0x0, 0xff,
    0xff, 0xf7, 0x0, 0x0, 0x0, 0x0, 0x0, 0xf,
    0xff, 0xff, 0x95, 0x55, 0x55, 0x55, 0x50, 0x0,
    0xff, 0xff, 0xff, 0xff, 0xff, 0xff, 0xff, 0x20,
    0xf, 0xff, 0xff, 0xff, 0xff, 0xff, 0xff, 0xf2,
    0x0, 0xff, 0xff, 0xff, 0xff, 0xff, 0xff, 0xff,
    0x20, 0xf, 0xff, 0xff, 0xff, 0xff, 0xff, 0xff,
    0xf2, 0x0, 0xff, 0xff, 0xf7, 0x0, 0x0, 0x0,
    0x0, 0x0, 0xf, 0xff, 0xff, 0x70, 0x0, 0x0,
    0x0, 0x0, 0x0, 0xff, 0xff, 0xf7, 0x0, 0x0,
    0x0, 0x0, 0x0, 0xf, 0xff, 0xff, 0xb7, 0x77,
    0x77, 0x77, 0x77, 0x40, 0xff, 0xff, 0xff, 0xff,
    0xff, 0xff, 0xff, 0xfb, 0xf, 0xff, 0xff, 0xff,
    0xff, 0xff, 0xff, 0xff, 0xb0, 0xff, 0xff, 0xff,
    0xff, 0xff, 0xff, 0xff, 0xfb, 0xf, 0xff, 0xff,
    0xff, 0xff, 0xff, 0xff, 0xff, 0xb0,

    /* U+00C9 "É" */
    0x0, 0x0, 0x0, 0x0, 0x4, 0x88, 0x88, 0x50,
    0x0, 0x0, 0x0, 0x0, 0x3, 0xff, 0xff, 0xb1,
    0x0, 0x0, 0x0, 0x0, 0x1, 0xef, 0xff, 0x90,
    0x0, 0x0, 0x0, 0x0, 0x0, 0xcf, 0xff, 0x70,
    0x0, 0x0, 0x0, 0x0, 0x0, 0xaf, 0xff, 0x50,
    0x0, 0x0, 0x0, 0x0, 0x0, 0x0, 0x0, 0x0,
    0x0, 0x0, 0x0, 0x0, 0x0, 0x0, 0x0, 0x0,
    0x0, 0x0, 0x0, 0x0, 0xff, 0xff, 0xff, 0xff,
    0xff, 0xff, 0xff, 0xf5, 0xf, 0xff, 0xff, 0xff,
    0xff, 0xff, 0xff, 0xff, 0x50, 0xff, 0xff, 0xff,
    0xff, 0xff, 0xff, 0xff, 0xf5, 0xf, 0xff, 0xff,
    0xff, 0xff, 0xff, 0xff, 0xff, 0x50, 0xff, 0xff,
    0xfb, 0x77, 0x77, 0x77, 0x77, 0x72, 0xf, 0xff,
    0xff, 0x70, 0x0, 0x0, 0x0, 0x0, 0x0, 0xff,
    0xff, 0xf7, 0x0, 0x0, 0x0, 0x0, 0x0, 0xf,
    0xff, 0xff, 0x95, 0x55, 0x55, 0x55, 0x50, 0x0,
    0xff, 0xff, 0xff, 0xff, 0xff, 0xff, 0xff, 0x20,
    0xf, 0xff, 0xff, 0xff, 0xff, 0xff, 0xff, 0xf2,
    0x0, 0xff, 0xff, 0xff, 0xff, 0xff, 0xff, 0xff,
    0x20, 0xf, 0xff, 0xff, 0xff, 0xff, 0xff, 0xff,
    0xf2, 0x0, 0xff, 0xff, 0xf7, 0x0, 0x0, 0x0,
    0x0, 0x0, 0xf, 0xff, 0xff, 0x70, 0x0, 0x0,
    0x0, 0x0, 0x0, 0xff, 0xff, 0xf7, 0x0, 0x0,
    0x0, 0x0, 0x0, 0xf, 0xff, 0xff, 0xb7, 0x77,
    0x77, 0x77, 0x77, 0x40, 0xff, 0xff, 0xff, 0xff,
    0xff, 0xff, 0xff, 0xfb, 0xf, 0xff, 0xff, 0xff,
    0xff, 0xff, 0xff, 0xff, 0xb0, 0xff, 0xff, 0xff,
    0xff, 0xff, 0xff, 0xff, 0xfb, 0xf, 0xff, 0xff,
    0xff, 0xff, 0xff, 0xff, 0xff, 0xb0,

    /* U+00CA "Ê" */
    0x0, 0x0, 0x0, 0x68, 0x88, 0x71, 0x0, 0x0,
    0x0, 0x0, 0x0, 0x7f, 0xff, 0xff, 0xb0, 0x0,
    0x0, 0x0, 0x0, 0x4f, 0xff, 0xef, 0xff, 0x90,
    0x0, 0x0, 0x0, 0x2e, 0xff, 0xc1, 0x8f, 0xff,
    0x60, 0x0, 0x0, 0xd, 0xff, 0xb0, 0x0, 0x7f,
    0xff, 0x30, 0x0, 0x0, 0x0, 0x0, 0x0, 0x0,
    0x0, 0x0, 0x0, 0x0, 0x0, 0x0, 0x0, 0x0,
    0x0, 0x0, 0x0, 0x0, 0xff, 0xff, 0xff, 0xff,
    0xff, 0xff, 0xff, 0xf5, 0xf, 0xff, 0xff, 0xff,
    0xff, 0xff, 0xff, 0xff, 0x50, 0xff, 0xff, 0xff,
    0xff, 0xff, 0xff, 0xff, 0xf5, 0xf, 0xff, 0xff,
    0xff, 0xff, 0xff, 0xff, 0xff, 0x50, 0xff, 0xff,
    0xfb, 0x77, 0x77, 0x77, 0x77, 0x72, 0xf, 0xff,
    0xff, 0x70, 0x0, 0x0, 0x0, 0x0, 0x0, 0xff,
    0xff, 0xf7, 0x0, 0x0, 0x0, 0x0, 0x0, 0xf,
    0xff, 0xff, 0x95, 0x55, 0x55, 0x55, 0x50, 0x0,
    0xff, 0xff, 0xff, 0xff, 0xff, 0xff, 0xff, 0x20,
    0xf, 0xff, 0xff, 0xff, 0xff, 0xff, 0xff, 0xf2,
    0x0, 0xff, 0xff, 0xff, 0xff, 0xff, 0xff, 0xff,
    0x20, 0xf, 0xff, 0xff, 0xff, 0xff, 0xff, 0xff,
    0xf2, 0x0, 0xff, 0xff, 0xf7, 0x0, 0x0, 0x0,
    0x0, 0x0, 0xf, 0xff, 0xff, 0x70, 0x0, 0x0,
    0x0, 0x0, 0x0, 0xff, 0xff, 0xf7, 0x0, 0x0,
    0x0, 0x0, 0x0, 0xf, 0xff, 0xff, 0xb7, 0x77,
    0x77, 0x77, 0x77, 0x40, 0xff, 0xff, 0xff, 0xff,
    0xff, 0xff, 0xff, 0xfb, 0xf, 0xff, 0xff, 0xff,
    0xff, 0xff, 0xff, 0xff, 0xb0, 0xff, 0xff, 0xff,
    0xff, 0xff, 0xff, 0xff, 0xfb, 0xf, 0xff, 0xff,
    0xff, 0xff, 0xff, 0xff, 0xff, 0xb0,

    /* U+00CB "Ë" */
    0x0, 0x0, 0x27, 0x50, 0x0, 0x37, 0x50, 0x0,
    0x0, 0x0, 0x2f, 0xff, 0x80, 0x3f, 0xff, 0x70,
    0x0, 0x0, 0x7, 0xff, 0xfd, 0x8, 0xff, 0xfc,
    0x0, 0x0, 0x0, 0x5f, 0xff, 0xb0, 0x6f, 0xff,
    0xa0, 0x0, 0x0, 0x0, 0xaf, 0xd2, 0x0, 0xaf,
    0xc2, 0x0, 0x0, 0x0, 0x0, 0x0, 0x0, 0x0,
    0x0, 0x0, 0x0, 0x0, 0x0, 0x0, 0x0, 0x0,
    0x0, 0x0, 0x0, 0x0, 0xff, 0xff, 0xff, 0xff,
    0xff, 0xff, 0xff, 0xf5, 0xf, 0xff, 0xff, 0xff,
    0xff, 0xff, 0xff, 0xff, 0x50, 0xff, 0xff, 0xff,
    0xff, 0xff, 0xff, 0xff, 0xf5, 0xf, 0xff, 0xff,
    0xff, 0xff, 0xff, 0xff, 0xff, 0x50, 0xff, 0xff,
    0xfb, 0x77, 0x77, 0x77, 0x77, 0x72, 0xf, 0xff,
    0xff, 0x70, 0x0, 0x0, 0x0, 0x0, 0x0, 0xff,
    0xff, 0xf7, 0x0, 0x0, 0x0, 0x0, 0x0, 0xf,
    0xff, 0xff, 0x95, 0x55, 0x55, 0x55, 0x50, 0x0,
    0xff, 0xff, 0xff, 0xff, 0xff, 0xff, 0xff, 0x20,
    0xf, 0xff, 0xff, 0xff, 0xff, 0xff, 0xff, 0xf2,
    0x0, 0xff, 0xff, 0xff, 0xff, 0xff, 0xff, 0xff,
    0x20, 0xf, 0xff, 0xff, 0xff, 0xff, 0xff, 0xff,
    0xf2, 0x0, 0xff, 0xff, 0xf7, 0x0, 0x0, 0x0,
    0x0, 0x0, 0xf, 0xff, 0xff, 0x70, 0x0, 0x0,
    0x0, 0x0, 0x0, 0xff, 0xff, 0xf7, 0x0, 0x0,
    0x0, 0x0, 0x0, 0xf, 0xff, 0xff, 0xb7, 0x77,
    0x77, 0x77, 0x77, 0x40, 0xff, 0xff, 0xff, 0xff,
    0xff, 0xff, 0xff, 0xfb, 0xf, 0xff, 0xff, 0xff,
    0xff, 0xff, 0xff, 0xff, 0xb0, 0xff, 0xff, 0xff,
    0xff, 0xff, 0xff, 0xff, 0xfb, 0xf, 0xff, 0xff,
    0xff, 0xff, 0xff, 0xff, 0xff, 0xb0,

    /* U+00CC "Ì" */
    0x28, 0x88, 0x87, 0x0, 0x0, 0x6, 0xff, 0xff,
    0x80, 0x0, 0x0, 0x4f, 0xff, 0xf6, 0x0, 0x0,
    0x3, 0xef, 0xff, 0x30, 0x0, 0x0, 0x1c, 0xff,
    0xe2, 0x0, 0x0, 0x0, 0x0, 0x0, 0x0, 0x0,
    0x0, 0x0, 0x0, 0x0, 0x0, 0xff, 0xff, 0xf8,
    0x0, 0x0, 0xff, 0xff, 0xf8, 0x0, 0x0, 0xff,
    0xff, 0xf8, 0x0, 0x0, 0xff, 0xff, 0xf8, 0x0,
    0x0, 0xff, 0xff, 0xf8, 0x0, 0x0, 0xff, 0xff,
    0xf8, 0x0, 0x0, 0xff, 0xff, 0xf8, 0x0, 0x0,
    0xff, 0xff, 0xf8, 0x0, 0x0, 0xff, 0xff, 0xf8,
    0x0, 0x0, 0xff, 0xff, 0xf8, 0x0, 0x0, 0xff,
    0xff, 0xf8, 0x0, 0x0, 0xff, 0xff, 0xf8, 0x0,
    0x0, 0xff, 0xff, 0xf8, 0x0, 0x0, 0xff, 0xff,
    0xf8, 0x0, 0x0, 0xff, 0xff, 0xf8, 0x0, 0x0,
    0xff, 0xff, 0xf8, 0x0, 0x0, 0xff, 0xff, 0xf8,
    0x0, 0x0, 0xff, 0xff, 0xf8, 0x0, 0x0, 0xff,
    0xff, 0xf8, 0x0, 0x0, 0xff, 0xff, 0xf8,

    /* U+00CD "Í" */
    0x0, 0x0, 0x38, 0x88, 0x86, 0x0, 0x0, 0x2f,
    0xff, 0xfc, 0x10, 0x0, 0x1d, 0xff, 0xfa, 0x0,
    0x0, 0xb, 0xff, 0xf8, 0x0, 0x0, 0x9, 0xff,
    0xf6, 0x0, 0x0, 0x0, 0x0, 0x0, 0x0, 0x0,
    0x0, 0x0, 0x0, 0x0, 0x0, 0x0, 0x0, 0xff,
    0xff, 0xf8, 0x0, 0x0, 0xf, 0xff, 0xff, 0x80,
    0x0, 0x0, 0xff, 0xff, 0xf8, 0x0, 0x0, 0xf,
    0xff, 0xff, 0x80, 0x0, 0x0, 0xff, 0xff, 0xf8,
    0x0, 0x0, 0xf, 0xff, 0xff, 0x80, 0x0, 0x0,
    0xff, 0xff, 0xf8, 0x0, 0x0, 0xf, 0xff, 0xff,
    0x80, 0x0, 0x0, 0xff, 0xff, 0xf8, 0x0, 0x0,
    0xf, 0xff, 0xff, 0x80, 0x0, 0x0, 0xff, 0xff,
    0xf8, 0x0, 0x0, 0xf, 0xff, 0xff, 0x80, 0x0,
    0x0, 0xff, 0xff, 0xf8, 0x0, 0x0, 0xf, 0xff,
    0xff, 0x80, 0x0, 0x0, 0xff, 0xff, 0xf8, 0x0,
    0x0, 0xf, 0xff, 0xff, 0x80, 0x0, 0x0, 0xff,
    0xff, 0xf8, 0x0, 0x0, 0xf, 0xff, 0xff, 0x80,
    0x0, 0x0, 0xff, 0xff, 0xf8, 0x0, 0x0, 0xf,
    0xff, 0xff, 0x80, 0x0, 0x0,

    /* U+00CE "Î" */
    0x0, 0x0, 0x68, 0x88, 0x81, 0x0, 0x0, 0x0,
    0x5f, 0xff, 0xff, 0xc0, 0x0, 0x0, 0x3f, 0xff,
    0xef, 0xff, 0xa0, 0x0, 0x1e, 0xff, 0xd1, 0x7f,
    0xff, 0x70, 0xc, 0xff, 0xc1, 0x0, 0x6f, 0xff,
    0x40, 0x0, 0x0, 0x0, 0x0, 0x0, 0x0, 0x0,
    0x0, 0x0, 0x0, 0x0, 0x0, 0x0, 0x0, 0xf,
    0xff, 0xff, 0x80, 0x0, 0x0, 0x0, 0xff, 0xff,
    0xf8, 0x0, 0x0, 0x0, 0xf, 0xff, 0xff, 0x80,
    0x0, 0x0, 0x0, 0xff, 0xff, 0xf8, 0x0, 0x0,
    0x0, 0xf, 0xff, 0xff, 0x80, 0x0, 0x0, 0x0,
    0xff, 0xff, 0xf8, 0x0, 0x0, 0x0, 0xf, 0xff,
    0xff, 0x80, 0x0, 0x0, 0x0, 0xff, 0xff, 0xf8,
    0x0, 0x0, 0x0, 0xf, 0xff, 0xff, 0x80, 0x0,
    0x0, 0x0, 0xff, 0xff, 0xf8, 0x0, 0x0, 0x0,
    0xf, 0xff, 0xff, 0x80, 0x0, 0x0, 0x0, 0xff,
    0xff, 0xf8, 0x0, 0x0, 0x0, 0xf, 0xff, 0xff,
    0x80, 0x0, 0x0, 0x0, 0xff, 0xff, 0xf8, 0x0,
    0x0, 0x0, 0xf, 0xff, 0xff, 0x80, 0x0, 0x0,
    0x0, 0xff, 0xff, 0xf8, 0x0, 0x0, 0x0, 0xf,
    0xff, 0xff, 0x80, 0x0, 0x0, 0x0, 0xff, 0xff,
    0xf8, 0x0, 0x0, 0x0, 0xf, 0xff, 0xff, 0x80,
    0x0, 0x0, 0x0, 0xff, 0xff, 0xf8, 0x0, 0x0,

    /* U+00CF "Ï" */
    0x2, 0x76, 0x0, 0x2, 0x75, 0x2, 0xff, 0xf9,
    0x2, 0xff, 0xf8, 0x6f, 0xff, 0xe0, 0x7f, 0xff,
    0xd4, 0xff, 0xfc, 0x5, 0xff, 0xfb, 0x9, 0xfd,
    0x30, 0xa, 0xfd, 0x20, 0x0, 0x0, 0x0, 0x0,
    0x0, 0x0, 0x0, 0x0, 0x0, 0x0, 0x0, 0x0,
    0xff, 0xff, 0xf8, 0x0, 0x0, 0xf, 0xff, 0xff,
    0x80, 0x0, 0x0, 0xff, 0xff, 0xf8, 0x0, 0x0,
    0xf, 0xff, 0xff, 0x80, 0x0, 0x0, 0xff, 0xff,
    0xf8, 0x0, 0x0, 0xf, 0xff, 0xff, 0x80, 0x0,
    0x0, 0xff, 0xff, 0xf8, 0x0, 0x0, 0xf, 0xff,
    0xff, 0x80, 0x0, 0x0, 0xff, 0xff, 0xf8, 0x0,
    0x0, 0xf, 0xff, 0xff, 0x80, 0x0, 0x0, 0xff,
    0xff, 0xf8, 0x0, 0x0, 0xf, 0xff, 0xff, 0x80,
    0x0, 0x0, 0xff, 0xff, 0xf8, 0x0, 0x0, 0xf,
    0xff, 0xff, 0x80, 0x0, 0x0, 0xff, 0xff, 0xf8,
    0x0, 0x0, 0xf, 0xff, 0xff, 0x80, 0x0, 0x0,
    0xff, 0xff, 0xf8, 0x0, 0x0, 0xf, 0xff, 0xff,
    0x80, 0x0, 0x0, 0xff, 0xff, 0xf8, 0x0, 0x0,
    0xf, 0xff, 0xff, 0x80, 0x0,

    /* U+00D0 "Ð" */
    0x0, 0x9, 0xff, 0xff, 0xff, 0xff, 0xff, 0xeb,
    0x72, 0x0, 0x0, 0x0, 0x0, 0x9, 0xff, 0xff,
    0xff, 0xff, 0xff, 0xff, 0xff, 0xb2, 0x0, 0x0,
    0x0, 0x9, 0xff, 0xff, 0xff, 0xff, 0xff, 0xff,
    0xff, 0xff, 0x50, 0x0, 0x0, 0x9, 0xff, 0xff,
    0xff, 0xff, 0xff, 0xff, 0xff, 0xff, 0xf5, 0x0,
    0x0, 0x9, 0xff, 0xff, 0xf9, 0x99, 0x9a, 0xef,
    0xff, 0xff, 0xff, 0x20, 0x0, 0x9, 0xff, 0xff,
    0xf0, 0x0, 0x0, 0x5, 0xef, 0xff, 0xff, 0xa0,
    0x0, 0x9, 0xff, 0xff, 0xf0, 0x0, 0x0, 0x0,
    0x2f, 0xff, 0xff, 0xf1, 0x0, 0x9, 0xff, 0xff,
    0xf0, 0x0, 0x0, 0x0, 0x7, 0xff, 0xff, 0xf5,
    0x1f, 0xff, 0xff, 0xff, 0xff, 0xff, 0xf8, 0x0,
    0x2, 0xff, 0xff, 0xf8, 0x1f, 0xff, 0xff, 0xff,
    0xff, 0xff, 0xf8, 0x0, 0x0, 0xff, 0xff, 0xfa,
    0x1f, 0xff, 0xff, 0xff, 0xff, 0xff, 0xf8, 0x0,
    0x0, 0xff, 0xff, 0xf9, 0x8, 0x8f, 0xff, 0xff,
    0xf8, 0x88, 0x84, 0x0, 0x2, 0xff, 0xff, 0xf8,
    0x0, 0x9, 0xff, 0xff, 0xf0, 0x0, 0x0, 0x0,
    0x7, 0xff, 0xff, 0xf5, 0x0, 0x9, 0xff, 0xff,
    0xf0, 0x0, 0x0, 0x0, 0x2e, 0xff, 0xff, 0xf1,
    0x0, 0x9, 0xff, 0xff, 0xf0, 0x0, 0x0, 0x5,
    0xef, 0xff, 0xff, 0xa0, 0x0, 0x9, 0xff, 0xff,
    0xf9, 0x99, 0x9a, 0xef, 0xff, 0xff, 0xff, 0x20,
    0x0, 0x9, 0xff, 0xff, 0xff, 0xff, 0xff, 0xff,
    0xff, 0xff, 0xf5, 0x0, 0x0, 0x9, 0xff, 0xff,
    0xff, 0xff, 0xff, 0xff, 0xff, 0xff, 0x50, 0x0,
    0x0, 0x9, 0xff, 0xff, 0xff, 0xff, 0xff, 0xff,
    0xff, 0xb2, 0x0, 0x0, 0x0, 0x9, 0xff, 0xff,
    0xff, 0xff, 0xff, 0xeb, 0x72, 0x0, 0x0, 0x0,

    /* U+00D1 "Ñ" */
    0x0, 0x0, 0x0, 0x9e, 0xf9, 0x10, 0x5, 0xaa,
    0x10, 0x0, 0x0, 0x0, 0xa, 0xff, 0xff, 0xe4,
    0x1d, 0xff, 0x0, 0x0, 0x0, 0x0, 0x2f, 0xff,
    0xff, 0xff, 0xff, 0xfc, 0x0, 0x0, 0x0, 0x0,
    0x6f, 0xf9, 0x3a, 0xff, 0xff, 0xf4, 0x0, 0x0,
    0x0, 0x0, 0x7d, 0xd1, 0x0, 0x6e, 0xff, 0x70,
    0x0, 0x0, 0x0, 0x0, 0x0, 0x0, 0x0, 0x0,
    0x10, 0x0, 0x0, 0x0, 0x0, 0x0, 0x0, 0x0,
    0x0, 0x0, 0x0, 0x0, 0x0, 0x0, 0xf, 0xff,
    0xfd, 0x10, 0x0, 0x0, 0x0, 0xdf, 0xff, 0xf9,
    0xf, 0xff, 0xff, 0xb0, 0x0, 0x0, 0x0, 0xdf,
    0xff, 0xf9, 0xf, 0xff, 0xff, 0xf8, 0x0, 0x0,
    0x0, 0xdf, 0xff, 0xf9, 0xf, 0xff, 0xff, 0xff,
    0x50, 0x0, 0x0, 0xdf, 0xff, 0xf9, 0xf, 0xff,
    0xff, 0xff, 0xf3, 0x0, 0x0, 0xdf, 0xff, 0xf9,
    0xf, 0xff, 0xff, 0xff, 0xfe, 0x10, 0x0, 0xdf,
    0xff, 0xf9, 0xf, 0xff, 0xff, 0xff, 0xff, 0xc0,
    0x0, 0xdf, 0xff, 0xf9, 0xf, 0xff, 0xff, 0xff,
    0xff, 0xf9, 0x0, 0xdf, 0xff, 0xf9, 0xf, 0xff,
    0xff, 0xff, 0xff, 0xff, 0x60, 0xdf, 0xff, 0xf9,
    0xf, 0xff, 0xff, 0xdf, 0xff, 0xff, 0xf3, 0xdf,
    0xff, 0xf9, 0xf, 0xff, 0xff, 0x6a, 0xff, 0xff,
    0xfe, 0xef, 0xff, 0xf9, 0xf, 0xff, 0xff, 0x60,
    0xdf, 0xff, 0xff, 0xff, 0xff, 0xf9, 0xf, 0xff,
    0xff, 0x60, 0x2e, 0xff, 0xff, 0xff, 0xff, 0xf9,
    0xf, 0xff, 0xff, 0x60, 0x4, 0xff, 0xff, 0xff,
    0xff, 0xf9, 0xf, 0xff, 0xff, 0x60, 0x0, 0x6f,
    0xff, 0xff, 0xff, 0xf9, 0xf, 0xff, 0xff, 0x60,
    0x0, 0x9, 0xff, 0xff, 0xff, 0xf9, 0xf, 0xff,
    0xff, 0x60, 0x0, 0x0, 0xcf, 0xff, 0xff, 0xf9,
    0xf, 0xff, 0xff, 0x60, 0x0, 0x0, 0x1e, 0xff,
    0xff, 0xf9, 0xf, 0xff, 0xff, 0x60, 0x0, 0x0,
    0x3, 0xff, 0xff, 0xf9, 0xf, 0xff, 0xff, 0x60,
    0x0, 0x0, 0x0, 0x5f, 0xff, 0xf9,

    /* U+00D2 "Ò" */
    0x0, 0x0, 0x1, 0xcf, 0xff, 0xf4, 0x0, 0x0,
    0x0, 0x0, 0x0, 0x0, 0x0, 0x0, 0x0, 0xbf,
    0xff, 0xe2, 0x0, 0x0, 0x0, 0x0, 0x0, 0x0,
    0x0, 0x0, 0x0, 0x8f, 0xff, 0xd1, 0x0, 0x0,
    0x0, 0x0, 0x0, 0x0, 0x0, 0x0, 0x0, 0x6f,
    0xff, 0xb0, 0x0, 0x0, 0x0, 0x0, 0x0, 0x0,
    0x0, 0x0, 0x0, 0x48, 0x88, 0x30, 0x0, 0x0,
    0x0, 0x0, 0x0, 0x0, 0x0, 0x0, 0x0, 0x0,
    0x0, 0x0, 0x0, 0x0, 0x0, 0x0, 0x0, 0x0,
    0x0, 0x0, 0x0, 0x0, 0x0, 0x0, 0x0, 0x0,
    0x0, 0x0, 0x0, 0x0, 0x38, 0xce, 0xff, 0xdb,
    0x61, 0x0, 0x0, 0x0, 0x0, 0x0, 0x3, 0xcf,
    0xff, 0xff, 0xff, 0xff, 0xf9, 0x10, 0x0, 0x0,
    0x0, 0x8, 0xff, 0xff, 0xff, 0xff, 0xff, 0xff,
    0xfe, 0x40, 0x0, 0x0, 0x8, 0xff, 0xff, 0xff,
    0xff, 0xff, 0xff, 0xff, 0xff, 0x40, 0x0, 0x5,
    0xff, 0xff, 0xff, 0xfe, 0xcd, 0xff, 0xff, 0xff,
    0xff, 0x10, 0x0, 0xef, 0xff, 0xff, 0xd4, 0x0,
    0x0, 0x6f, 0xff, 0xff, 0xfa, 0x0, 0x6f, 0xff,
    0xff, 0xc0, 0x0, 0x0, 0x0, 0x3f, 0xff, 0xff,
    0xf1, 0xb, 0xff, 0xff, 0xf2, 0x0, 0x0, 0x0,
    0x0, 0x7f, 0xff, 0xff, 0x60, 0xef, 0xff, 0xfc,
    0x0, 0x0, 0x0, 0x0, 0x1, 0xff, 0xff, 0xf9,
    0xf, 0xff, 0xff, 0x90, 0x0, 0x0, 0x0, 0x0,
    0xe, 0xff, 0xff, 0xa0, 0xff, 0xff, 0xf9, 0x0,
    0x0, 0x0, 0x0, 0x0, 0xef, 0xff, 0xfa, 0xe,
    0xff, 0xff, 0xc0, 0x0, 0x0, 0x0, 0x0, 0x1f,
    0xff, 0xff, 0x90, 0xbf, 0xff, 0xff, 0x20, 0x0,
    0x0, 0x0, 0x7, 0xff, 0xff, 0xf6, 0x6, 0xff,
    0xff, 0xfc, 0x0, 0x0, 0x0, 0x3, 0xff, 0xff,
    0xff, 0x10, 0xe, 0xff, 0xff, 0xfd, 0x40, 0x0,
    0x6, 0xff, 0xff, 0xff, 0xa0, 0x0, 0x5f, 0xff,
    0xff, 0xff, 0xec, 0xdf, 0xff, 0xff, 0xff, 0xf1,
    0x0, 0x0, 0x8f, 0xff, 0xff, 0xff, 0xff, 0xff,
    0xff, 0xff, 0xf4, 0x0, 0x0, 0x0, 0x8f, 0xff,
    0xff, 0xff, 0xff, 0xff, 0xff, 0xe4, 0x0, 0x0,
    0x0, 0x0, 0x4c, 0xff, 0xff, 0xff, 0xff, 0xff,
    0xa1, 0x0, 0x0, 0x0, 0x0, 0x0, 0x3, 0x8c,
    0xef, 0xfd, 0xb7, 0x20, 0x0, 0x0, 0x0,

    /* U+00D3 "Ó" */
    0x0, 0x0, 0x0, 0x0, 0x0, 0x0, 0x9f, 0xff,
    0xf9, 0x0, 0x0, 0x0, 0x0, 0x0, 0x0, 0x0,
    0x0, 0x6f, 0xff, 0xf6, 0x0, 0x0, 0x0, 0x0,
    0x0, 0x0, 0x0, 0x0, 0x4f, 0xff, 0xf4, 0x0,
    0x0, 0x0, 0x0, 0x0, 0x0, 0x0, 0x0, 0x2e,
    0xff, 0xe2, 0x0, 0x0, 0x0, 0x0, 0x0, 0x0,
    0x0, 0x0, 0x5, 0x88, 0x71, 0x0, 0x0, 0x0,
    0x0, 0x0, 0x0, 0x0, 0x0, 0x0, 0x0, 0x0,
    0x0, 0x0, 0x0, 0x0, 0x0, 0x0, 0x0, 0x0,
    0x0, 0x0, 0x0, 0x0, 0x0, 0x0, 0x0, 0x0,
    0x0, 0x0, 0x0, 0x0, 0x38, 0xce, 0xff, 0xdb,
    0x61, 0x0, 0x0, 0x0, 0x0, 0x0, 0x3, 0xcf,
    0xff, 0xff, 0xff, 0xff, 0xf9, 0x10, 0x0, 0x0,
    0x0, 0x8, 0xff, 0xff, 0xff, 0xff, 0xff, 0xff,
    0xfe, 0x40, 0x0, 0x0, 0x8, 0xff, 0xff, 0xff,
    0xff, 0xff, 0xff, 0xff, 0xff, 0x40, 0x0, 0x5,
    0xff, 0xff, 0xff, 0xfe, 0xcd, 0xff, 0xff, 0xff,
    0xff, 0x10, 0x0, 0xef, 0xff, 0xff, 0xd4, 0x0,
    0x0, 0x6f, 0xff, 0xff, 0xfa, 0x0, 0x6f, 0xff,
    0xff, 0xc0, 0x0, 0x0, 0x0, 0x3f, 0xff, 0xff,
    0xf1, 0xb, 0xff, 0xff, 0xf2, 0x0, 0x0, 0x0,
    0x0, 0x7f, 0xff, 0xff, 0x60, 0xef, 0xff, 0xfc,
    0x0, 0x0, 0x0, 0x0, 0x1, 0xff, 0xff, 0xf9,
    0xf, 0xff, 0xff, 0x90, 0x0, 0x0, 0x0, 0x0,
    0xe, 0xff, 0xff, 0xa0, 0xff, 0xff, 0xf9, 0x0,
    0x0, 0x0, 0x0, 0x0, 0xef, 0xff, 0xfa, 0xe,
    0xff, 0xff, 0xc0, 0x0, 0x0, 0x0, 0x0, 0x1f,
    0xff, 0xff, 0x90, 0xbf, 0xff, 0xff, 0x20, 0x0,
    0x0, 0x0, 0x7, 0xff, 0xff, 0xf6, 0x6, 0xff,
    0xff, 0xfc, 0x0, 0x0, 0x0, 0x3, 0xff, 0xff,
    0xff, 0x10, 0xe, 0xff, 0xff, 0xfd, 0x40, 0x0,
    0x6, 0xff, 0xff, 0xff, 0xa0, 0x0, 0x5f, 0xff,
    0xff, 0xff, 0xec, 0xdf, 0xff, 0xff, 0xff, 0xf1,
    0x0, 0x0, 0x8f, 0xff, 0xff, 0xff, 0xff, 0xff,
    0xff, 0xff, 0xf4, 0x0, 0x0, 0x0, 0x8f, 0xff,
    0xff, 0xff, 0xff, 0xff, 0xff, 0xe4, 0x0, 0x0,
    0x0, 0x0, 0x4c, 0xff, 0xff, 0xff, 0xff, 0xff,
    0xa1, 0x0, 0x0, 0x0, 0x0, 0x0, 0x3, 0x8c,
    0xef, 0xfd, 0xb7, 0x20, 0x0, 0x0, 0x0,

    /* U+00D4 "Ô" */
    0x0, 0x0, 0x0, 0x0, 0xd, 0xff, 0xff, 0x80,
    0x0, 0x0, 0x0, 0x0, 0x0, 0x0, 0x0, 0xa,
    0xff, 0xff, 0xff, 0x50, 0x0, 0x0, 0x0, 0x0,
    0x0, 0x0, 0x7, 0xff, 0xf9, 0xcf, 0xff, 0x30,
    0x0, 0x0, 0x0, 0x0, 0x0, 0x4, 0xff, 0xf8,
    0x0, 0xcf, 0xfe, 0x10, 0x0, 0x0, 0x0, 0x0,
    0x0, 0x78, 0x85, 0x0, 0x0, 0x78, 0x84, 0x0,
    0x0, 0x0, 0x0, 0x0, 0x0, 0x0, 0x0, 0x0,
    0x0, 0x0, 0x0, 0x0, 0x0, 0x0, 0x0, 0x0,
    0x0, 0x0, 0x0, 0x0, 0x0, 0x0, 0x0, 0x0,
    0x0, 0x0, 0x0, 0x0, 0x38, 0xce, 0xff, 0xdb,
    0x61, 0x0, 0x0, 0x0, 0x0, 0x0, 0x3, 0xcf,
    0xff, 0xff, 0xff, 0xff, 0xf9, 0x10, 0x0, 0x0,
    0x0, 0x8, 0xff, 0xff, 0xff, 0xff, 0xff, 0xff,
    0xfe, 0x40, 0x0, 0x0, 0x8, 0xff, 0xff, 0xff,
    0xff, 0xff, 0xff, 0xff, 0xff, 0x40, 0x0, 0x5,
    0xff, 0xff, 0xff, 0xfe, 0xcd, 0xff, 0xff, 0xff,
    0xff, 0x10, 0x0, 0xef, 0xff, 0xff, 0xd4, 0x0,
    0x0, 0x6f, 0xff, 0xff, 0xfa, 0x0, 0x6f, 0xff,
    0xff, 0xc0, 0x0, 0x0, 0x0, 0x3f, 0xff, 0xff,
    0xf1, 0xb, 0xff, 0xff, 0xf2, 0x0, 0x0, 0x0,
    0x0, 0x7f, 0xff, 0xff, 0x60, 0xef, 0xff, 0xfc,
    0x0, 0x0, 0x0, 0x0, 0x1, 0xff, 0xff, 0xf9,
    0xf, 0xff, 0xff, 0x90, 0x0, 0x0, 0x0, 0x0,
    0xe, 0xff, 0xff, 0xa0, 0xff, 0xff, 0xf9, 0x0,
    0x0, 0x0, 0x0, 0x0, 0xef, 0xff, 0xfa, 0xe,
    0xff, 0xff, 0xc0, 0x0, 0x0, 0x0, 0x0, 0x1f,
    0xff, 0xff, 0x90, 0xbf, 0xff, 0xff, 0x20, 0x0,
    0x0, 0x0, 0x7, 0xff, 0xff, 0xf6, 0x6, 0xff,
    0xff, 0xfc, 0x0, 0x0, 0x0, 0x3, 0xff, 0xff,
    0xff, 0x10, 0xe, 0xff, 0xff, 0xfd, 0x40, 0x0,
    0x6, 0xff, 0xff, 0xff, 0xa0, 0x0, 0x5f, 0xff,
    0xff, 0xff, 0xec, 0xdf, 0xff, 0xff, 0xff, 0xf1,
    0x0, 0x0, 0x8f, 0xff, 0xff, 0xff, 0xff, 0xff,
    0xff, 0xff, 0xf4, 0x0, 0x0, 0x0, 0x8f, 0xff,
    0xff, 0xff, 0xff, 0xff, 0xff, 0xe4, 0x0, 0x0,
    0x0, 0x0, 0x4c, 0xff, 0xff, 0xff, 0xff, 0xff,
    0xa1, 0x0, 0x0, 0x0, 0x0, 0x0, 0x3, 0x8c,
    0xef, 0xfd, 0xb7, 0x20, 0x0, 0x0, 0x0,

    /* U+00D5 "Õ" */
    0x0, 0x0, 0x0, 0x0, 0x1, 0x0, 0x0, 0x0,
    0x0, 0x0, 0x0, 0x0, 0x0, 0x0, 0x0, 0x5e,
    0xff, 0x70, 0x0, 0xcc, 0x80, 0x0, 0x0, 0x0,
    0x0, 0x0, 0x2f, 0xff, 0xff, 0xb3, 0x7f, 0xf8,
    0x0, 0x0, 0x0, 0x0, 0x0, 0x9, 0xff, 0xff,
    0xff, 0xff, 0xff, 0x40, 0x0, 0x0, 0x0, 0x0,
    0x0, 0xdf, 0xe2, 0x3d, 0xff, 0xff, 0xc0, 0x0,
    0x0, 0x0, 0x0, 0x0, 0xb, 0xb7, 0x0, 0x8,
    0xef, 0xa1, 0x0, 0x0, 0x0, 0x0, 0x0, 0x0,
    0x0, 0x0, 0x0, 0x0, 0x0, 0x0, 0x0, 0x0,
    0x0, 0x0, 0x0, 0x0, 0x0, 0x0, 0x0, 0x0,
    0x0, 0x0, 0x0, 0x0, 0x0, 0x0, 0x0, 0x3,
    0x8c, 0xef, 0xfd, 0xb6, 0x10, 0x0, 0x0, 0x0,
    0x0, 0x0, 0x3c, 0xff, 0xff, 0xff, 0xff, 0xff,
    0x91, 0x0, 0x0, 0x0, 0x0, 0x8f, 0xff, 0xff,
    0xff, 0xff, 0xff, 0xff, 0xe4, 0x0, 0x0, 0x0,
    0x8f, 0xff, 0xff, 0xff, 0xff, 0xff, 0xff, 0xff,
    0xf4, 0x0, 0x0, 0x5f, 0xff, 0xff, 0xff, 0xec,
    0xdf, 0xff, 0xff, 0xff, 0xf1, 0x0, 0xe, 0xff,
    0xff, 0xfd, 0x40, 0x0, 0x6, 0xff, 0xff, 0xff,
    0xa0, 0x6, 0xff, 0xff, 0xfc, 0x0, 0x0, 0x0,
    0x3, 0xff, 0xff, 0xff, 0x10, 0xbf, 0xff, 0xff,
    0x20, 0x0, 0x0, 0x0, 0x7, 0xff, 0xff, 0xf6,
    0xe, 0xff, 0xff, 0xc0, 0x0, 0x0, 0x0, 0x0,
    0x1f, 0xff, 0xff, 0x90, 0xff, 0xff, 0xf9, 0x0,
    0x0, 0x0, 0x0, 0x0, 0xef, 0xff, 0xfa, 0xf,
    0xff, 0xff, 0x90, 0x0, 0x0, 0x0, 0x0, 0xe,
    0xff, 0xff, 0xa0, 0xef, 0xff, 0xfc, 0x0, 0x0,
    0x0, 0x0, 0x1, 0xff, 0xff, 0xf9, 0xb, 0xff,
    0xff, 0xf2, 0x0, 0x0, 0x0, 0x0, 0x7f, 0xff,
    0xff, 0x60, 0x6f, 0xff, 0xff, 0xc0, 0x0, 0x0,
    0x0, 0x3f, 0xff, 0xff, 0xf1, 0x0, 0xef, 0xff,
    0xff, 0xd4, 0x0, 0x0, 0x6f, 0xff, 0xff, 0xfa,
    0x0, 0x5, 0xff, 0xff, 0xff, 0xfe, 0xcd, 0xff,
    0xff, 0xff, 0xff, 0x10, 0x0, 0x8, 0xff, 0xff,
    0xff, 0xff, 0xff, 0xff, 0xff, 0xff, 0x40, 0x0,
    0x0, 0x8, 0xff, 0xff, 0xff, 0xff, 0xff, 0xff,
    0xfe, 0x40, 0x0, 0x0, 0x0, 0x4, 0xcf, 0xff,
    0xff, 0xff, 0xff, 0xfa, 0x10, 0x0, 0x0, 0x0,
    0x0, 0x0, 0x38, 0xce, 0xff, 0xdb, 0x72, 0x0,
    0x0, 0x0,

    /* U+00D6 "Ö" */
    0x0, 0x0, 0x0, 0x7, 0xed, 0x40, 0x8, 0xed,
    0x30, 0x0, 0x0, 0x0, 0x0, 0x0, 0x2, 0xff,
    0xfe, 0x3, 0xff, 0xfd, 0x0, 0x0, 0x0, 0x0,
    0x0, 0x0, 0x4f, 0xff, 0xf0, 0x5f, 0xff, 0xf0,
    0x0, 0x0, 0x0, 0x0, 0x0, 0x1, 0xef, 0xfb,
    0x1, 0xff, 0xfa, 0x0, 0x0, 0x0, 0x0, 0x0,
    0x0, 0x1, 0x76, 0x0, 0x2, 0x76, 0x0, 0x0,
    0x0, 0x0, 0x0, 0x0, 0x0, 0x0, 0x0, 0x0,
    0x0, 0x0, 0x0, 0x0, 0x0, 0x0, 0x0, 0x0,
    0x0, 0x0, 0x0, 0x0, 0x0, 0x0, 0x0, 0x0,
    0x0, 0x0, 0x0, 0x0, 0x38, 0xce, 0xff, 0xdb,
    0x61, 0x0, 0x0, 0x0, 0x0, 0x0, 0x3, 0xcf,
    0xff, 0xff, 0xff, 0xff, 0xf9, 0x10, 0x0, 0x0,
    0x0, 0x8, 0xff, 0xff, 0xff, 0xff, 0xff, 0xff,
    0xfe, 0x40, 0x0, 0x0, 0x8, 0xff, 0xff, 0xff,
    0xff, 0xff, 0xff, 0xff, 0xff, 0x40, 0x0, 0x5,
    0xff, 0xff, 0xff, 0xfe, 0xcd, 0xff, 0xff, 0xff,
    0xff, 0x10, 0x0, 0xef, 0xff, 0xff, 0xd4, 0x0,
    0x0, 0x6f, 0xff, 0xff, 0xfa, 0x0, 0x6f, 0xff,
    0xff, 0xc0, 0x0, 0x0, 0x0, 0x3f, 0xff, 0xff,
    0xf1, 0xb, 0xff, 0xff, 0xf2, 0x0, 0x0, 0x0,
    0x0, 0x7f, 0xff, 0xff, 0x60, 0xef, 0xff, 0xfc,
    0x0, 0x0, 0x0, 0x0, 0x1, 0xff, 0xff, 0xf9,
    0xf, 0xff, 0xff, 0x90, 0x0, 0x0, 0x0, 0x0,
    0xe, 0xff, 0xff, 0xa0, 0xff, 0xff, 0xf9, 0x0,
    0x0, 0x0, 0x0, 0x0, 0xef, 0xff, 0xfa, 0xe,
    0xff, 0xff, 0xc0, 0x0, 0x0, 0x0, 0x0, 0x1f,
    0xff, 0xff, 0x90, 0xbf, 0xff, 0xff, 0x20, 0x0,
    0x0, 0x0, 0x7, 0xff, 0xff, 0xf6, 0x6, 0xff,
    0xff, 0xfc, 0x0, 0x0, 0x0, 0x3, 0xff, 0xff,
    0xff, 0x10, 0xe, 0xff, 0xff, 0xfd, 0x40, 0x0,
    0x6, 0xff, 0xff, 0xff, 0xa0, 0x0, 0x5f, 0xff,
    0xff, 0xff, 0xec, 0xdf, 0xff, 0xff, 0xff, 0xf1,
    0x0, 0x0, 0x8f, 0xff, 0xff, 0xff, 0xff, 0xff,
    0xff, 0xff, 0xf4, 0x0, 0x0, 0x0, 0x8f, 0xff,
    0xff, 0xff, 0xff, 0xff, 0xff, 0xe4, 0x0, 0x0,
    0x0, 0x0, 0x4c, 0xff, 0xff, 0xff, 0xff, 0xff,
    0xa1, 0x0, 0x0, 0x0, 0x0, 0x0, 0x3, 0x8c,
    0xef, 0xfd, 0xb7, 0x20, 0x0, 0x0, 0x0,

    /* U+00D7 "×" */
    0x0, 0x35, 0x0, 0x0, 0x4, 0x30, 0x0, 0x2e,
    0xf4, 0x0, 0x3, 0xff, 0x30, 0x2e, 0xff, 0xf4,
    0x3, 0xff, 0xfe, 0x27, 0xff, 0xff, 0xf6, 0xef,
    0xff, 0xf8, 0x9, 0xff, 0xff, 0xff, 0xff, 0xfa,
    0x0, 0x9, 0xff, 0xff, 0xff, 0xfa, 0x0, 0x0,
    0xa, 0xff, 0xff, 0xfb, 0x0, 0x0, 0x1, 0xdf,
    0xff, 0xff, 0xe2, 0x0, 0x1, 0xdf, 0xff, 0xff,
    0xff, 0xe1, 0x1, 0xdf, 0xff, 0xff, 0xff, 0xff,
    0xd1, 0x8f, 0xff, 0xfd, 0x1c, 0xff, 0xff, 0x90,
    0xbf, 0xfd, 0x10, 0xc, 0xff, 0xc0, 0x0, 0xbd,
    0x10, 0x0, 0x1c, 0xc0, 0x0, 0x0, 0x10, 0x0,
    0x0, 0x11, 0x0,

    /* U+00D8 "Ø" */
    0x0, 0x0, 0x0, 0x0, 0x0, 0x0, 0x0, 0x0,
    0xaf, 0xf9, 0x0, 0x0, 0x0, 0x0, 0x0, 0x0,
    0x0, 0x0, 0x0, 0x2f, 0xff, 0x10, 0x0, 0x0,
    0x0, 0x0, 0x0, 0x0, 0x0, 0x0, 0xa, 0xff,
    0x90, 0x0, 0x0, 0x0, 0x0, 0x0, 0x38, 0xce,
    0xff, 0xde, 0xff, 0xf1, 0x0, 0x0, 0x0, 0x0,
    0x3, 0xcf, 0xff, 0xff, 0xff, 0xff, 0xff, 0x10,
    0x0, 0x0, 0x0, 0x8, 0xff, 0xff, 0xff, 0xff,
    0xff, 0xff, 0xfe, 0x40, 0x0, 0x0, 0x8, 0xff,
    0xff, 0xff, 0xff, 0xff, 0xff, 0xff, 0xff, 0x40,
    0x0, 0x5, 0xff, 0xff, 0xff, 0xfe, 0xcf, 0xff,
    0xff, 0xff, 0xff, 0x10, 0x0, 0xef, 0xff, 0xff,
    0xd4, 0x0, 0xcf, 0xff, 0xff, 0xff, 0xfa, 0x0,
    0x6f, 0xff, 0xff, 0xc0, 0x0, 0x5f, 0xfe, 0x3f,
    0xff, 0xff, 0xf1, 0xb, 0xff, 0xff, 0xf2, 0x0,
    0xd, 0xff, 0x60, 0x7f, 0xff, 0xff, 0x60, 0xef,
    0xff, 0xfc, 0x0, 0x6, 0xff, 0xd0, 0x1, 0xff,
    0xff, 0xf9, 0xf, 0xff, 0xff, 0x90, 0x0, 0xdf,
    0xf5, 0x0, 0xe, 0xff, 0xff, 0xa0, 0xff, 0xff,
    0xf9, 0x0, 0x6f, 0xfd, 0x0, 0x0, 0xef, 0xff,
    0xfa, 0xe, 0xff, 0xff, 0xc0, 0xe, 0xff, 0x40,
    0x0, 0x1f, 0xff, 0xff, 0x90, 0xbf, 0xff, 0xff,
    0x27, 0xff, 0xc0, 0x0, 0x7, 0xff, 0xff, 0xf6,
    0x6, 0xff, 0xff, 0xfd, 0xff, 0xf4, 0x0, 0x3,
    0xff, 0xff, 0xff, 0x10, 0xe, 0xff, 0xff, 0xff,
    0xfb, 0x0, 0x6, 0xff, 0xff, 0xff, 0xa0, 0x0,
    0x5f, 0xff, 0xff, 0xff, 0xfc, 0xdf, 0xff, 0xff,
    0xff, 0xf1, 0x0, 0x0, 0x8f, 0xff, 0xff, 0xff,
    0xff, 0xff, 0xff, 0xff, 0xf4, 0x0, 0x0, 0x0,
    0x8f, 0xff, 0xff, 0xff, 0xff, 0xff, 0xff, 0xe4,
    0x0, 0x0, 0x0, 0x0, 0xdf, 0xff, 0xff, 0xff,
    0xff, 0xff, 0xa1, 0x0, 0x0, 0x0, 0x0, 0x2f,
    0xff, 0xac, 0xef, 0xfd, 0xb7, 0x20, 0x0, 0x0,
    0x0, 0x0, 0xa, 0xff, 0x90, 0x0, 0x0, 0x0,
    0x0, 0x0, 0x0, 0x0, 0x0, 0x0, 0x78, 0x81,
    0x0, 0x0, 0x0, 0x0, 0x0, 0x0, 0x0, 0x0,

    /* U+00D9 "Ù" */
    0x0, 0x0, 0xaf, 0xff, 0xf7, 0x0, 0x0, 0x0,
    0x0, 0x0, 0x0, 0x0, 0x8, 0xff, 0xff, 0x40,
    0x0, 0x0, 0x0, 0x0, 0x0, 0x0, 0x0, 0x5f,
    0xff, 0xf2, 0x0, 0x0, 0x0, 0x0, 0x0, 0x0,
    0x0, 0x3, 0xef, 0xfe, 0x10, 0x0, 0x0, 0x0,
    0x0, 0x0, 0x0, 0x0, 0x28, 0x88, 0x40, 0x0,
    0x0, 0x0, 0x0, 0x0, 0x0, 0x0, 0x0, 0x0,
    0x0, 0x0, 0x0, 0x0, 0x0, 0x0, 0x0, 0x0,
    0x0, 0x0, 0x0, 0x0, 0x0, 0x0, 0x3f, 0xff,
    0xff, 0x50, 0x0, 0x0, 0x4, 0xff, 0xff, 0xf3,
    0x3f, 0xff, 0xff, 0x50, 0x0, 0x0, 0x4, 0xff,
    0xff, 0xf3, 0x3f, 0xff, 0xff, 0x50, 0x0, 0x0,
    0x4, 0xff, 0xff, 0xf3, 0x3f, 0xff, 0xff, 0x50,
    0x0, 0x0, 0x4, 0xff, 0xff, 0xf3, 0x3f, 0xff,
    0xff, 0x50, 0x0, 0x0, 0x4, 0xff, 0xff, 0xf3,
    0x3f, 0xff, 0xff, 0x50, 0x0, 0x0, 0x4, 0xff,
    0xff, 0xf3, 0x3f, 0xff, 0xff, 0x50, 0x0, 0x0,
    0x4, 0xff, 0xff, 0xf3, 0x3f, 0xff, 0xff, 0x50,
    0x0, 0x0, 0x4, 0xff, 0xff, 0xf3, 0x3f, 0xff,
    0xff, 0x50, 0x0, 0x0, 0x4, 0xff, 0xff, 0xf3,
    0x3f, 0xff, 0xff, 0x50, 0x0, 0x0, 0x4, 0xff,
    0xff, 0xf3, 0x3f, 0xff, 0xff, 0x50, 0x0, 0x0,
    0x4, 0xff, 0xff, 0xf3, 0x2f, 0xff, 0xff, 0x60,
    0x0, 0x0, 0x4, 0xff, 0xff, 0xf2, 0x1f, 0xff,
    0xff, 0x80, 0x0, 0x0, 0x7, 0xff, 0xff, 0xf1,
    0xe, 0xff, 0xff, 0xe0, 0x0, 0x0, 0xd, 0xff,
    0xff, 0xe0, 0xa, 0xff, 0xff, 0xfb, 0x10, 0x0,
    0x9f, 0xff, 0xff, 0xa0, 0x3, 0xff, 0xff, 0xff,
    0xfd, 0xcf, 0xff, 0xff, 0xff, 0x30, 0x0, 0xaf,
    0xff, 0xff, 0xff, 0xff, 0xff, 0xff, 0xfb, 0x0,
    0x0, 0xc, 0xff, 0xff, 0xff, 0xff, 0xff, 0xff,
    0xc0, 0x0, 0x0, 0x0, 0x9f, 0xff, 0xff, 0xff,
    0xff, 0xf9, 0x0, 0x0, 0x0, 0x0, 0x2, 0x7b,
    0xef, 0xfe, 0xb7, 0x20, 0x0, 0x0,

    /* U+00DA "Ú" */
    0x0, 0x0, 0x0, 0x0, 0x0, 0x5f, 0xff, 0xfb,
    0x10, 0x0, 0x0, 0x0, 0x0, 0x0, 0x3, 0xff,
    0xff, 0x90, 0x0, 0x0, 0x0, 0x0, 0x0, 0x0,
    0x1e, 0xff, 0xf7, 0x0, 0x0, 0x0, 0x0, 0x0,
    0x0, 0x0, 0xcf, 0xff, 0x50, 0x0, 0x0, 0x0,
    0x0, 0x0, 0x0, 0x3, 0x88, 0x83, 0x0, 0x0,
    0x0, 0x0, 0x0, 0x0, 0x0, 0x0, 0x0, 0x0,
    0x0, 0x0, 0x0, 0x0, 0x0, 0x0, 0x0, 0x0,
    0x0, 0x0, 0x0, 0x0, 0x0, 0x0, 0x3f, 0xff,
    0xff, 0x50, 0x0, 0x0, 0x4, 0xff, 0xff, 0xf3,
    0x3f, 0xff, 0xff, 0x50, 0x0, 0x0, 0x4, 0xff,
    0xff, 0xf3, 0x3f, 0xff, 0xff, 0x50, 0x0, 0x0,
    0x4, 0xff, 0xff, 0xf3, 0x3f, 0xff, 0xff, 0x50,
    0x0, 0x0, 0x4, 0xff, 0xff, 0xf3, 0x3f, 0xff,
    0xff, 0x50, 0x0, 0x0, 0x4, 0xff, 0xff, 0xf3,
    0x3f, 0xff, 0xff, 0x50, 0x0, 0x0, 0x4, 0xff,
    0xff, 0xf3, 0x3f, 0xff, 0xff, 0x50, 0x0, 0x0,
    0x4, 0xff, 0xff, 0xf3, 0x3f, 0xff, 0xff, 0x50,
    0x0, 0x0, 0x4, 0xff, 0xff, 0xf3, 0x3f, 0xff,
    0xff, 0x50, 0x0, 0x0, 0x4, 0xff, 0xff, 0xf3,
    0x3f, 0xff, 0xff, 0x50, 0x0, 0x0, 0x4, 0xff,
    0xff, 0xf3, 0x3f, 0xff, 0xff, 0x50, 0x0, 0x0,
    0x4, 0xff, 0xff, 0xf3, 0x2f, 0xff, 0xff, 0x60,
    0x0, 0x0, 0x4, 0xff, 0xff, 0xf2, 0x1f, 0xff,
    0xff, 0x80, 0x0, 0x0, 0x7, 0xff, 0xff, 0xf1,
    0xe, 0xff, 0xff, 0xe0, 0x0, 0x0, 0xd, 0xff,
    0xff, 0xe0, 0xa, 0xff, 0xff, 0xfb, 0x10, 0x0,
    0x9f, 0xff, 0xff, 0xa0, 0x3, 0xff, 0xff, 0xff,
    0xfd, 0xcf, 0xff, 0xff, 0xff, 0x30, 0x0, 0xaf,
    0xff, 0xff, 0xff, 0xff, 0xff, 0xff, 0xfb, 0x0,
    0x0, 0xc, 0xff, 0xff, 0xff, 0xff, 0xff, 0xff,
    0xc0, 0x0, 0x0, 0x0, 0x9f, 0xff, 0xff, 0xff,
    0xff, 0xf9, 0x0, 0x0, 0x0, 0x0, 0x2, 0x7b,
    0xef, 0xfe, 0xb7, 0x20, 0x0, 0x0,

    /* U+00DB "Û" */
    0x0, 0x0, 0x0, 0xa, 0xff, 0xff, 0xb0, 0x0,
    0x0, 0x0, 0x0, 0x0, 0x0, 0x7f, 0xff, 0xff,
    0xf9, 0x0, 0x0, 0x0, 0x0, 0x0, 0x4, 0xff,
    0xfb, 0xaf, 0xff, 0x60, 0x0, 0x0, 0x0, 0x0,
    0x2e, 0xff, 0xb0, 0x9, 0xff, 0xf3, 0x0, 0x0,
    0x0, 0x0, 0x58, 0x87, 0x0, 0x0, 0x68, 0x86,
    0x0, 0x0, 0x0, 0x0, 0x0, 0x0, 0x0, 0x0,
    0x0, 0x0, 0x0, 0x0, 0x0, 0x0, 0x0, 0x0,
    0x0, 0x0, 0x0, 0x0, 0x0, 0x0, 0x3f, 0xff,
    0xff, 0x50, 0x0, 0x0, 0x4, 0xff, 0xff, 0xf3,
    0x3f, 0xff, 0xff, 0x50, 0x0, 0x0, 0x4, 0xff,
    0xff, 0xf3, 0x3f, 0xff, 0xff, 0x50, 0x0, 0x0,
    0x4, 0xff, 0xff, 0xf3, 0x3f, 0xff, 0xff, 0x50,
    0x0, 0x0, 0x4, 0xff, 0xff, 0xf3, 0x3f, 0xff,
    0xff, 0x50, 0x0, 0x0, 0x4, 0xff, 0xff, 0xf3,
    0x3f, 0xff, 0xff, 0x50, 0x0, 0x0, 0x4, 0xff,
    0xff, 0xf3, 0x3f, 0xff, 0xff, 0x50, 0x0, 0x0,
    0x4, 0xff, 0xff, 0xf3, 0x3f, 0xff, 0xff, 0x50,
    0x0, 0x0, 0x4, 0xff, 0xff, 0xf3, 0x3f, 0xff,
    0xff, 0x50, 0x0, 0x0, 0x4, 0xff, 0xff, 0xf3,
    0x3f, 0xff, 0xff, 0x50, 0x0, 0x0, 0x4, 0xff,
    0xff, 0xf3, 0x3f, 0xff, 0xff, 0x50, 0x0, 0x0,
    0x4, 0xff, 0xff, 0xf3, 0x2f, 0xff, 0xff, 0x60,
    0x0, 0x0, 0x4, 0xff, 0xff, 0xf2, 0x1f, 0xff,
    0xff, 0x80, 0x0, 0x0, 0x7, 0xff, 0xff, 0xf1,
    0xe, 0xff, 0xff, 0xe0, 0x0, 0x0, 0xd, 0xff,
    0xff, 0xe0, 0xa, 0xff, 0xff, 0xfb, 0x10, 0x0,
    0x9f, 0xff, 0xff, 0xa0, 0x3, 0xff, 0xff, 0xff,
    0xfd, 0xcf, 0xff, 0xff, 0xff, 0x30, 0x0, 0xaf,
    0xff, 0xff, 0xff, 0xff, 0xff, 0xff, 0xfb, 0x0,
    0x0, 0xc, 0xff, 0xff, 0xff, 0xff, 0xff, 0xff,
    0xc0, 0x0, 0x0, 0x0, 0x9f, 0xff, 0xff, 0xff,
    0xff, 0xf9, 0x0, 0x0, 0x0, 0x0, 0x2, 0x7b,
    0xef, 0xfe, 0xb7, 0x20, 0x0, 0x0,

    /* U+00DC "Ü" */
    0x0, 0x0, 0x4, 0xee, 0x60, 0x5, 0xee, 0x60,
    0x0, 0x0, 0x0, 0x0, 0xf, 0xff, 0xf2, 0xf,
    0xff, 0xf1, 0x0, 0x0, 0x0, 0x0, 0x1f, 0xff,
    0xf3, 0x2f, 0xff, 0xf2, 0x0, 0x0, 0x0, 0x0,
    0xc, 0xff, 0xe0, 0xd, 0xff, 0xd0, 0x0, 0x0,
    0x0, 0x0, 0x0, 0x67, 0x10, 0x1, 0x77, 0x10,
    0x0, 0x0, 0x0, 0x0, 0x0, 0x0, 0x0, 0x0,
    0x0, 0x0, 0x0, 0x0, 0x0, 0x0, 0x0, 0x0,
    0x0, 0x0, 0x0, 0x0, 0x0, 0x0, 0x3f, 0xff,
    0xff, 0x50, 0x0, 0x0, 0x4, 0xff, 0xff, 0xf3,
    0x3f, 0xff, 0xff, 0x50, 0x0, 0x0, 0x4, 0xff,
    0xff, 0xf3, 0x3f, 0xff, 0xff, 0x50, 0x0, 0x0,
    0x4, 0xff, 0xff, 0xf3, 0x3f, 0xff, 0xff, 0x50,
    0x0, 0x0, 0x4, 0xff, 0xff, 0xf3, 0x3f, 0xff,
    0xff, 0x50, 0x0, 0x0, 0x4, 0xff, 0xff, 0xf3,
    0x3f, 0xff, 0xff, 0x50, 0x0, 0x0, 0x4, 0xff,
    0xff, 0xf3, 0x3f, 0xff, 0xff, 0x50, 0x0, 0x0,
    0x4, 0xff, 0xff, 0xf3, 0x3f, 0xff, 0xff, 0x50,
    0x0, 0x0, 0x4, 0xff, 0xff, 0xf3, 0x3f, 0xff,
    0xff, 0x50, 0x0, 0x0, 0x4, 0xff, 0xff, 0xf3,
    0x3f, 0xff, 0xff, 0x50, 0x0, 0x0, 0x4, 0xff,
    0xff, 0xf3, 0x3f, 0xff, 0xff, 0x50, 0x0, 0x0,
    0x4, 0xff, 0xff, 0xf3, 0x2f, 0xff, 0xff, 0x60,
    0x0, 0x0, 0x4, 0xff, 0xff, 0xf2, 0x1f, 0xff,
    0xff, 0x80, 0x0, 0x0, 0x7, 0xff, 0xff, 0xf1,
    0xe, 0xff, 0xff, 0xe0, 0x0, 0x0, 0xd, 0xff,
    0xff, 0xe0, 0xa, 0xff, 0xff, 0xfb, 0x10, 0x0,
    0x9f, 0xff, 0xff, 0xa0, 0x3, 0xff, 0xff, 0xff,
    0xfd, 0xcf, 0xff, 0xff, 0xff, 0x30, 0x0, 0xaf,
    0xff, 0xff, 0xff, 0xff, 0xff, 0xff, 0xfb, 0x0,
    0x0, 0xc, 0xff, 0xff, 0xff, 0xff, 0xff, 0xff,
    0xc0, 0x0, 0x0, 0x0, 0x9f, 0xff, 0xff, 0xff,
    0xff, 0xf9, 0x0, 0x0, 0x0, 0x0, 0x2, 0x7b,
    0xef, 0xfe, 0xb7, 0x20, 0x0, 0x0,

    /* U+00DD "Ý" */
    0x0, 0x0, 0x0, 0x0, 0x0, 0x3, 0x66, 0x66,
    0x50, 0x0, 0x0, 0x0, 0x0, 0x0, 0x0, 0x1,
    0xef, 0xff, 0xd2, 0x0, 0x0, 0x0, 0x0, 0x0,
    0x0, 0x0, 0xcf, 0xff, 0xc1, 0x0, 0x0, 0x0,
    0x0, 0x0, 0x0, 0x0, 0xaf, 0xff, 0xb0, 0x0,
    0x0, 0x0, 0x0, 0x0, 0x0, 0x0, 0x7f, 0xff,
    0x90, 0x0, 0x0, 0x0, 0x0, 0x0, 0x0, 0x0,
    0x3, 0x44, 0x30, 0x0, 0x0, 0x0, 0x0, 0x0,
    0x0, 0x0, 0x0, 0x0, 0x0, 0x0, 0x0, 0x0,
    0x0, 0x4, 0xff, 0xff, 0xf9, 0x0, 0x0, 0x0,
    0x0, 0xbf, 0xff, 0xfa, 0xa, 0xff, 0xff, 0xf2,
    0x0, 0x0, 0x0, 0x4f, 0xff, 0xff, 0x20, 0x2f,
    0xff, 0xff, 0xb0, 0x0, 0x0, 0xd, 0xff, 0xff,
    0x80, 0x0, 0x8f, 0xff, 0xff, 0x50, 0x0, 0x7,
    0xff, 0xff, 0xe0, 0x0, 0x0, 0xef, 0xff, 0xfd,
    0x0, 0x1, 0xff, 0xff, 0xf5, 0x0, 0x0, 0x5,
    0xff, 0xff, 0xf7, 0x0, 0xaf, 0xff, 0xfb, 0x0,
    0x0, 0x0, 0xc, 0xff, 0xff, 0xf1, 0x3f, 0xff,
    0xff, 0x20, 0x0, 0x0, 0x0, 0x2f, 0xff, 0xff,
    0xad, 0xff, 0xff, 0x90, 0x0, 0x0, 0x0, 0x0,
    0x9f, 0xff, 0xff, 0xff, 0xff, 0xe1, 0x0, 0x0,
    0x0, 0x0, 0x1, 0xef, 0xff, 0xff, 0xff, 0xf6,
    0x0, 0x0, 0x0, 0x0, 0x0, 0x6, 0xff, 0xff,
    0xff, 0xfc, 0x0, 0x0, 0x0, 0x0, 0x0, 0x0,
    0xc, 0xff, 0xff, 0xff, 0x30, 0x0, 0x0, 0x0,
    0x0, 0x0, 0x0, 0x4f, 0xff, 0xff, 0xa0, 0x0,
    0x0, 0x0, 0x0, 0x0, 0x0, 0x1, 0xff, 0xff,
    0xf7, 0x0, 0x0, 0x0, 0x0, 0x0, 0x0, 0x0,
    0x1f, 0xff, 0xff, 0x70, 0x0, 0x0, 0x0, 0x0,
    0x0, 0x0, 0x1, 0xff, 0xff, 0xf7, 0x0, 0x0,
    0x0, 0x0, 0x0, 0x0, 0x0, 0x1f, 0xff, 0xff,
    0x70, 0x0, 0x0, 0x0, 0x0, 0x0, 0x0, 0x1,
    0xff, 0xff, 0xf7, 0x0, 0x0, 0x0, 0x0, 0x0,
    0x0, 0x0, 0x1f, 0xff, 0xff, 0x70, 0x0, 0x0,
    0x0, 0x0, 0x0, 0x0, 0x1, 0xff, 0xff, 0xf7,
    0x0, 0x0, 0x0, 0x0,

    /* U+00DE "Þ" */
    0xf, 0xff, 0xff, 0x80, 0x0, 0x0, 0x0, 0x0,
    0x0, 0x0, 0xff, 0xff, 0xf8, 0x0, 0x0, 0x0,
    0x0, 0x0, 0x0, 0xf, 0xff, 0xff, 0xff, 0xff,
    0xfd, 0xb6, 0x10, 0x0, 0x0, 0xff, 0xff, 0xff,
    0xff, 0xff, 0xff, 0xff, 0x70, 0x0, 0xf, 0xff,
    0xff, 0xff, 0xff, 0xff, 0xff, 0xff, 0xa0, 0x0,
    0xff, 0xff, 0xff, 0xff, 0xff, 0xff, 0xff, 0xff,
    0x80, 0xf, 0xff, 0xff, 0xc9, 0x99, 0xae, 0xff,
    0xff, 0xff, 0x10, 0xff, 0xff, 0xf8, 0x0, 0x0,
    0xb, 0xff, 0xff, 0xf6, 0xf, 0xff, 0xff, 0x80,
    0x0, 0x0, 0x2f, 0xff, 0xff, 0x80, 0xff, 0xff,
    0xf8, 0x0, 0x0, 0x0, 0xff, 0xff, 0xf9, 0xf,
    0xff, 0xff, 0x80, 0x0, 0x0, 0x2f, 0xff, 0xff,
    0x80, 0xff, 0xff, 0xf8, 0x0, 0x0, 0xb, 0xff,
    0xff, 0xf6, 0xf, 0xff, 0xff, 0xc8, 0x88, 0xae,
    0xff, 0xff, 0xff, 0x10, 0xff, 0xff, 0xff, 0xff,
    0xff, 0xff, 0xff, 0xff, 0x80, 0xf, 0xff, 0xff,
    0xff, 0xff, 0xff, 0xff, 0xff, 0xa0, 0x0, 0xff,
    0xff, 0xff, 0xff, 0xff, 0xff, 0xff, 0x70, 0x0,
    0xf, 0xff, 0xff, 0xff, 0xff, 0xfd, 0xb6, 0x10,
    0x0, 0x0, 0xff, 0xff, 0xf8, 0x0, 0x0, 0x0,
    0x0, 0x0, 0x0, 0xf, 0xff, 0xff, 0x80, 0x0,
    0x0, 0x0, 0x0, 0x0, 0x0, 0xff, 0xff, 0xf8,
    0x0, 0x0, 0x0, 0x0, 0x0, 0x0,

    /* U+00DF "ß" */
    0x0, 0x0, 0x6, 0xbd, 0xfe, 0xd9, 0x40, 0x0,
    0x0, 0x0, 0x4, 0xef, 0xff, 0xff, 0xff, 0xfb,
    0x10, 0x0, 0x0, 0x5f, 0xff, 0xff, 0xff, 0xff,
    0xff, 0xd0, 0x0, 0x2, 0xff, 0xff, 0xff, 0xff,
    0xff, 0xff, 0xf8, 0x0, 0xa, 0xff, 0xff, 0xfa,
    0x68, 0xef, 0xff, 0xfe, 0x0, 0xf, 0xff, 0xff,
    0x80, 0x0, 0x3f, 0xff, 0xff, 0x10, 0x2f, 0xff,
    0xff, 0x20, 0x0, 0xf, 0xff, 0xff, 0x20, 0x4f,
    0xff, 0xff, 0x0, 0x0, 0x2f, 0xff, 0xff, 0x0,
    0x4f, 0xff, 0xff, 0x0, 0x3, 0xdf, 0xff, 0xf8,
    0x0, 0x4f, 0xff, 0xff, 0x0, 0xbf, 0xff, 0xff,
    0xc0, 0x0, 0x4f, 0xff, 0xff, 0x0, 0xbf, 0xff,
    0xff, 0xc3, 0x0, 0x4f, 0xff, 0xff, 0x0, 0xbf,
    0xff, 0xff, 0xff, 0x50, 0x4f, 0xff, 0xff, 0x0,
    0xbf, 0xff, 0xff, 0xff, 0xf2, 0x4f, 0xff, 0xff,
    0x0, 0x23, 0x5a, 0xff, 0xff, 0xf9, 0x4f, 0xff,
    0xff, 0x0, 0x0, 0x0, 0xbf, 0xff, 0xfc, 0x4f,
    0xff, 0xff, 0x0, 0x0, 0x0, 0x8f, 0xff, 0xfe,
    0x4f, 0xff, 0xff, 0x0, 0x0, 0x0, 0xcf, 0xff,
    0xfd, 0x4f, 0xff, 0xff, 0x1, 0x96, 0x7c, 0xff,
    0xff, 0xfa, 0x4f, 0xff, 0xff, 0x3, 0xff, 0xff,
    0xff, 0xff, 0xf4, 0x4f, 0xff, 0xff, 0x5, 0xff,
    0xff, 0xff, 0xff, 0xa0, 0x4f, 0xff, 0xff, 0x7,
    0xff, 0xff, 0xff, 0xf9, 0x0, 0x4f, 0xff, 0xff,
    0x7, 0xef, 0xfe, 0xd9, 0x30, 0x0,

    /* U+00E0 "à" */
    0x0, 0x27, 0x88, 0x87, 0x0, 0x0, 0x0, 0x0,
    0x0, 0x6, 0xff, 0xff, 0x90, 0x0, 0x0, 0x0,
    0x0, 0x0, 0x4f, 0xff, 0xf6, 0x0, 0x0, 0x0,
    0x0, 0x0, 0x2, 0xef, 0xff, 0x40, 0x0, 0x0,
    0x0, 0x0, 0x0, 0x1c, 0xff, 0xe2, 0x0, 0x0,
    0x0, 0x0, 0x0, 0x0, 0x0, 0x0, 0x0, 0x0,
    0x0, 0x0, 0x0, 0x0, 0x0, 0x0, 0x0, 0x0,
    0x0, 0x2, 0x7b, 0xef, 0xfe, 0xc8, 0x20, 0x0,
    0x2, 0xbf, 0xff, 0xff, 0xff, 0xff, 0xf8, 0x0,
    0x2, 0xff, 0xff, 0xff, 0xff, 0xff, 0xff, 0x80,
    0x0, 0xaf, 0xff, 0xff, 0xff, 0xff, 0xff, 0xf2,
    0x0, 0x2f, 0xb6, 0x43, 0x5a, 0xff, 0xff, 0xf8,
    0x0, 0x1, 0x0, 0x0, 0x0, 0x9f, 0xff, 0xfc,
    0x0, 0x2, 0x8b, 0xdd, 0xee, 0xef, 0xff, 0xfe,
    0x0, 0x8f, 0xff, 0xff, 0xff, 0xff, 0xff, 0xfe,
    0x7, 0xff, 0xff, 0xff, 0xff, 0xff, 0xff, 0xff,
    0xe, 0xff, 0xff, 0x91, 0x0, 0x6f, 0xff, 0xff,
    0x1f, 0xff, 0xff, 0x0, 0x0, 0x7f, 0xff, 0xff,
    0x1f, 0xff, 0xff, 0x30, 0x1, 0xef, 0xff, 0xff,
    0xe, 0xff, 0xff, 0xe9, 0x9e, 0xff, 0xff, 0xff,
    0x7, 0xff, 0xff, 0xff, 0xff, 0xff, 0xff, 0xff,
    0x0, 0xaf, 0xff, 0xff, 0xff, 0x7f, 0xff, 0xff,
    0x0, 0x5, 0xbe, 0xfe, 0xb4, 0xf, 0xff, 0xff,

    /* U+00E1 "á" */
    0x0, 0x0, 0x0, 0x0, 0x3, 0x88, 0x88, 0x60,
    0x0, 0x0, 0x0, 0x0, 0x2e, 0xff, 0xfd, 0x10,
    0x0, 0x0, 0x0, 0x0, 0xdf, 0xff, 0xb0, 0x0,
    0x0, 0x0, 0x0, 0xb, 0xff, 0xf9, 0x0, 0x0,
    0x0, 0x0, 0x0, 0x9f, 0xff, 0x60, 0x0, 0x0,
    0x0, 0x0, 0x0, 0x0, 0x0, 0x0, 0x0, 0x0,
    0x0, 0x0, 0x0, 0x0, 0x0, 0x0, 0x0, 0x0,
    0x0, 0x2, 0x7b, 0xef, 0xfe, 0xc8, 0x20, 0x0,
    0x2, 0xbf, 0xff, 0xff, 0xff, 0xff, 0xf8, 0x0,
    0x2, 0xff, 0xff, 0xff, 0xff, 0xff, 0xff, 0x80,
    0x0, 0xaf, 0xff, 0xff, 0xff, 0xff, 0xff, 0xf2,
    0x0, 0x2f, 0xb6, 0x43, 0x5a, 0xff, 0xff, 0xf8,
    0x0, 0x1, 0x0, 0x0, 0x0, 0x9f, 0xff, 0xfc,
    0x0, 0x2, 0x8b, 0xdd, 0xee, 0xef, 0xff, 0xfe,
    0x0, 0x8f, 0xff, 0xff, 0xff, 0xff, 0xff, 0xfe,
    0x7, 0xff, 0xff, 0xff, 0xff, 0xff, 0xff, 0xff,
    0xe, 0xff, 0xff, 0x91, 0x0, 0x6f, 0xff, 0xff,
    0x1f, 0xff, 0xff, 0x0, 0x0, 0x7f, 0xff, 0xff,
    0x1f, 0xff, 0xff, 0x30, 0x1, 0xef, 0xff, 0xff,
    0xe, 0xff, 0xff, 0xe9, 0x9e, 0xff, 0xff, 0xff,
    0x7, 0xff, 0xff, 0xff, 0xff, 0xff, 0xff, 0xff,
    0x0, 0xaf, 0xff, 0xff, 0xff, 0x7f, 0xff, 0xff,
    0x0, 0x5, 0xbe, 0xfe, 0xb4, 0xf, 0xff, 0xff,

    /* U+00E2 "â" */
    0x0, 0x0, 0x0, 0x58, 0x88, 0x82, 0x0, 0x0,
    0x0, 0x0, 0x5, 0xff, 0xff, 0xfd, 0x0, 0x0,
    0x0, 0x0, 0x3f, 0xff, 0xef, 0xff, 0xa0, 0x0,
    0x0, 0x1, 0xef, 0xfd, 0x17, 0xff, 0xf7, 0x0,
    0x0, 0xb, 0xff, 0xc1, 0x0, 0x6f, 0xff, 0x40,
    0x0, 0x0, 0x0, 0x0, 0x0, 0x0, 0x0, 0x0,
    0x0, 0x0, 0x0, 0x0, 0x0, 0x0, 0x0, 0x0,
    0x0, 0x2, 0x7b, 0xef, 0xfe, 0xc8, 0x20, 0x0,
    0x2, 0xbf, 0xff, 0xff, 0xff, 0xff, 0xf8, 0x0,
    0x2, 0xff, 0xff, 0xff, 0xff, 0xff, 0xff, 0x80,
    0x0, 0xaf, 0xff, 0xff, 0xff, 0xff, 0xff, 0xf2,
    0x0, 0x2f, 0xb6, 0x43, 0x5a, 0xff, 0xff, 0xf8,
    0x0, 0x1, 0x0, 0x0, 0x0, 0x9f, 0xff, 0xfc,
    0x0, 0x2, 0x8b, 0xdd, 0xee, 0xef, 0xff, 0xfe,
    0x0, 0x8f, 0xff, 0xff, 0xff, 0xff, 0xff, 0xfe,
    0x7, 0xff, 0xff, 0xff, 0xff, 0xff, 0xff, 0xff,
    0xe, 0xff, 0xff, 0x91, 0x0, 0x6f, 0xff, 0xff,
    0x1f, 0xff, 0xff, 0x0, 0x0, 0x7f, 0xff, 0xff,
    0x1f, 0xff, 0xff, 0x30, 0x1, 0xef, 0xff, 0xff,
    0xe, 0xff, 0xff, 0xe9, 0x9e, 0xff, 0xff, 0xff,
    0x7, 0xff, 0xff, 0xff, 0xff, 0xff, 0xff, 0xff,
    0x0, 0xaf, 0xff, 0xff, 0xff, 0x7f, 0xff, 0xff,
    0x0, 0x5, 0xbe, 0xfe, 0xb4, 0xf, 0xff, 0xff,

    /* U+00E3 "ã" */
    0x0, 0x0, 0x2c, 0xfb, 0x10, 0x0, 0x77, 0x30,
    0x0, 0x0, 0xef, 0xff, 0xd1, 0x3, 0xff, 0x60,
    0x0, 0x7, 0xff, 0xff, 0xfc, 0x1a, 0xff, 0x40,
    0x0, 0xb, 0xff, 0x46, 0xff, 0xff, 0xfe, 0x0,
    0x0, 0xe, 0xfc, 0x0, 0x7f, 0xff, 0xf8, 0x0,
    0x0, 0xa, 0xa7, 0x0, 0x8, 0xff, 0x90, 0x0,
    0x0, 0x0, 0x0, 0x0, 0x0, 0x0, 0x0, 0x0,
    0x0, 0x2, 0x7b, 0xef, 0xfe, 0xc8, 0x20, 0x0,
    0x2, 0xbf, 0xff, 0xff, 0xff, 0xff, 0xf8, 0x0,
    0x2, 0xff, 0xff, 0xff, 0xff, 0xff, 0xff, 0x80,
    0x0, 0xaf, 0xff, 0xff, 0xff, 0xff, 0xff, 0xf2,
    0x0, 0x2f, 0xb6, 0x43, 0x5a, 0xff, 0xff, 0xf8,
    0x0, 0x1, 0x0, 0x0, 0x0, 0x9f, 0xff, 0xfc,
    0x0, 0x2, 0x8b, 0xdd, 0xee, 0xef, 0xff, 0xfe,
    0x0, 0x8f, 0xff, 0xff, 0xff, 0xff, 0xff, 0xfe,
    0x7, 0xff, 0xff, 0xff, 0xff, 0xff, 0xff, 0xff,
    0xe, 0xff, 0xff, 0x91, 0x0, 0x6f, 0xff, 0xff,
    0x1f, 0xff, 0xff, 0x0, 0x0, 0x7f, 0xff, 0xff,
    0x1f, 0xff, 0xff, 0x30, 0x1, 0xef, 0xff, 0xff,
    0xe, 0xff, 0xff, 0xe9, 0x9e, 0xff, 0xff, 0xff,
    0x7, 0xff, 0xff, 0xff, 0xff, 0xff, 0xff, 0xff,
    0x0, 0xaf, 0xff, 0xff, 0xff, 0x7f, 0xff, 0xff,
    0x0, 0x5, 0xbe, 0xfe, 0xb4, 0xf, 0xff, 0xff,

    /* U+00E4 "ä" */
    0x0, 0x0, 0x27, 0x60, 0x0, 0x28, 0x60, 0x0,
    0x0, 0x1, 0xff, 0xfa, 0x2, 0xff, 0xf9, 0x0,
    0x0, 0x5, 0xff, 0xff, 0x6, 0xff, 0xfe, 0x0,
    0x0, 0x4, 0xff, 0xfd, 0x5, 0xff, 0xfc, 0x0,
    0x0, 0x0, 0x8f, 0xd3, 0x0, 0x9f, 0xd3, 0x0,
    0x0, 0x0, 0x0, 0x0, 0x0, 0x0, 0x0, 0x0,
    0x0, 0x0, 0x0, 0x0, 0x0, 0x0, 0x0, 0x0,
    0x0, 0x2, 0x7b, 0xef, 0xfe, 0xc8, 0x20, 0x0,
    0x2, 0xbf, 0xff, 0xff, 0xff, 0xff, 0xf8, 0x0,
    0x2, 0xff, 0xff, 0xff, 0xff, 0xff, 0xff, 0x80,
    0x0, 0xaf, 0xff, 0xff, 0xff, 0xff, 0xff, 0xf2,
    0x0, 0x2f, 0xb6, 0x43, 0x5a, 0xff, 0xff, 0xf8,
    0x0, 0x1, 0x0, 0x0, 0x0, 0x9f, 0xff, 0xfc,
    0x0, 0x2, 0x8b, 0xdd, 0xee, 0xef, 0xff, 0xfe,
    0x0, 0x8f, 0xff, 0xff, 0xff, 0xff, 0xff, 0xfe,
    0x7, 0xff, 0xff, 0xff, 0xff, 0xff, 0xff, 0xff,
    0xe, 0xff, 0xff, 0x91, 0x0, 0x6f, 0xff, 0xff,
    0x1f, 0xff, 0xff, 0x0, 0x0, 0x7f, 0xff, 0xff,
    0x1f, 0xff, 0xff, 0x30, 0x1, 0xef, 0xff, 0xff,
    0xe, 0xff, 0xff, 0xe9, 0x9e, 0xff, 0xff, 0xff,
    0x7, 0xff, 0xff, 0xff, 0xff, 0xff, 0xff, 0xff,
    0x0, 0xaf, 0xff, 0xff, 0xff, 0x7f, 0xff, 0xff,
    0x0, 0x5, 0xbe, 0xfe, 0xb4, 0xf, 0xff, 0xff,

    /* U+00E5 "å" */
    0x0, 0x0, 0x0, 0x2b, 0xfe, 0x70, 0x0, 0x0,
    0x0, 0x0, 0x2, 0xff, 0xff, 0xf9, 0x0, 0x0,
    0x0, 0x0, 0xa, 0xfb, 0x15, 0xff, 0x20, 0x0,
    0x0, 0x0, 0xe, 0xf4, 0x0, 0xbf, 0x60, 0x0,
    0x0, 0x0, 0xe, 0xf3, 0x0, 0xbf, 0x60, 0x0,
    0x0, 0x0, 0xa, 0xfb, 0x14, 0xff, 0x20, 0x0,
    0x0, 0x0, 0x2, 0xff, 0xff, 0xfa, 0x0, 0x0,
    0x0, 0x0, 0x0, 0x3b, 0xfe, 0x80, 0x0, 0x0,
    0x0, 0x0, 0x0, 0x0, 0x0, 0x0, 0x0, 0x0,
    0x0, 0x2, 0x7b, 0xef, 0xfe, 0xc8, 0x20, 0x0,
    0x2, 0xbf, 0xff, 0xff, 0xff, 0xff, 0xf8, 0x0,
    0x2, 0xff, 0xff, 0xff, 0xff, 0xff, 0xff, 0x80,
    0x0, 0xaf, 0xff, 0xff, 0xff, 0xff, 0xff, 0xf2,
    0x0, 0x2f, 0xb6, 0x43, 0x5a, 0xff, 0xff, 0xf8,
    0x0, 0x1, 0x0, 0x0, 0x0, 0x9f, 0xff, 0xfc,
    0x0, 0x2, 0x8b, 0xdd, 0xee, 0xef, 0xff, 0xfe,
    0x0, 0x8f, 0xff, 0xff, 0xff, 0xff, 0xff, 0xfe,
    0x7, 0xff, 0xff, 0xff, 0xff, 0xff, 0xff, 0xff,
    0xe, 0xff, 0xff, 0x91, 0x0, 0x6f, 0xff, 0xff,
    0x1f, 0xff, 0xff, 0x0, 0x0, 0x7f, 0xff, 0xff,
    0x1f, 0xff, 0xff, 0x30, 0x1, 0xef, 0xff, 0xff,
    0xe, 0xff, 0xff, 0xe9, 0x9e, 0xff, 0xff, 0xff,
    0x7, 0xff, 0xff, 0xff, 0xff, 0xff, 0xff, 0xff,
    0x0, 0xaf, 0xff, 0xff, 0xff, 0x7f, 0xff, 0xff,
    0x0, 0x5, 0xbe, 0xfe, 0xb4, 0xf, 0xff, 0xff,

    /* U+00E6 "æ" */
    0x0, 0x2, 0x7b, 0xef, 0xfe, 0xb6, 0x0, 0x2,
    0x8d, 0xff, 0xda, 0x50, 0x0, 0x0, 0x2, 0xbf,
    0xff, 0xff, 0xff, 0xff, 0xe4, 0x9f, 0xff, 0xff,
    0xff, 0xfd, 0x30, 0x0, 0x2, 0xff, 0xff, 0xff,
    0xff, 0xff, 0xff, 0xff, 0xff, 0xff, 0xff, 0xff,
    0xf4, 0x0, 0x0, 0xaf, 0xff, 0xff, 0xff, 0xff,
    0xff, 0xff, 0xff, 0xff, 0xff, 0xff, 0xff, 0x20,
    0x0, 0x2f, 0xb6, 0x43, 0x5a, 0xff, 0xff, 0xff,
    0xe4, 0x0, 0x3d, 0xff, 0xff, 0x90, 0x0, 0x1,
    0x0, 0x0, 0x0, 0xaf, 0xff, 0xff, 0x30, 0x0,
    0x2, 0xff, 0xff, 0xf0, 0x0, 0x2, 0x8b, 0xde,
    0xee, 0xff, 0xff, 0xff, 0xee, 0xee, 0xee, 0xff,
    0xff, 0xf2, 0x0, 0x9f, 0xff, 0xff, 0xff, 0xff,
    0xff, 0xff, 0xff, 0xff, 0xff, 0xff, 0xff, 0xf3,
    0x7, 0xff, 0xff, 0xff, 0xff, 0xff, 0xff, 0xff,
    0xff, 0xff, 0xff, 0xff, 0xff, 0xf2, 0xe, 0xff,
    0xff, 0x91, 0x0, 0x6f, 0xff, 0xff, 0x40, 0x0,
    0x0, 0x0, 0x0, 0x0, 0x1f, 0xff, 0xff, 0x0,
    0x0, 0x8f, 0xff, 0xff, 0xc0, 0x0, 0x0, 0x26,
    0x0, 0x0, 0x1f, 0xff, 0xff, 0x30, 0x1, 0xef,
    0xff, 0xff, 0xfd, 0x64, 0x49, 0xff, 0x60, 0x0,
    0xd, 0xff, 0xff, 0xe9, 0x9e, 0xff, 0xff, 0xff,
    0xff, 0xff, 0xff, 0xff, 0xf4, 0x0, 0x5, 0xff,
    0xff, 0xff, 0xff, 0xff, 0xeb, 0xff, 0xff, 0xff,
    0xff, 0xff, 0xfd, 0x0, 0x0, 0x7f, 0xff, 0xff,
    0xff, 0xfe, 0x30, 0x9f, 0xff, 0xff, 0xff, 0xff,
    0xb1, 0x0, 0x0, 0x2, 0x8c, 0xff, 0xec, 0x70,
    0x0, 0x2, 0x8c, 0xef, 0xed, 0x94, 0x0, 0x0,

    /* U+00E7 "ç" */
    0x0, 0x0, 0x3, 0x9d, 0xff, 0xec, 0x81, 0x0,
    0x0, 0x0, 0x1a, 0xff, 0xff, 0xff, 0xff, 0xf7,
    0x0, 0x0, 0x1e, 0xff, 0xff, 0xff, 0xff, 0xff,
    0xf7, 0x0, 0xc, 0xff, 0xff, 0xff, 0xff, 0xff,
    0xff, 0xf3, 0x7, 0xff, 0xff, 0xff, 0x86, 0x9f,
    0xff, 0xfd, 0x30, 0xdf, 0xff, 0xfe, 0x10, 0x0,
    0x3f, 0xe6, 0x0, 0x1f, 0xff, 0xff, 0x60, 0x0,
    0x0, 0x30, 0x0, 0x3, 0xff, 0xff, 0xf3, 0x0,
    0x0, 0x0, 0x0, 0x0, 0x3f, 0xff, 0xff, 0x30,
    0x0, 0x0, 0x0, 0x0, 0x1, 0xff, 0xff, 0xf6,
    0x0, 0x0, 0x2, 0x0, 0x0, 0xd, 0xff, 0xff,
    0xe1, 0x0, 0x2, 0xfd, 0x40, 0x0, 0x7f, 0xff,
    0xff, 0xe7, 0x58, 0xff, 0xff, 0xc3, 0x0, 0xcf,
    0xff, 0xff, 0xff, 0xff, 0xff, 0xff, 0x30, 0x1,
    0xef, 0xff, 0xff, 0xff, 0xff, 0xff, 0x80, 0x0,
    0x1, 0xaf, 0xff, 0xff, 0xff, 0xff, 0x70, 0x0,
    0x0, 0x0, 0x39, 0xff, 0xff, 0xc8, 0x10, 0x0,
    0x0, 0x0, 0x0, 0x8, 0xff, 0x30, 0x0, 0x0,
    0x0, 0x0, 0x0, 0x0, 0xcf, 0xfb, 0x50, 0x0,
    0x0, 0x0, 0x0, 0x0, 0x8, 0x9f, 0xff, 0x30,
    0x0, 0x0, 0x0, 0x0, 0x3, 0x1, 0xdf, 0xf7,
    0x0, 0x0, 0x0, 0x0, 0x2, 0xff, 0xff, 0xff,
    0x30, 0x0, 0x0, 0x0, 0x0, 0x7f, 0xff, 0xfe,
    0x60, 0x0, 0x0, 0x0, 0x0, 0x0, 0x25, 0x53,
    0x0, 0x0, 0x0, 0x0,

    /* U+00E8 "è" */
    0x0, 0x7, 0x88, 0x87, 0x10, 0x0, 0x0, 0x0,
    0x0, 0x0, 0x3, 0xef, 0xff, 0xc0, 0x0, 0x0,
    0x0, 0x0, 0x0, 0x0, 0x2d, 0xff, 0xfa, 0x0,
    0x0, 0x0, 0x0, 0x0, 0x0, 0x1, 0xcf, 0xff,
    0x70, 0x0, 0x0, 0x0, 0x0, 0x0, 0x0, 0xa,
    0xff, 0xf5, 0x0, 0x0, 0x0, 0x0, 0x0, 0x0,
    0x0, 0x0, 0x0, 0x0, 0x0, 0x0, 0x0, 0x0,
    0x0, 0x0, 0x0, 0x0, 0x0, 0x0, 0x0, 0x0,
    0x0, 0x4, 0xad, 0xff, 0xda, 0x50, 0x0, 0x0,
    0x0, 0x1, 0xbf, 0xff, 0xff, 0xff, 0xfd, 0x30,
    0x0, 0x0, 0x2e, 0xff, 0xff, 0xff, 0xff, 0xff,
    0xf4, 0x0, 0x0, 0xdf, 0xff, 0xff, 0xff, 0xff,
    0xff, 0xff, 0x20, 0x7, 0xff, 0xff, 0xe4, 0x0,
    0x3c, 0xff, 0xff, 0x90, 0xe, 0xff, 0xff, 0x40,
    0x0, 0x1, 0xff, 0xff, 0xe0, 0x1f, 0xff, 0xff,
    0xee, 0xee, 0xee, 0xff, 0xff, 0xf2, 0x3f, 0xff,
    0xff, 0xff, 0xff, 0xff, 0xff, 0xff, 0xf3, 0x3f,
    0xff, 0xff, 0xff, 0xff, 0xff, 0xff, 0xff, 0xf2,
    0x1f, 0xff, 0xff, 0x50, 0x0, 0x0, 0x0, 0x0,
    0x0, 0xd, 0xff, 0xff, 0xd1, 0x0, 0x0, 0x16,
    0x0, 0x0, 0x7, 0xff, 0xff, 0xfd, 0x74, 0x48,
    0xff, 0x60, 0x0, 0x0, 0xcf, 0xff, 0xff, 0xff,
    0xff, 0xff, 0xf4, 0x0, 0x0, 0x1d, 0xff, 0xff,
    0xff, 0xff, 0xff, 0xfd, 0x0, 0x0, 0x0, 0xaf,
    0xff, 0xff, 0xff, 0xff, 0xc1, 0x0, 0x0, 0x0,
    0x3, 0x8c, 0xff, 0xed, 0x94, 0x0, 0x0,

    /* U+00E9 "é" */
    0x0, 0x0, 0x0, 0x0, 0x1, 0x88, 0x88, 0x70,
    0x0, 0x0, 0x0, 0x0, 0x0, 0xc, 0xff, 0xfe,
    0x30, 0x0, 0x0, 0x0, 0x0, 0x0, 0xaf, 0xff,
    0xd2, 0x0, 0x0, 0x0, 0x0, 0x0, 0x8, 0xff,
    0xfb, 0x10, 0x0, 0x0, 0x0, 0x0, 0x0, 0x5f,
    0xff, 0x90, 0x0, 0x0, 0x0, 0x0, 0x0, 0x0,
    0x0, 0x0, 0x0, 0x0, 0x0, 0x0, 0x0, 0x0,
    0x0, 0x0, 0x0, 0x0, 0x0, 0x0, 0x0, 0x0,
    0x0, 0x4, 0xad, 0xff, 0xda, 0x50, 0x0, 0x0,
    0x0, 0x1, 0xbf, 0xff, 0xff, 0xff, 0xfd, 0x30,
    0x0, 0x0, 0x2e, 0xff, 0xff, 0xff, 0xff, 0xff,
    0xf4, 0x0, 0x0, 0xdf, 0xff, 0xff, 0xff, 0xff,
    0xff, 0xff, 0x20, 0x7, 0xff, 0xff, 0xe4, 0x0,
    0x3c, 0xff, 0xff, 0x90, 0xe, 0xff, 0xff, 0x40,
    0x0, 0x1, 0xff, 0xff, 0xe0, 0x1f, 0xff, 0xff,
    0xee, 0xee, 0xee, 0xff, 0xff, 0xf2, 0x3f, 0xff,
    0xff, 0xff, 0xff, 0xff, 0xff, 0xff, 0xf3, 0x3f,
    0xff, 0xff, 0xff, 0xff, 0xff, 0xff, 0xff, 0xf2,
    0x1f, 0xff, 0xff, 0x50, 0x0, 0x0, 0x0, 0x0,
    0x0, 0xd, 0xff, 0xff, 0xd1, 0x0, 0x0, 0x16,
    0x0, 0x0, 0x7, 0xff, 0xff, 0xfd, 0x74, 0x48,
    0xff, 0x60, 0x0, 0x0, 0xcf, 0xff, 0xff, 0xff,
    0xff, 0xff, 0xf4, 0x0, 0x0, 0x1d, 0xff, 0xff,
    0xff, 0xff, 0xff, 0xfd, 0x0, 0x0, 0x0, 0xaf,
    0xff, 0xff, 0xff, 0xff, 0xc1, 0x0, 0x0, 0x0,
    0x3, 0x8c, 0xff, 0xed, 0x94, 0x0, 0x0,

    /* U+00EA "ê" */
    0x0, 0x0, 0x0, 0x48, 0x88, 0x83, 0x0, 0x0,
    0x0, 0x0, 0x0, 0x2, 0xff, 0xff, 0xff, 0x20,
    0x0, 0x0, 0x0, 0x0, 0x1d, 0xff, 0xff, 0xff,
    0xd0, 0x0, 0x0, 0x0, 0x0, 0xbf, 0xff, 0x34,
    0xff, 0xfb, 0x0, 0x0, 0x0, 0x8, 0xff, 0xe3,
    0x0, 0x3e, 0xff, 0x80, 0x0, 0x0, 0x0, 0x0,
    0x0, 0x0, 0x0, 0x0, 0x0, 0x0, 0x0, 0x0,
    0x0, 0x0, 0x0, 0x0, 0x0, 0x0, 0x0, 0x0,
    0x0, 0x4, 0xad, 0xff, 0xda, 0x50, 0x0, 0x0,
    0x0, 0x1, 0xbf, 0xff, 0xff, 0xff, 0xfd, 0x30,
    0x0, 0x0, 0x2e, 0xff, 0xff, 0xff, 0xff, 0xff,
    0xf4, 0x0, 0x0, 0xdf, 0xff, 0xff, 0xff, 0xff,
    0xff, 0xff, 0x20, 0x7, 0xff, 0xff, 0xe4, 0x0,
    0x3c, 0xff, 0xff, 0x90, 0xe, 0xff, 0xff, 0x40,
    0x0, 0x1, 0xff, 0xff, 0xe0, 0x1f, 0xff, 0xff,
    0xee, 0xee, 0xee, 0xff, 0xff, 0xf2, 0x3f, 0xff,
    0xff, 0xff, 0xff, 0xff, 0xff, 0xff, 0xf3, 0x3f,
    0xff, 0xff, 0xff, 0xff, 0xff, 0xff, 0xff, 0xf2,
    0x1f, 0xff, 0xff, 0x50, 0x0, 0x0, 0x0, 0x0,
    0x0, 0xd, 0xff, 0xff, 0xd1, 0x0, 0x0, 0x16,
    0x0, 0x0, 0x7, 0xff, 0xff, 0xfd, 0x74, 0x48,
    0xff, 0x60, 0x0, 0x0, 0xcf, 0xff, 0xff, 0xff,
    0xff, 0xff, 0xf4, 0x0, 0x0, 0x1d, 0xff, 0xff,
    0xff, 0xff, 0xff, 0xfd, 0x0, 0x0, 0x0, 0xaf,
    0xff, 0xff, 0xff, 0xff, 0xc1, 0x0, 0x0, 0x0,
    0x3, 0x8c, 0xff, 0xed, 0x94, 0x0, 0x0,

    /* U+00EB "ë" */
    0x0, 0x0, 0x17, 0x71, 0x0, 0x17, 0x70, 0x0,
    0x0, 0x0, 0x0, 0xcf, 0xfd, 0x0, 0xdf, 0xfc,
    0x0, 0x0, 0x0, 0x2, 0xff, 0xff, 0x23, 0xff,
    0xff, 0x10, 0x0, 0x0, 0x0, 0xff, 0xff, 0x11,
    0xff, 0xff, 0x0, 0x0, 0x0, 0x0, 0x5e, 0xe6,
    0x0, 0x6e, 0xe5, 0x0, 0x0, 0x0, 0x0, 0x0,
    0x0, 0x0, 0x0, 0x0, 0x0, 0x0, 0x0, 0x0,
    0x0, 0x0, 0x0, 0x0, 0x0, 0x0, 0x0, 0x0,
    0x0, 0x4, 0xad, 0xff, 0xda, 0x50, 0x0, 0x0,
    0x0, 0x1, 0xbf, 0xff, 0xff, 0xff, 0xfd, 0x30,
    0x0, 0x0, 0x2e, 0xff, 0xff, 0xff, 0xff, 0xff,
    0xf4, 0x0, 0x0, 0xdf, 0xff, 0xff, 0xff, 0xff,
    0xff, 0xff, 0x20, 0x7, 0xff, 0xff, 0xe4, 0x0,
    0x3c, 0xff, 0xff, 0x90, 0xe, 0xff, 0xff, 0x40,
    0x0, 0x1, 0xff, 0xff, 0xe0, 0x1f, 0xff, 0xff,
    0xee, 0xee, 0xee, 0xff, 0xff, 0xf2, 0x3f, 0xff,
    0xff, 0xff, 0xff, 0xff, 0xff, 0xff, 0xf3, 0x3f,
    0xff, 0xff, 0xff, 0xff, 0xff, 0xff, 0xff, 0xf2,
    0x1f, 0xff, 0xff, 0x50, 0x0, 0x0, 0x0, 0x0,
    0x0, 0xd, 0xff, 0xff, 0xd1, 0x0, 0x0, 0x16,
    0x0, 0x0, 0x7, 0xff, 0xff, 0xfd, 0x74, 0x48,
    0xff, 0x60, 0x0, 0x0, 0xcf, 0xff, 0xff, 0xff,
    0xff, 0xff, 0xf4, 0x0, 0x0, 0x1d, 0xff, 0xff,
    0xff, 0xff, 0xff, 0xfd, 0x0, 0x0, 0x0, 0xaf,
    0xff, 0xff, 0xff, 0xff, 0xc1, 0x0, 0x0, 0x0,
    0x3, 0x8c, 0xff, 0xed, 0x94, 0x0, 0x0,

    /* U+00EC "ì" */
    0x6f, 0xff, 0xfc, 0x0, 0x0, 0x4, 0xff, 0xff,
    0x90, 0x0, 0x0, 0x2d, 0xff, 0xf7, 0x0, 0x0,
    0x1, 0xcf, 0xff, 0x40, 0x0, 0x0, 0x7, 0x88,
    0x70, 0x0, 0x0, 0x0, 0x0, 0x0, 0x0, 0x4,
    0xff, 0xff, 0xf0, 0x0, 0x4, 0xff, 0xff, 0xf0,
    0x0, 0x4, 0xff, 0xff, 0xf0, 0x0, 0x4, 0xff,
    0xff, 0xf0, 0x0, 0x4, 0xff, 0xff, 0xf0, 0x0,
    0x4, 0xff, 0xff, 0xf0, 0x0, 0x4, 0xff, 0xff,
    0xf0, 0x0, 0x4, 0xff, 0xff, 0xf0, 0x0, 0x4,
    0xff, 0xff, 0xf0, 0x0, 0x4, 0xff, 0xff, 0xf0,
    0x0, 0x4, 0xff, 0xff, 0xf0, 0x0, 0x4, 0xff,
    0xff, 0xf0, 0x0, 0x4, 0xff, 0xff, 0xf0, 0x0,
    0x4, 0xff, 0xff, 0xf0, 0x0, 0x4, 0xff, 0xff,
    0xf0, 0x0, 0x4, 0xff, 0xff, 0xf0,

    /* U+00ED "í" */
    0x0, 0x2, 0xef, 0xff, 0xe3, 0x0, 0xd, 0xff,
    0xfd, 0x10, 0x0, 0xbf, 0xff, 0xb0, 0x0, 0x8,
    0xff, 0xf9, 0x0, 0x0, 0x17, 0x88, 0x50, 0x0,
    0x0, 0x0, 0x0, 0x0, 0x0, 0x0, 0x4f, 0xff,
    0xff, 0x0, 0x0, 0x4f, 0xff, 0xff, 0x0, 0x0,
    0x4f, 0xff, 0xff, 0x0, 0x0, 0x4f, 0xff, 0xff,
    0x0, 0x0, 0x4f, 0xff, 0xff, 0x0, 0x0, 0x4f,
    0xff, 0xff, 0x0, 0x0, 0x4f, 0xff, 0xff, 0x0,
    0x0, 0x4f, 0xff, 0xff, 0x0, 0x0, 0x4f, 0xff,
    0xff, 0x0, 0x0, 0x4f, 0xff, 0xff, 0x0, 0x0,
    0x4f, 0xff, 0xff, 0x0, 0x0, 0x4f, 0xff, 0xff,
    0x0, 0x0, 0x4f, 0xff, 0xff, 0x0, 0x0, 0x4f,
    0xff, 0xff, 0x0, 0x0, 0x4f, 0xff, 0xff, 0x0,
    0x0, 0x4f, 0xff, 0xff, 0x0, 0x0,

    /* U+00EE "î" */
    0x0, 0x3f, 0xff, 0xfe, 0x0, 0x0, 0xd, 0xff,
    0xff, 0xfa, 0x0, 0x9, 0xff, 0xfb, 0xff, 0xf4,
    0x4, 0xff, 0xf6, 0xa, 0xff, 0xe1, 0x46, 0x65,
    0x0, 0x6, 0x66, 0x30, 0x0, 0x0, 0x0, 0x0,
    0x0, 0x0, 0x4f, 0xff, 0xff, 0x0, 0x0, 0x4,
    0xff, 0xff, 0xf0, 0x0, 0x0, 0x4f, 0xff, 0xff,
    0x0, 0x0, 0x4, 0xff, 0xff, 0xf0, 0x0, 0x0,
    0x4f, 0xff, 0xff, 0x0, 0x0, 0x4, 0xff, 0xff,
    0xf0, 0x0, 0x0, 0x4f, 0xff, 0xff, 0x0, 0x0,
    0x4, 0xff, 0xff, 0xf0, 0x0, 0x0, 0x4f, 0xff,
    0xff, 0x0, 0x0, 0x4, 0xff, 0xff, 0xf0, 0x0,
    0x0, 0x4f, 0xff, 0xff, 0x0, 0x0, 0x4, 0xff,
    0xff, 0xf0, 0x0, 0x0, 0x4f, 0xff, 0xff, 0x0,
    0x0, 0x4, 0xff, 0xff, 0xf0, 0x0, 0x0, 0x4f,
    0xff, 0xff, 0x0, 0x0, 0x4, 0xff, 0xff, 0xf0,
    0x0,

    /* U+00EF "ï" */
    0x5, 0xed, 0x30, 0x7e, 0xd2, 0xf, 0xff, 0xd1,
    0xff, 0xfb, 0x1f, 0xff, 0xe3, 0xff, 0xfd, 0xc,
    0xff, 0x90, 0xdf, 0xf8, 0x1, 0x76, 0x0, 0x17,
    0x50, 0x0, 0x0, 0x0, 0x0, 0x0, 0x0, 0x4f,
    0xff, 0xff, 0x0, 0x0, 0x4f, 0xff, 0xff, 0x0,
    0x0, 0x4f, 0xff, 0xff, 0x0, 0x0, 0x4f, 0xff,
    0xff, 0x0, 0x0, 0x4f, 0xff, 0xff, 0x0, 0x0,
    0x4f, 0xff, 0xff, 0x0, 0x0, 0x4f, 0xff, 0xff,
    0x0, 0x0, 0x4f, 0xff, 0xff, 0x0, 0x0, 0x4f,
    0xff, 0xff, 0x0, 0x0, 0x4f, 0xff, 0xff, 0x0,
    0x0, 0x4f, 0xff, 0xff, 0x0, 0x0, 0x4f, 0xff,
    0xff, 0x0, 0x0, 0x4f, 0xff, 0xff, 0x0, 0x0,
    0x4f, 0xff, 0xff, 0x0, 0x0, 0x4f, 0xff, 0xff,
    0x0, 0x0, 0x4f, 0xff, 0xff, 0x0,

    /* U+00F0 "ð" */
    0x0, 0x0, 0x5, 0xa4, 0x0, 0x0, 0x4, 0x30,
    0x0, 0x0, 0x2b, 0xff, 0xfc, 0x20, 0x5c, 0xfb,
    0x0, 0x0, 0xb, 0xff, 0xff, 0xff, 0xdf, 0xff,
    0xc0, 0x0, 0x0, 0x3, 0xcf, 0xff, 0xff, 0xfc,
    0x40, 0x0, 0x0, 0x0, 0x7, 0xff, 0xff, 0xff,
    0xb0, 0x0, 0x0, 0x1, 0x8f, 0xff, 0xfe, 0xff,
    0xff, 0x90, 0x0, 0x0, 0x6f, 0xff, 0x91, 0x1d,
    0xff, 0xff, 0x40, 0x0, 0x0, 0xd8, 0x10, 0x0,
    0x2e, 0xff, 0xfd, 0x0, 0x0, 0x0, 0x0, 0x0,
    0x0, 0x7f, 0xff, 0xf6, 0x0, 0x0, 0x39, 0xdf,
    0xfc, 0x71, 0xff, 0xff, 0xc0, 0x0, 0x8f, 0xff,
    0xff, 0xff, 0xee, 0xff, 0xff, 0x10, 0x6f, 0xff,
    0xff, 0xff, 0xff, 0xff, 0xff, 0xf4, 0xe, 0xff,
    0xff, 0xfd, 0xce, 0xff, 0xff, 0xff, 0x64, 0xff,
    0xff, 0xf4, 0x0, 0xb, 0xff, 0xff, 0xf7, 0x7f,
    0xff, 0xf9, 0x0, 0x0, 0x2f, 0xff, 0xff, 0x67,
    0xff, 0xff, 0x70, 0x0, 0x1, 0xff, 0xff, 0xf4,
    0x6f, 0xff, 0xfb, 0x0, 0x0, 0x7f, 0xff, 0xff,
    0x2, 0xff, 0xff, 0xfa, 0x44, 0x8f, 0xff, 0xff,
    0x90, 0xb, 0xff, 0xff, 0xff, 0xff, 0xff, 0xff,
    0xe1, 0x0, 0x2e, 0xff, 0xff, 0xff, 0xff, 0xff,
    0xf4, 0x0, 0x0, 0x2d, 0xff, 0xff, 0xff, 0xff,
    0xd2, 0x0, 0x0, 0x0, 0x5, 0xad, 0xff, 0xea,
    0x50, 0x0, 0x0,

    /* U+00F1 "ñ" */
    0x0, 0x0, 0x0, 0x0, 0x0, 0x0, 0x0, 0x0,
    0x0, 0x0, 0x3, 0xdf, 0xe6, 0x0, 0xb, 0xb6,
    0x0, 0x0, 0x1, 0xff, 0xff, 0xfa, 0x17, 0xff,
    0x60, 0x0, 0x0, 0x7f, 0xff, 0xff, 0xff, 0xff,
    0xf3, 0x0, 0x0, 0xb, 0xff, 0x32, 0xdf, 0xff,
    0xfb, 0x0, 0x0, 0x0, 0xac, 0x90, 0x0, 0xaf,
    0xfb, 0x10, 0x0, 0x0, 0x0, 0x0, 0x0, 0x0,
    0x0, 0x0, 0x0, 0x4, 0xff, 0xff, 0xc0, 0x5b,
    0xef, 0xeb, 0x50, 0x0, 0x4f, 0xff, 0xfd, 0xcf,
    0xff, 0xff, 0xff, 0xb0, 0x4, 0xff, 0xff, 0xff,
    0xff, 0xff, 0xff, 0xff, 0xa0, 0x4f, 0xff, 0xff,
    0xff, 0xff, 0xff, 0xff, 0xff, 0x34, 0xff, 0xff,
    0xff, 0xfc, 0xcf, 0xff, 0xff, 0xf8, 0x4f, 0xff,
    0xff, 0xe2, 0x0, 0x3f, 0xff, 0xff, 0xb4, 0xff,
    0xff, 0xf5, 0x0, 0x0, 0xaf, 0xff, 0xfd, 0x4f,
    0xff, 0xff, 0x10, 0x0, 0x8, 0xff, 0xff, 0xd4,
    0xff, 0xff, 0xf0, 0x0, 0x0, 0x7f, 0xff, 0xfd,
    0x4f, 0xff, 0xff, 0x0, 0x0, 0x7, 0xff, 0xff,
    0xd4, 0xff, 0xff, 0xf0, 0x0, 0x0, 0x7f, 0xff,
    0xfd, 0x4f, 0xff, 0xff, 0x0, 0x0, 0x7, 0xff,
    0xff, 0xd4, 0xff, 0xff, 0xf0, 0x0, 0x0, 0x7f,
    0xff, 0xfd, 0x4f, 0xff, 0xff, 0x0, 0x0, 0x7,
    0xff, 0xff, 0xd4, 0xff, 0xff, 0xf0, 0x0, 0x0,
    0x7f, 0xff, 0xfd, 0x4f, 0xff, 0xff, 0x0, 0x0,
    0x7, 0xff, 0xff, 0xd0,

    /* U+00F2 "ò" */
    0x0, 0x6, 0x88, 0x88, 0x30, 0x0, 0x0, 0x0,
    0x0, 0x0, 0x1, 0xcf, 0xff, 0xf2, 0x0, 0x0,
    0x0, 0x0, 0x0, 0x0, 0xa, 0xff, 0xfd, 0x10,
    0x0, 0x0, 0x0, 0x0, 0x0, 0x0, 0x8f, 0xff,
    0xb0, 0x0, 0x0, 0x0, 0x0, 0x0, 0x0, 0x6,
    0xff, 0xf9, 0x0, 0x0, 0x0, 0x0, 0x0, 0x0,
    0x0, 0x0, 0x0, 0x0, 0x0, 0x0, 0x0, 0x0,
    0x0, 0x0, 0x0, 0x0, 0x0, 0x0, 0x0, 0x0,
    0x0, 0x4, 0x9d, 0xff, 0xec, 0x71, 0x0, 0x0,
    0x0, 0x1, 0xbf, 0xff, 0xff, 0xff, 0xff, 0x70,
    0x0, 0x0, 0x2e, 0xff, 0xff, 0xff, 0xff, 0xff,
    0xfa, 0x0, 0x0, 0xdf, 0xff, 0xff, 0xff, 0xff,
    0xff, 0xff, 0x80, 0x7, 0xff, 0xff, 0xfe, 0x86,
    0xaf, 0xff, 0xff, 0xf2, 0xd, 0xff, 0xff, 0xe1,
    0x0, 0x5, 0xff, 0xff, 0xf8, 0x1f, 0xff, 0xff,
    0x60, 0x0, 0x0, 0xcf, 0xff, 0xfc, 0x3f, 0xff,
    0xff, 0x30, 0x0, 0x0, 0x8f, 0xff, 0xfd, 0x3f,
    0xff, 0xff, 0x30, 0x0, 0x0, 0x9f, 0xff, 0xfd,
    0x1f, 0xff, 0xff, 0x60, 0x0, 0x0, 0xcf, 0xff,
    0xfb, 0xd, 0xff, 0xff, 0xe1, 0x0, 0x5, 0xff,
    0xff, 0xf8, 0x7, 0xff, 0xff, 0xfe, 0x87, 0xaf,
    0xff, 0xff, 0xf2, 0x0, 0xcf, 0xff, 0xff, 0xff,
    0xff, 0xff, 0xff, 0x70, 0x0, 0x1e, 0xff, 0xff,
    0xff, 0xff, 0xff, 0xfa, 0x0, 0x0, 0x1, 0xbf,
    0xff, 0xff, 0xff, 0xff, 0x70, 0x0, 0x0, 0x0,
    0x3, 0x9d, 0xff, 0xec, 0x71, 0x0, 0x0,

    /* U+00F3 "ó" */
    0x0, 0x0, 0x0, 0x0, 0x0, 0x78, 0x88, 0x82,
    0x0, 0x0, 0x0, 0x0, 0x0, 0x8, 0xff, 0xff,
    0x60, 0x0, 0x0, 0x0, 0x0, 0x0, 0x6f, 0xff,
    0xf4, 0x0, 0x0, 0x0, 0x0, 0x0, 0x3, 0xff,
    0xfe, 0x30, 0x0, 0x0, 0x0, 0x0, 0x0, 0x2e,
    0xff, 0xc1, 0x0, 0x0, 0x0, 0x0, 0x0, 0x0,
    0x0, 0x0, 0x0, 0x0, 0x0, 0x0, 0x0, 0x0,
    0x0, 0x0, 0x0, 0x0, 0x0, 0x0, 0x0, 0x0,
    0x0, 0x4, 0x9d, 0xff, 0xec, 0x71, 0x0, 0x0,
    0x0, 0x1, 0xbf, 0xff, 0xff, 0xff, 0xff, 0x70,
    0x0, 0x0, 0x2e, 0xff, 0xff, 0xff, 0xff, 0xff,
    0xfa, 0x0, 0x0, 0xdf, 0xff, 0xff, 0xff, 0xff,
    0xff, 0xff, 0x80, 0x7, 0xff, 0xff, 0xfe, 0x86,
    0xaf, 0xff, 0xff, 0xf2, 0xd, 0xff, 0xff, 0xe1,
    0x0, 0x5, 0xff, 0xff, 0xf8, 0x1f, 0xff, 0xff,
    0x60, 0x0, 0x0, 0xcf, 0xff, 0xfc, 0x3f, 0xff,
    0xff, 0x30, 0x0, 0x0, 0x8f, 0xff, 0xfd, 0x3f,
    0xff, 0xff, 0x30, 0x0, 0x0, 0x9f, 0xff, 0xfd,
    0x1f, 0xff, 0xff, 0x60, 0x0, 0x0, 0xcf, 0xff,
    0xfb, 0xd, 0xff, 0xff, 0xe1, 0x0, 0x5, 0xff,
    0xff, 0xf8, 0x7, 0xff, 0xff, 0xfe, 0x87, 0xaf,
    0xff, 0xff, 0xf2, 0x0, 0xcf, 0xff, 0xff, 0xff,
    0xff, 0xff, 0xff, 0x70, 0x0, 0x1e, 0xff, 0xff,
    0xff, 0xff, 0xff, 0xfa, 0x0, 0x0, 0x1, 0xbf,
    0xff, 0xff, 0xff, 0xff, 0x70, 0x0, 0x0, 0x0,
    0x3, 0x9d, 0xff, 0xec, 0x71, 0x0, 0x0,

    /* U+00F4 "ô" */
    0x0, 0x0, 0x0, 0x18, 0x88, 0x86, 0x0, 0x0,
    0x0, 0x0, 0x0, 0x0, 0xcf, 0xff, 0xff, 0x50,
    0x0, 0x0, 0x0, 0x0, 0xa, 0xff, 0xfe, 0xff,
    0xf3, 0x0, 0x0, 0x0, 0x0, 0x7f, 0xff, 0x71,
    0xdf, 0xfe, 0x10, 0x0, 0x0, 0x4, 0xff, 0xf6,
    0x0, 0x1c, 0xff, 0xc0, 0x0, 0x0, 0x0, 0x0,
    0x0, 0x0, 0x0, 0x0, 0x0, 0x0, 0x0, 0x0,
    0x0, 0x0, 0x0, 0x0, 0x0, 0x0, 0x0, 0x0,
    0x0, 0x4, 0x9d, 0xff, 0xec, 0x71, 0x0, 0x0,
    0x0, 0x1, 0xbf, 0xff, 0xff, 0xff, 0xff, 0x70,
    0x0, 0x0, 0x2e, 0xff, 0xff, 0xff, 0xff, 0xff,
    0xfa, 0x0, 0x0, 0xdf, 0xff, 0xff, 0xff, 0xff,
    0xff, 0xff, 0x80, 0x7, 0xff, 0xff, 0xfe, 0x86,
    0xaf, 0xff, 0xff, 0xf2, 0xd, 0xff, 0xff, 0xe1,
    0x0, 0x5, 0xff, 0xff, 0xf8, 0x1f, 0xff, 0xff,
    0x60, 0x0, 0x0, 0xcf, 0xff, 0xfc, 0x3f, 0xff,
    0xff, 0x30, 0x0, 0x0, 0x8f, 0xff, 0xfd, 0x3f,
    0xff, 0xff, 0x30, 0x0, 0x0, 0x9f, 0xff, 0xfd,
    0x1f, 0xff, 0xff, 0x60, 0x0, 0x0, 0xcf, 0xff,
    0xfb, 0xd, 0xff, 0xff, 0xe1, 0x0, 0x5, 0xff,
    0xff, 0xf8, 0x7, 0xff, 0xff, 0xfe, 0x87, 0xaf,
    0xff, 0xff, 0xf2, 0x0, 0xcf, 0xff, 0xff, 0xff,
    0xff, 0xff, 0xff, 0x70, 0x0, 0x1e, 0xff, 0xff,
    0xff, 0xff, 0xff, 0xfa, 0x0, 0x0, 0x1, 0xbf,
    0xff, 0xff, 0xff, 0xff, 0x70, 0x0, 0x0, 0x0,
    0x3, 0x9d, 0xff, 0xec, 0x71, 0x0, 0x0,

    /* U+00F5 "õ" */
    0x0, 0x0, 0x7, 0xee, 0x70, 0x0, 0x47, 0x70,
    0x0, 0x0, 0x0, 0x7f, 0xff, 0xf6, 0x0, 0xbf,
    0xe0, 0x0, 0x0, 0x0, 0xef, 0xff, 0xff, 0x53,
    0xff, 0xc0, 0x0, 0x0, 0x3, 0xff, 0xb2, 0xcf,
    0xff, 0xff, 0x70, 0x0, 0x0, 0x6, 0xff, 0x40,
    0x1e, 0xff, 0xff, 0x10, 0x0, 0x0, 0x4, 0xaa,
    0x10, 0x2, 0xdf, 0xd3, 0x0, 0x0, 0x0, 0x0,
    0x0, 0x0, 0x0, 0x0, 0x0, 0x0, 0x0, 0x0,
    0x0, 0x4, 0x9d, 0xff, 0xec, 0x71, 0x0, 0x0,
    0x0, 0x1, 0xbf, 0xff, 0xff, 0xff, 0xff, 0x70,
    0x0, 0x0, 0x2e, 0xff, 0xff, 0xff, 0xff, 0xff,
    0xfa, 0x0, 0x0, 0xdf, 0xff, 0xff, 0xff, 0xff,
    0xff, 0xff, 0x80, 0x7, 0xff, 0xff, 0xfe, 0x86,
    0xaf, 0xff, 0xff, 0xf2, 0xd, 0xff, 0xff, 0xe1,
    0x0, 0x5, 0xff, 0xff, 0xf8, 0x1f, 0xff, 0xff,
    0x60, 0x0, 0x0, 0xcf, 0xff, 0xfc, 0x3f, 0xff,
    0xff, 0x30, 0x0, 0x0, 0x8f, 0xff, 0xfd, 0x3f,
    0xff, 0xff, 0x30, 0x0, 0x0, 0x9f, 0xff, 0xfd,
    0x1f, 0xff, 0xff, 0x60, 0x0, 0x0, 0xcf, 0xff,
    0xfb, 0xd, 0xff, 0xff, 0xe1, 0x0, 0x5, 0xff,
    0xff, 0xf8, 0x7, 0xff, 0xff, 0xfe, 0x87, 0xaf,
    0xff, 0xff, 0xf2, 0x0, 0xcf, 0xff, 0xff, 0xff,
    0xff, 0xff, 0xff, 0x70, 0x0, 0x1e, 0xff, 0xff,
    0xff, 0xff, 0xff, 0xfa, 0x0, 0x0, 0x1, 0xbf,
    0xff, 0xff, 0xff, 0xff, 0x70, 0x0, 0x0, 0x0,
    0x3, 0x9d, 0xff, 0xec, 0x71, 0x0, 0x0,

    /* U+00F6 "ö" */
    0x0, 0x0, 0x5, 0x83, 0x0, 0x6, 0x82, 0x0,
    0x0, 0x0, 0x0, 0x8f, 0xff, 0x20, 0x9f, 0xff,
    0x10, 0x0, 0x0, 0x0, 0xdf, 0xff, 0x70, 0xef,
    0xff, 0x60, 0x0, 0x0, 0x0, 0xbf, 0xff, 0x50,
    0xcf, 0xff, 0x40, 0x0, 0x0, 0x0, 0x2d, 0xf9,
    0x0, 0x3d, 0xf9, 0x0, 0x0, 0x0, 0x0, 0x0,
    0x0, 0x0, 0x0, 0x0, 0x0, 0x0, 0x0, 0x0,
    0x0, 0x0, 0x0, 0x0, 0x0, 0x0, 0x0, 0x0,
    0x0, 0x4, 0x9d, 0xff, 0xec, 0x71, 0x0, 0x0,
    0x0, 0x1, 0xbf, 0xff, 0xff, 0xff, 0xff, 0x70,
    0x0, 0x0, 0x2e, 0xff, 0xff, 0xff, 0xff, 0xff,
    0xfa, 0x0, 0x0, 0xdf, 0xff, 0xff, 0xff, 0xff,
    0xff, 0xff, 0x80, 0x7, 0xff, 0xff, 0xfe, 0x86,
    0xaf, 0xff, 0xff, 0xf2, 0xd, 0xff, 0xff, 0xe1,
    0x0, 0x5, 0xff, 0xff, 0xf8, 0x1f, 0xff, 0xff,
    0x60, 0x0, 0x0, 0xcf, 0xff, 0xfc, 0x3f, 0xff,
    0xff, 0x30, 0x0, 0x0, 0x8f, 0xff, 0xfd, 0x3f,
    0xff, 0xff, 0x30, 0x0, 0x0, 0x9f, 0xff, 0xfd,
    0x1f, 0xff, 0xff, 0x60, 0x0, 0x0, 0xcf, 0xff,
    0xfb, 0xd, 0xff, 0xff, 0xe1, 0x0, 0x5, 0xff,
    0xff, 0xf8, 0x7, 0xff, 0xff, 0xfe, 0x87, 0xaf,
    0xff, 0xff, 0xf2, 0x0, 0xcf, 0xff, 0xff, 0xff,
    0xff, 0xff, 0xff, 0x70, 0x0, 0x1e, 0xff, 0xff,
    0xff, 0xff, 0xff, 0xfa, 0x0, 0x0, 0x1, 0xbf,
    0xff, 0xff, 0xff, 0xff, 0x70, 0x0, 0x0, 0x0,
    0x3, 0x9d, 0xff, 0xec, 0x71, 0x0, 0x0,

    /* U+00F7 "÷" */
    0x0, 0x0, 0x2, 0xcf, 0xc3, 0x0, 0x0, 0x0,
    0x0, 0x0, 0xdf, 0xff, 0xe0, 0x0, 0x0, 0x0,
    0x0, 0x1f, 0xff, 0xff, 0x30, 0x0, 0x0, 0x0,
    0x0, 0xff, 0xff, 0xf1, 0x0, 0x0, 0x0, 0x0,
    0x8, 0xff, 0xf9, 0x0, 0x0, 0x0, 0x0, 0x0,
    0x4, 0x85, 0x0, 0x0, 0x0, 0x13, 0x33, 0x33,
    0x33, 0x33, 0x33, 0x33, 0x16, 0xff, 0xff, 0xff,
    0xff, 0xff, 0xff, 0xf6, 0x6f, 0xff, 0xff, 0xff,
    0xff, 0xff, 0xff, 0x66, 0xff, 0xff, 0xff, 0xff,
    0xff, 0xff, 0xf6, 0x6f, 0xff, 0xff, 0xff, 0xff,
    0xff, 0xff, 0x60, 0x0, 0x0, 0x0, 0x0, 0x0,
    0x0, 0x0, 0x0, 0x0, 0x0, 0x48, 0x50, 0x0,
    0x0, 0x0, 0x0, 0x0, 0x9f, 0xff, 0xa0, 0x0,
    0x0, 0x0, 0x0, 0xf, 0xff, 0xff, 0x20, 0x0,
    0x0, 0x0, 0x1, 0xff, 0xff, 0xf2, 0x0, 0x0,
    0x0, 0x0, 0xd, 0xff, 0xfe, 0x0, 0x0, 0x0,
    0x0, 0x0, 0x2c, 0xfc, 0x30, 0x0, 0x0,

    /* U+00F8 "ø" */
    0x0, 0x0, 0x0, 0x0, 0x0, 0x0, 0x5f, 0xf1,
    0x0, 0x0, 0x0, 0x0, 0x0, 0x0, 0x0, 0xdf,
    0x80, 0x0, 0x0, 0x0, 0x4, 0x9d, 0xff, 0xef,
    0xff, 0x10, 0x0, 0x0, 0x1, 0xbf, 0xff, 0xff,
    0xff, 0xff, 0x70, 0x0, 0x0, 0x2e, 0xff, 0xff,
    0xff, 0xff, 0xff, 0xfa, 0x0, 0x0, 0xdf, 0xff,
    0xff, 0xff, 0xff, 0xff, 0xff, 0x80, 0x7, 0xff,
    0xff, 0xfe, 0x8b, 0xff, 0xff, 0xff, 0xf2, 0xd,
    0xff, 0xff, 0xe1, 0xc, 0xff, 0xff, 0xff, 0xf8,
    0x1f, 0xff, 0xff, 0x60, 0x4f, 0xf2, 0xcf, 0xff,
    0xfc, 0x3f, 0xff, 0xff, 0x30, 0xcf, 0xa0, 0x8f,
    0xff, 0xfd, 0x3f, 0xff, 0xff, 0x34, 0xff, 0x20,
    0x9f, 0xff, 0xfd, 0x1f, 0xff, 0xff, 0x6c, 0xfa,
    0x0, 0xcf, 0xff, 0xfb, 0xd, 0xff, 0xff, 0xff,
    0xf2, 0x5, 0xff, 0xff, 0xf8, 0x7, 0xff, 0xff,
    0xff, 0xf7, 0xaf, 0xff, 0xff, 0xf2, 0x0, 0xcf,
    0xff, 0xff, 0xff, 0xff, 0xff, 0xff, 0x70, 0x0,
    0x1e, 0xff, 0xff, 0xff, 0xff, 0xff, 0xfa, 0x0,
    0x0, 0x1, 0xef, 0xff, 0xff, 0xff, 0xff, 0x70,
    0x0, 0x0, 0x0, 0xbf, 0xfd, 0xff, 0xec, 0x71,
    0x0, 0x0, 0x0, 0x3, 0xff, 0x30, 0x0, 0x0,
    0x0, 0x0, 0x0, 0x0, 0xa, 0xfc, 0x0, 0x0,
    0x0, 0x0, 0x0, 0x0,

    /* U+00F9 "ù" */
    0x0, 0x38, 0x88, 0x86, 0x0, 0x0, 0x0, 0x0,
    0x0, 0x0, 0x8f, 0xff, 0xf7, 0x0, 0x0, 0x0,
    0x0, 0x0, 0x0, 0x5f, 0xff, 0xf5, 0x0, 0x0,
    0x0, 0x0, 0x0, 0x0, 0x3e, 0xff, 0xf3, 0x0,
    0x0, 0x0, 0x0, 0x0, 0x0, 0x2d, 0xff, 0xe1,
    0x0, 0x0, 0x0, 0x0, 0x0, 0x0, 0x0, 0x0,
    0x0, 0x0, 0x0, 0x0, 0x0, 0x0, 0x0, 0x0,
    0x0, 0x0, 0x0, 0x5, 0xff, 0xff, 0xf0, 0x0,
    0x0, 0xaf, 0xff, 0xfa, 0x5f, 0xff, 0xff, 0x0,
    0x0, 0xa, 0xff, 0xff, 0xa5, 0xff, 0xff, 0xf0,
    0x0, 0x0, 0xaf, 0xff, 0xfa, 0x5f, 0xff, 0xff,
    0x0, 0x0, 0xa, 0xff, 0xff, 0xa5, 0xff, 0xff,
    0xf0, 0x0, 0x0, 0xaf, 0xff, 0xfa, 0x5f, 0xff,
    0xff, 0x0, 0x0, 0xa, 0xff, 0xff, 0xa5, 0xff,
    0xff, 0xf0, 0x0, 0x0, 0xaf, 0xff, 0xfa, 0x5f,
    0xff, 0xff, 0x0, 0x0, 0xa, 0xff, 0xff, 0xa5,
    0xff, 0xff, 0xf0, 0x0, 0x0, 0xbf, 0xff, 0xfa,
    0x4f, 0xff, 0xff, 0x20, 0x0, 0xe, 0xff, 0xff,
    0xa3, 0xff, 0xff, 0xfa, 0x0, 0xa, 0xff, 0xff,
    0xfa, 0xf, 0xff, 0xff, 0xfe, 0xce, 0xff, 0xff,
    0xff, 0xa0, 0xaf, 0xff, 0xff, 0xff, 0xff, 0xff,
    0xff, 0xfa, 0x2, 0xff, 0xff, 0xff, 0xff, 0xff,
    0xff, 0xff, 0xa0, 0x4, 0xef, 0xff, 0xff, 0xff,
    0xaf, 0xff, 0xfa, 0x0, 0x1, 0x8d, 0xff, 0xd8,
    0x16, 0xff, 0xff, 0xa0,

    /* U+00FA "ú" */
    0x0, 0x0, 0x0, 0x0, 0x4, 0x88, 0x88, 0x50,
    0x0, 0x0, 0x0, 0x0, 0x3, 0xff, 0xff, 0xb1,
    0x0, 0x0, 0x0, 0x0, 0x1, 0xef, 0xff, 0x90,
    0x0, 0x0, 0x0, 0x0, 0x0, 0xcf, 0xff, 0x70,
    0x0, 0x0, 0x0, 0x0, 0x0, 0xaf, 0xff, 0x50,
    0x0, 0x0, 0x0, 0x0, 0x0, 0x0, 0x0, 0x0,
    0x0, 0x0, 0x0, 0x0, 0x0, 0x0, 0x0, 0x0,
    0x0, 0x0, 0x0, 0x5, 0xff, 0xff, 0xf0, 0x0,
    0x0, 0xaf, 0xff, 0xfa, 0x5f, 0xff, 0xff, 0x0,
    0x0, 0xa, 0xff, 0xff, 0xa5, 0xff, 0xff, 0xf0,
    0x0, 0x0, 0xaf, 0xff, 0xfa, 0x5f, 0xff, 0xff,
    0x0, 0x0, 0xa, 0xff, 0xff, 0xa5, 0xff, 0xff,
    0xf0, 0x0, 0x0, 0xaf, 0xff, 0xfa, 0x5f, 0xff,
    0xff, 0x0, 0x0, 0xa, 0xff, 0xff, 0xa5, 0xff,
    0xff, 0xf0, 0x0, 0x0, 0xaf, 0xff, 0xfa, 0x5f,
    0xff, 0xff, 0x0, 0x0, 0xa, 0xff, 0xff, 0xa5,
    0xff, 0xff, 0xf0, 0x0, 0x0, 0xbf, 0xff, 0xfa,
    0x4f, 0xff, 0xff, 0x20, 0x0, 0xe, 0xff, 0xff,
    0xa3, 0xff, 0xff, 0xfa, 0x0, 0xa, 0xff, 0xff,
    0xfa, 0xf, 0xff, 0xff, 0xfe, 0xce, 0xff, 0xff,
    0xff, 0xa0, 0xaf, 0xff, 0xff, 0xff, 0xff, 0xff,
    0xff, 0xfa, 0x2, 0xff, 0xff, 0xff, 0xff, 0xff,
    0xff, 0xff, 0xa0, 0x4, 0xef, 0xff, 0xff, 0xff,
    0xaf, 0xff, 0xfa, 0x0, 0x1, 0x8d, 0xff, 0xd8,
    0x16, 0xff, 0xff, 0xa0,

    /* U+00FB "û" */
    0x0, 0x0, 0x0, 0x68, 0x88, 0x71, 0x0, 0x0,
    0x0, 0x0, 0x0, 0x7f, 0xff, 0xff, 0xb0, 0x0,
    0x0, 0x0, 0x0, 0x4f, 0xff, 0xef, 0xff, 0x90,
    0x0, 0x0, 0x0, 0x2e, 0xff, 0xc1, 0x8f, 0xff,
    0x60, 0x0, 0x0, 0xd, 0xff, 0xb0, 0x0, 0x7f,
    0xff, 0x30, 0x0, 0x0, 0x0, 0x0, 0x0, 0x0,
    0x0, 0x0, 0x0, 0x0, 0x0, 0x0, 0x0, 0x0,
    0x0, 0x0, 0x0, 0x5, 0xff, 0xff, 0xf0, 0x0,
    0x0, 0xaf, 0xff, 0xfa, 0x5f, 0xff, 0xff, 0x0,
    0x0, 0xa, 0xff, 0xff, 0xa5, 0xff, 0xff, 0xf0,
    0x0, 0x0, 0xaf, 0xff, 0xfa, 0x5f, 0xff, 0xff,
    0x0, 0x0, 0xa, 0xff, 0xff, 0xa5, 0xff, 0xff,
    0xf0, 0x0, 0x0, 0xaf, 0xff, 0xfa, 0x5f, 0xff,
    0xff, 0x0, 0x0, 0xa, 0xff, 0xff, 0xa5, 0xff,
    0xff, 0xf0, 0x0, 0x0, 0xaf, 0xff, 0xfa, 0x5f,
    0xff, 0xff, 0x0, 0x0, 0xa, 0xff, 0xff, 0xa5,
    0xff, 0xff, 0xf0, 0x0, 0x0, 0xbf, 0xff, 0xfa,
    0x4f, 0xff, 0xff, 0x20, 0x0, 0xe, 0xff, 0xff,
    0xa3, 0xff, 0xff, 0xfa, 0x0, 0xa, 0xff, 0xff,
    0xfa, 0xf, 0xff, 0xff, 0xfe, 0xce, 0xff, 0xff,
    0xff, 0xa0, 0xaf, 0xff, 0xff, 0xff, 0xff, 0xff,
    0xff, 0xfa, 0x2, 0xff, 0xff, 0xff, 0xff, 0xff,
    0xff, 0xff, 0xa0, 0x4, 0xef, 0xff, 0xff, 0xff,
    0xaf, 0xff, 0xfa, 0x0, 0x1, 0x8d, 0xff, 0xd8,
    0x16, 0xff, 0xff, 0xa0,

    /* U+00FC "ü" */
    0x0, 0x0, 0x38, 0x50, 0x0, 0x38, 0x50, 0x0,
    0x0, 0x0, 0x2f, 0xff, 0x80, 0x3f, 0xff, 0x70,
    0x0, 0x0, 0x7, 0xff, 0xfd, 0x8, 0xff, 0xfc,
    0x0, 0x0, 0x0, 0x5f, 0xff, 0xb0, 0x6f, 0xff,
    0xa0, 0x0, 0x0, 0x0, 0x9f, 0xc2, 0x0, 0xaf,
    0xc2, 0x0, 0x0, 0x0, 0x0, 0x0, 0x0, 0x0,
    0x0, 0x0, 0x0, 0x0, 0x0, 0x0, 0x0, 0x0,
    0x0, 0x0, 0x0, 0x5, 0xff, 0xff, 0xf0, 0x0,
    0x0, 0xaf, 0xff, 0xfa, 0x5f, 0xff, 0xff, 0x0,
    0x0, 0xa, 0xff, 0xff, 0xa5, 0xff, 0xff, 0xf0,
    0x0, 0x0, 0xaf, 0xff, 0xfa, 0x5f, 0xff, 0xff,
    0x0, 0x0, 0xa, 0xff, 0xff, 0xa5, 0xff, 0xff,
    0xf0, 0x0, 0x0, 0xaf, 0xff, 0xfa, 0x5f, 0xff,
    0xff, 0x0, 0x0, 0xa, 0xff, 0xff, 0xa5, 0xff,
    0xff, 0xf0, 0x0, 0x0, 0xaf, 0xff, 0xfa, 0x5f,
    0xff, 0xff, 0x0, 0x0, 0xa, 0xff, 0xff, 0xa5,
    0xff, 0xff, 0xf0, 0x0, 0x0, 0xbf, 0xff, 0xfa,
    0x4f, 0xff, 0xff, 0x20, 0x0, 0xe, 0xff, 0xff,
    0xa3, 0xff, 0xff, 0xfa, 0x0, 0xa, 0xff, 0xff,
    0xfa, 0xf, 0xff, 0xff, 0xfe, 0xce, 0xff, 0xff,
    0xff, 0xa0, 0xaf, 0xff, 0xff, 0xff, 0xff, 0xff,
    0xff, 0xfa, 0x2, 0xff, 0xff, 0xff, 0xff, 0xff,
    0xff, 0xff, 0xa0, 0x4, 0xef, 0xff, 0xff, 0xff,
    0xaf, 0xff, 0xfa, 0x0, 0x1, 0x8d, 0xff, 0xd8,
    0x16, 0xff, 0xff, 0xa0,

    /* U+00FD "ý" */
    0x0, 0x0, 0x0, 0x0, 0x1, 0xef, 0xff, 0xe3,
    0x0, 0x0, 0x0, 0x0, 0x0, 0x0, 0xcf, 0xff,
    0xd2, 0x0, 0x0, 0x0, 0x0, 0x0, 0x0, 0xaf,
    0xff, 0xb1, 0x0, 0x0, 0x0, 0x0, 0x0, 0x0,
    0x8f, 0xff, 0x90, 0x0, 0x0, 0x0, 0x0, 0x0,
    0x0, 0x17, 0x88, 0x60, 0x0, 0x0, 0x0, 0x0,
    0x0, 0x0, 0x0, 0x0, 0x0, 0x0, 0x0, 0x0,
    0x0, 0x1f, 0xff, 0xff, 0x50, 0x0, 0x0, 0x9,
    0xff, 0xff, 0x80, 0xbf, 0xff, 0xfb, 0x0, 0x0,
    0x0, 0xef, 0xff, 0xf1, 0x5, 0xff, 0xff, 0xf1,
    0x0, 0x0, 0x5f, 0xff, 0xfb, 0x0, 0xe, 0xff,
    0xff, 0x70, 0x0, 0xb, 0xff, 0xff, 0x50, 0x0,
    0x8f, 0xff, 0xfd, 0x0, 0x1, 0xff, 0xff, 0xe0,
    0x0, 0x2, 0xff, 0xff, 0xf3, 0x0, 0x7f, 0xff,
    0xf8, 0x0, 0x0, 0xb, 0xff, 0xff, 0x90, 0xd,
    0xff, 0xff, 0x20, 0x0, 0x0, 0x5f, 0xff, 0xff,
    0x3, 0xff, 0xff, 0xb0, 0x0, 0x0, 0x0, 0xef,
    0xff, 0xf5, 0x9f, 0xff, 0xf5, 0x0, 0x0, 0x0,
    0x8, 0xff, 0xff, 0xcf, 0xff, 0xfe, 0x0, 0x0,
    0x0, 0x0, 0x2f, 0xff, 0xff, 0xff, 0xff, 0x90,
    0x0, 0x0, 0x0, 0x0, 0xbf, 0xff, 0xff, 0xff,
    0xf2, 0x0, 0x0, 0x0, 0x0, 0x5, 0xff, 0xff,
    0xff, 0xfc, 0x0, 0x0, 0x0, 0x0, 0x0, 0xe,
    0xff, 0xff, 0xff, 0x60, 0x0, 0x0, 0x0, 0x0,
    0x0, 0x8f, 0xff, 0xff, 0xf0, 0x0, 0x0, 0x0,
    0x0, 0x0, 0x2, 0xff, 0xff, 0xf9, 0x0, 0x0,
    0x0, 0x0, 0x10, 0x0, 0xe, 0xff, 0xff, 0x30,
    0x0, 0x0, 0x0, 0x9, 0xc7, 0x6c, 0xff, 0xff,
    0xc0, 0x0, 0x0, 0x0, 0x1, 0xff, 0xff, 0xff,
    0xff, 0xf4, 0x0, 0x0, 0x0, 0x0, 0x9f, 0xff,
    0xff, 0xff, 0xf9, 0x0, 0x0, 0x0, 0x0, 0xd,
    0xff, 0xff, 0xff, 0xfa, 0x0, 0x0, 0x0, 0x0,
    0x0, 0x17, 0xce, 0xfe, 0xa4, 0x0, 0x0, 0x0,
    0x0, 0x0,

    /* U+00FE "þ" */
    0x3, 0x33, 0x33, 0x0, 0x0, 0x0, 0x0, 0x0,
    0x0, 0x4f, 0xff, 0xff, 0x0, 0x0, 0x0, 0x0,
    0x0, 0x0, 0x4f, 0xff, 0xff, 0x0, 0x0, 0x0,
    0x0, 0x0, 0x0, 0x4f, 0xff, 0xff, 0x0, 0x0,
    0x0, 0x0, 0x0, 0x0, 0x4f, 0xff, 0xff, 0x0,
    0x0, 0x0, 0x0, 0x0, 0x0, 0x4f, 0xff, 0xff,
    0x0, 0x0, 0x0, 0x0, 0x0, 0x0, 0x4f, 0xff,
    0xff, 0x17, 0xcf, 0xfd, 0xa3, 0x0, 0x0, 0x4f,
    0xff, 0xff, 0xdf, 0xff, 0xff, 0xff, 0xa0, 0x0,
    0x4f, 0xff, 0xff, 0xff, 0xff, 0xff, 0xff, 0xfc,
    0x0, 0x4f, 0xff, 0xff, 0xff, 0xff, 0xff, 0xff,
    0xff, 0x80, 0x4f, 0xff, 0xff, 0xfd, 0x87, 0xbf,
    0xff, 0xff, 0xf1, 0x4f, 0xff, 0xff, 0xc0, 0x0,
    0x8, 0xff, 0xff, 0xf6, 0x4f, 0xff, 0xff, 0x30,
    0x0, 0x0, 0xef, 0xff, 0xf9, 0x4f, 0xff, 0xff,
    0x0, 0x0, 0x0, 0xbf, 0xff, 0xfa, 0x4f, 0xff,
    0xff, 0x0, 0x0, 0x0, 0xcf, 0xff, 0xfa, 0x4f,
    0xff, 0xff, 0x30, 0x0, 0x0, 0xef, 0xff, 0xf9,
    0x4f, 0xff, 0xff, 0xc0, 0x0, 0x8, 0xff, 0xff,
    0xf6, 0x4f, 0xff, 0xff, 0xfd, 0x87, 0xbf, 0xff,
    0xff, 0xf1, 0x4f, 0xff, 0xff, 0xff, 0xff, 0xff,
    0xff, 0xff, 0x70, 0x4f, 0xff, 0xff, 0xff, 0xff,
    0xff, 0xff, 0xfb, 0x0, 0x4f, 0xff, 0xff, 0xcf,
    0xff, 0xff, 0xff, 0xa0, 0x0, 0x4f, 0xff, 0xff,
    0x6, 0xcf, 0xfd, 0xa3, 0x0, 0x0, 0x4f, 0xff,
    0xff, 0x0, 0x0, 0x0, 0x0, 0x0, 0x0, 0x4f,
    0xff, 0xff, 0x0, 0x0, 0x0, 0x0, 0x0, 0x0,
    0x4f, 0xff, 0xff, 0x0, 0x0, 0x0, 0x0, 0x0,
    0x0, 0x4f, 0xff, 0xff, 0x0, 0x0, 0x0, 0x0,
    0x0, 0x0, 0x4f, 0xff, 0xff, 0x0, 0x0, 0x0,
    0x0, 0x0, 0x0, 0x4f, 0xff, 0xff, 0x0, 0x0,
    0x0, 0x0, 0x0, 0x0,

    /* U+00FF "ÿ" */
    0x0, 0x0, 0x1c, 0xfa, 0x0, 0x2c, 0xfa, 0x0,
    0x0, 0x0, 0x0, 0x9, 0xff, 0xf7, 0xa, 0xff,
    0xf6, 0x0, 0x0, 0x0, 0x0, 0xbf, 0xff, 0x90,
    0xcf, 0xff, 0x80, 0x0, 0x0, 0x0, 0x6, 0xff,
    0xf4, 0x7, 0xff, 0xf3, 0x0, 0x0, 0x0, 0x0,
    0x5, 0x84, 0x0, 0x5, 0x83, 0x0, 0x0, 0x0,
    0x0, 0x0, 0x0, 0x0, 0x0, 0x0, 0x0, 0x0,
    0x0, 0x1f, 0xff, 0xff, 0x50, 0x0, 0x0, 0x9,
    0xff, 0xff, 0x80, 0xbf, 0xff, 0xfb, 0x0, 0x0,
    0x0, 0xef, 0xff, 0xf1, 0x5, 0xff, 0xff, 0xf1,
    0x0, 0x0, 0x5f, 0xff, 0xfb, 0x0, 0xe, 0xff,
    0xff, 0x70, 0x0, 0xb, 0xff, 0xff, 0x50, 0x0,
    0x8f, 0xff, 0xfd, 0x0, 0x1, 0xff, 0xff, 0xe0,
    0x0, 0x2, 0xff, 0xff, 0xf3, 0x0, 0x7f, 0xff,
    0xf8, 0x0, 0x0, 0xb, 0xff, 0xff, 0x90, 0xd,
    0xff, 0xff, 0x20, 0x0, 0x0, 0x5f, 0xff, 0xff,
    0x3, 0xff, 0xff, 0xb0, 0x0, 0x0, 0x0, 0xef,
    0xff, 0xf5, 0x9f, 0xff, 0xf5, 0x0, 0x0, 0x0,
    0x8, 0xff, 0xff, 0xcf, 0xff, 0xfe, 0x0, 0x0,
    0x0, 0x0, 0x2f, 0xff, 0xff, 0xff, 0xff, 0x90,
    0x0, 0x0, 0x0, 0x0, 0xbf, 0xff, 0xff, 0xff,
    0xf2, 0x0, 0x0, 0x0, 0x0, 0x5, 0xff, 0xff,
    0xff, 0xfc, 0x0, 0x0, 0x0, 0x0, 0x0, 0xe,
    0xff, 0xff, 0xff, 0x60, 0x0, 0x0, 0x0, 0x0,
    0x0, 0x8f, 0xff, 0xff, 0xf0, 0x0, 0x0, 0x0,
    0x0, 0x0, 0x2, 0xff, 0xff, 0xf9, 0x0, 0x0,
    0x0, 0x0, 0x10, 0x0, 0xe, 0xff, 0xff, 0x30,
    0x0, 0x0, 0x0, 0x9, 0xc7, 0x6c, 0xff, 0xff,
    0xc0, 0x0, 0x0, 0x0, 0x1, 0xff, 0xff, 0xff,
    0xff, 0xf4, 0x0, 0x0, 0x0, 0x0, 0x9f, 0xff,
    0xff, 0xff, 0xf9, 0x0, 0x0, 0x0, 0x0, 0xd,
    0xff, 0xff, 0xff, 0xfa, 0x0, 0x0, 0x0, 0x0,
    0x0, 0x17, 0xce, 0xfe, 0xa4, 0x0, 0x0, 0x0,
    0x0, 0x0,

    /* U+0100 "Ā" */
    0x0, 0x0, 0x0, 0x7f, 0xff, 0xff, 0xff, 0xff,
    0xf7, 0x0, 0x0, 0x0, 0x0, 0x0, 0x0, 0x8f,
    0xff, 0xff, 0xff, 0xff, 0xf8, 0x0, 0x0, 0x0,
    0x0, 0x0, 0x0, 0x8f, 0xff, 0xff, 0xff, 0xff,
    0xf8, 0x0, 0x0, 0x0, 0x0, 0x0, 0x0, 0x0,
    0x0, 0x0, 0x0, 0x0, 0x0, 0x0, 0x0, 0x0,
    0x0, 0x0, 0x0, 0x0, 0x0, 0x0, 0x0, 0x0,
    0x0, 0x0, 0x0, 0x0, 0x0, 0x0, 0x0, 0x0,
    0x0, 0x0, 0x0, 0x0, 0x0, 0x0, 0x0, 0x0,
    0x0, 0x0, 0x0, 0x0, 0xe, 0xff, 0xff, 0xe0,
    0x0, 0x0, 0x0, 0x0, 0x0, 0x0, 0x0, 0x0,
    0x6f, 0xff, 0xff, 0xf5, 0x0, 0x0, 0x0, 0x0,
    0x0, 0x0, 0x0, 0x0, 0xdf, 0xff, 0xff, 0xfc,
    0x0, 0x0, 0x0, 0x0, 0x0, 0x0, 0x0, 0x4,
    0xff, 0xff, 0xff, 0xff, 0x30, 0x0, 0x0, 0x0,
    0x0, 0x0, 0x0, 0xa, 0xff, 0xff, 0xff, 0xff,
    0xa0, 0x0, 0x0, 0x0, 0x0, 0x0, 0x0, 0x2f,
    0xff, 0xfe, 0xff, 0xff, 0xf1, 0x0, 0x0, 0x0,
    0x0, 0x0, 0x0, 0x8f, 0xff, 0xf8, 0xaf, 0xff,
    0xf8, 0x0, 0x0, 0x0, 0x0, 0x0, 0x0, 0xef,
    0xff, 0xf2, 0x3f, 0xff, 0xfe, 0x0, 0x0, 0x0,
    0x0, 0x0, 0x6, 0xff, 0xff, 0xb0, 0xd, 0xff,
    0xff, 0x60, 0x0, 0x0, 0x0, 0x0, 0xd, 0xff,
    0xff, 0x50, 0x7, 0xff, 0xff, 0xd0, 0x0, 0x0,
    0x0, 0x0, 0x4f, 0xff, 0xfe, 0x0, 0x1, 0xff,
    0xff, 0xf4, 0x0, 0x0, 0x0, 0x0, 0xbf, 0xff,
    0xfa, 0x33, 0x33, 0xcf, 0xff, 0xfb, 0x0, 0x0,
    0x0, 0x2, 0xff, 0xff, 0xff, 0xff, 0xff, 0xff,
    0xff, 0xff, 0x20, 0x0, 0x0, 0x9, 0xff, 0xff,
    0xff, 0xff, 0xff, 0xff, 0xff, 0xff, 0x90, 0x0,
    0x0, 0xf, 0xff, 0xff, 0xff, 0xff, 0xff, 0xff,
    0xff, 0xff, 0xf0, 0x0, 0x0, 0x7f, 0xff, 0xff,
    0xff, 0xff, 0xff, 0xff, 0xff, 0xff, 0xf7, 0x0,
    0x0, 0xdf, 0xff, 0xf9, 0x0, 0x0, 0x0, 0x0,
    0xbf, 0xff, 0xfd, 0x0, 0x4, 0xff, 0xff, 0xf3,
    0x0, 0x0, 0x0, 0x0, 0x5f, 0xff, 0xff, 0x50,
    0xb, 0xff, 0xff, 0xd0, 0x0, 0x0, 0x0, 0x0,
    0xe, 0xff, 0xff, 0xc0, 0x2f, 0xff, 0xff, 0x70,
    0x0, 0x0, 0x0, 0x0, 0x9, 0xff, 0xff, 0xf3,

    /* U+0101 "ā" */
    0x0, 0xb, 0xff, 0xff, 0xff, 0xff, 0xff, 0x40,
    0x0, 0xc, 0xff, 0xff, 0xff, 0xff, 0xff, 0x40,
    0x0, 0xc, 0xff, 0xff, 0xff, 0xff, 0xff, 0x40,
    0x0, 0x0, 0x0, 0x0, 0x0, 0x0, 0x0, 0x0,
    0x0, 0x0, 0x0, 0x0, 0x0, 0x0, 0x0, 0x0,
    0x0, 0x0, 0x0, 0x0, 0x0, 0x0, 0x0, 0x0,
    0x0, 0x2, 0x7b, 0xef, 0xfe, 0xc8, 0x20, 0x0,
    0x2, 0xbf, 0xff, 0xff, 0xff, 0xff, 0xf8, 0x0,
    0x2, 0xff, 0xff, 0xff, 0xff, 0xff, 0xff, 0x80,
    0x0, 0xaf, 0xff, 0xff, 0xff, 0xff, 0xff, 0xf2,
    0x0, 0x2f, 0xb6, 0x43, 0x5a, 0xff, 0xff, 0xf8,
    0x0, 0x1, 0x0, 0x0, 0x0, 0x9f, 0xff, 0xfc,
    0x0, 0x2, 0x8b, 0xdd, 0xee, 0xef, 0xff, 0xfe,
    0x0, 0x8f, 0xff, 0xff, 0xff, 0xff, 0xff, 0xfe,
    0x7, 0xff, 0xff, 0xff, 0xff, 0xff, 0xff, 0xff,
    0xe, 0xff, 0xff, 0x91, 0x0, 0x6f, 0xff, 0xff,
    0x1f, 0xff, 0xff, 0x0, 0x0, 0x7f, 0xff, 0xff,
    0x1f, 0xff, 0xff, 0x30, 0x1, 0xef, 0xff, 0xff,
    0xe, 0xff, 0xff, 0xe9, 0x9e, 0xff, 0xff, 0xff,
    0x7, 0xff, 0xff, 0xff, 0xff, 0xff, 0xff, 0xff,
    0x0, 0xaf, 0xff, 0xff, 0xff, 0x7f, 0xff, 0xff,
    0x0, 0x5, 0xbe, 0xfe, 0xb4, 0xf, 0xff, 0xff,

    /* U+0102 "Ă" */
    0x0, 0x0, 0x0, 0x38, 0x86, 0x0, 0x0, 0x68,
    0x83, 0x0, 0x0, 0x0, 0x0, 0x0, 0x0, 0x5f,
    0xff, 0x40, 0x4, 0xff, 0xf5, 0x0, 0x0, 0x0,
    0x0, 0x0, 0x0, 0xe, 0xff, 0xfd, 0xdf, 0xff,
    0xe0, 0x0, 0x0, 0x0, 0x0, 0x0, 0x0, 0x3,
    0xef, 0xff, 0xff, 0xfe, 0x30, 0x0, 0x0, 0x0,
    0x0, 0x0, 0x0, 0x0, 0x18, 0xdf, 0xfd, 0x81,
    0x0, 0x0, 0x0, 0x0, 0x0, 0x0, 0x0, 0x0,
    0x0, 0x0, 0x0, 0x0, 0x0, 0x0, 0x0, 0x0,
    0x0, 0x0, 0x0, 0x0, 0x0, 0x0, 0x0, 0x0,
    0x0, 0x0, 0x0, 0x0, 0x0, 0x0, 0x0, 0x0,
    0xe, 0xff, 0xff, 0xe0, 0x0, 0x0, 0x0, 0x0,
    0x0, 0x0, 0x0, 0x0, 0x6f, 0xff, 0xff, 0xf5,
    0x0, 0x0, 0x0, 0x0, 0x0, 0x0, 0x0, 0x0,
    0xdf, 0xff, 0xff, 0xfc, 0x0, 0x0, 0x0, 0x0,
    0x0, 0x0, 0x0, 0x4, 0xff, 0xff, 0xff, 0xff,
    0x30, 0x0, 0x0, 0x0, 0x0, 0x0, 0x0, 0xa,
    0xff, 0xff, 0xff, 0xff, 0xa0, 0x0, 0x0, 0x0,
    0x0, 0x0, 0x0, 0x2f, 0xff, 0xfe, 0xff, 0xff,
    0xf1, 0x0, 0x0, 0x0, 0x0, 0x0, 0x0, 0x8f,
    0xff, 0xf8, 0xaf, 0xff, 0xf8, 0x0, 0x0, 0x0,
    0x0, 0x0, 0x0, 0xef, 0xff, 0xf2, 0x3f, 0xff,
    0xfe, 0x0, 0x0, 0x0, 0x0, 0x0, 0x6, 0xff,
    0xff, 0xb0, 0xd, 0xff, 0xff, 0x60, 0x0, 0x0,
    0x0, 0x0, 0xd, 0xff, 0xff, 0x50, 0x7, 0xff,
    0xff, 0xd0, 0x0, 0x0, 0x0, 0x0, 0x4f, 0xff,
    0xfe, 0x0, 0x1, 0xff, 0xff, 0xf4, 0x0, 0x0,
    0x0, 0x0, 0xbf, 0xff, 0xfa, 0x33, 0x33, 0xcf,
    0xff, 0xfb, 0x0, 0x0, 0x0, 0x2, 0xff, 0xff,
    0xff, 0xff, 0xff, 0xff, 0xff, 0xff, 0x20, 0x0,
    0x0, 0x9, 0xff, 0xff, 0xff, 0xff, 0xff, 0xff,
    0xff, 0xff, 0x90, 0x0, 0x0, 0xf, 0xff, 0xff,
    0xff, 0xff, 0xff, 0xff, 0xff, 0xff, 0xf0, 0x0,
    0x0, 0x7f, 0xff, 0xff, 0xff, 0xff, 0xff, 0xff,
    0xff, 0xff, 0xf7, 0x0, 0x0, 0xdf, 0xff, 0xf9,
    0x0, 0x0, 0x0, 0x0, 0xbf, 0xff, 0xfd, 0x0,
    0x4, 0xff, 0xff, 0xf3, 0x0, 0x0, 0x0, 0x0,
    0x5f, 0xff, 0xff, 0x50, 0xb, 0xff, 0xff, 0xd0,
    0x0, 0x0, 0x0, 0x0, 0xe, 0xff, 0xff, 0xc0,
    0x2f, 0xff, 0xff, 0x70, 0x0, 0x0, 0x0, 0x0,
    0x9, 0xff, 0xff, 0xf3,

    /* U+0103 "ă" */
    0x0, 0x5, 0x88, 0x40, 0x0, 0x8, 0x88, 0x10,
    0x0, 0x9, 0xff, 0xc0, 0x0, 0x3f, 0xff, 0x10,
    0x0, 0x5, 0xff, 0xf7, 0x2, 0xdf, 0xfd, 0x0,
    0x0, 0x0, 0xcf, 0xff, 0xff, 0xff, 0xf5, 0x0,
    0x0, 0x0, 0x1c, 0xff, 0xff, 0xff, 0x60, 0x0,
    0x0, 0x0, 0x0, 0x59, 0xbb, 0x82, 0x0, 0x0,
    0x0, 0x0, 0x0, 0x0, 0x0, 0x0, 0x0, 0x0,
    0x0, 0x2, 0x7b, 0xef, 0xfe, 0xc8, 0x20, 0x0,
    0x2, 0xbf, 0xff, 0xff, 0xff, 0xff, 0xf8, 0x0,
    0x2, 0xff, 0xff, 0xff, 0xff, 0xff, 0xff, 0x80,
    0x0, 0xaf, 0xff, 0xff, 0xff, 0xff, 0xff, 0xf2,
    0x0, 0x2f, 0xb6, 0x43, 0x5a, 0xff, 0xff, 0xf8,
    0x0, 0x1, 0x0, 0x0, 0x0, 0x9f, 0xff, 0xfc,
    0x0, 0x2, 0x8b, 0xdd, 0xee, 0xef, 0xff, 0xfe,
    0x0, 0x8f, 0xff, 0xff, 0xff, 0xff, 0xff, 0xfe,
    0x7, 0xff, 0xff, 0xff, 0xff, 0xff, 0xff, 0xff,
    0xe, 0xff, 0xff, 0x91, 0x0, 0x6f, 0xff, 0xff,
    0x1f, 0xff, 0xff, 0x0, 0x0, 0x7f, 0xff, 0xff,
    0x1f, 0xff, 0xff, 0x30, 0x1, 0xef, 0xff, 0xff,
    0xe, 0xff, 0xff, 0xe9, 0x9e, 0xff, 0xff, 0xff,
    0x7, 0xff, 0xff, 0xff, 0xff, 0xff, 0xff, 0xff,
    0x0, 0xaf, 0xff, 0xff, 0xff, 0x7f, 0xff, 0xff,
    0x0, 0x5, 0xbe, 0xfe, 0xb4, 0xf, 0xff, 0xff,

    /* U+0104 "Ą" */
    0x0, 0x0, 0x0, 0x0, 0xe, 0xff, 0xff, 0xe0,
    0x0, 0x0, 0x0, 0x0, 0x0, 0x0, 0x0, 0x0,
    0x6, 0xff, 0xff, 0xff, 0x50, 0x0, 0x0, 0x0,
    0x0, 0x0, 0x0, 0x0, 0x0, 0xdf, 0xff, 0xff,
    0xfc, 0x0, 0x0, 0x0, 0x0, 0x0, 0x0, 0x0,
    0x0, 0x4f, 0xff, 0xff, 0xff, 0xf3, 0x0, 0x0,
    0x0, 0x0, 0x0, 0x0, 0x0, 0xa, 0xff, 0xff,
    0xff, 0xff, 0xa0, 0x0, 0x0, 0x0, 0x0, 0x0,
    0x0, 0x2, 0xff, 0xff, 0xef, 0xff, 0xff, 0x10,
    0x0, 0x0, 0x0, 0x0, 0x0, 0x0, 0x8f, 0xff,
    0xf8, 0xaf, 0xff, 0xf8, 0x0, 0x0, 0x0, 0x0,
    0x0, 0x0, 0xe, 0xff, 0xff, 0x23, 0xff, 0xff,
    0xe0, 0x0, 0x0, 0x0, 0x0, 0x0, 0x6, 0xff,
    0xff, 0xb0, 0xd, 0xff, 0xff, 0x60, 0x0, 0x0,
    0x0, 0x0, 0x0, 0xdf, 0xff, 0xf5, 0x0, 0x7f,
    0xff, 0xfd, 0x0, 0x0, 0x0, 0x0, 0x0, 0x4f,
    0xff, 0xfe, 0x0, 0x1, 0xff, 0xff, 0xf4, 0x0,
    0x0, 0x0, 0x0, 0xb, 0xff, 0xff, 0xa3, 0x33,
    0x3c, 0xff, 0xff, 0xb0, 0x0, 0x0, 0x0, 0x2,
    0xff, 0xff, 0xff, 0xff, 0xff, 0xff, 0xff, 0xff,
    0x20, 0x0, 0x0, 0x0, 0x9f, 0xff, 0xff, 0xff,
    0xff, 0xff, 0xff, 0xff, 0xf9, 0x0, 0x0, 0x0,
    0xf, 0xff, 0xff, 0xff, 0xff, 0xff, 0xff, 0xff,
    0xff, 0xf0, 0x0, 0x0, 0x7, 0xff, 0xff, 0xff,
    0xff, 0xff, 0xff, 0xff, 0xff, 0xff, 0x70, 0x0,
    0x0, 0xdf, 0xff, 0xf9, 0x0, 0x0, 0x0, 0x0,
    0xbf, 0xff, 0xfd, 0x0, 0x0, 0x4f, 0xff, 0xff,
    0x30, 0x0, 0x0, 0x0, 0x5, 0xff, 0xff, 0xf5,
    0x0, 0xb, 0xff, 0xff, 0xd0, 0x0, 0x0, 0x0,
    0x0, 0xe, 0xff, 0xff, 0xc0, 0x2, 0xff, 0xff,
    0xf7, 0x0, 0x0, 0x0, 0x0, 0x0, 0x9f, 0xff,
    0xff, 0x30, 0x0, 0x0, 0x0, 0x0, 0x0, 0x0,
    0x0, 0x0, 0x0, 0xaf, 0xff, 0x70, 0x0, 0x0,
    0x0, 0x0, 0x0, 0x0, 0x0, 0x0, 0x0, 0x7f,
    0xfe, 0x20, 0x0, 0x0, 0x0, 0x0, 0x0, 0x0,
    0x0, 0x0, 0x0, 0xe, 0xff, 0x50, 0x0, 0x0,
    0x0, 0x0, 0x0, 0x0, 0x0, 0x0, 0x0, 0x0,
    0xff, 0xf4, 0x0, 0x0, 0x0, 0x0, 0x0, 0x0,
    0x0, 0x0, 0x0, 0x0, 0xe, 0xff, 0xfa, 0xc8,
    0x0, 0x0, 0x0, 0x0, 0x0, 0x0, 0x0, 0x0,
    0x0, 0x6f, 0xff, 0xff, 0xd0, 0x0, 0x0, 0x0,
    0x0, 0x0, 0x0, 0x0, 0x0, 0x0, 0x5c, 0xef,
    0xd9, 0x0,

    /* U+0105 "ą" */
    0x0, 0x2, 0x7b, 0xef, 0xfe, 0xc8, 0x20, 0x0,
    0x0, 0x2b, 0xff, 0xff, 0xff, 0xff, 0xff, 0x80,
    0x0, 0x2, 0xff, 0xff, 0xff, 0xff, 0xff, 0xff,
    0x80, 0x0, 0xa, 0xff, 0xff, 0xff, 0xff, 0xff,
    0xff, 0x20, 0x0, 0x2f, 0xb6, 0x43, 0x5a, 0xff,
    0xff, 0xf8, 0x0, 0x0, 0x10, 0x0, 0x0, 0x9,
    0xff, 0xff, 0xc0, 0x0, 0x2, 0x8b, 0xdd, 0xee,
    0xef, 0xff, 0xfe, 0x0, 0x8, 0xff, 0xff, 0xff,
    0xff, 0xff, 0xff, 0xe0, 0x7, 0xff, 0xff, 0xff,
    0xff, 0xff, 0xff, 0xff, 0x0, 0xef, 0xff, 0xf9,
    0x10, 0x6, 0xff, 0xff, 0xf0, 0x1f, 0xff, 0xff,
    0x0, 0x0, 0x7f, 0xff, 0xff, 0x1, 0xff, 0xff,
    0xf3, 0x0, 0x1e, 0xff, 0xff, 0xf0, 0xe, 0xff,
    0xff, 0xe9, 0x9e, 0xff, 0xff, 0xff, 0x0, 0x7f,
    0xff, 0xff, 0xff, 0xff, 0xff, 0xff, 0xf0, 0x0,
    0xaf, 0xff, 0xff, 0xff, 0x7f, 0xff, 0xff, 0x0,
    0x0, 0x5b, 0xef, 0xeb, 0x40, 0xff, 0xff, 0xf0,
    0x0, 0x0, 0x0, 0x0, 0x0, 0x4f, 0xff, 0xb3,
    0x0, 0x0, 0x0, 0x0, 0x0, 0x1f, 0xff, 0x60,
    0x0, 0x0, 0x0, 0x0, 0x0, 0x6, 0xff, 0xc0,
    0x0, 0x0, 0x0, 0x0, 0x0, 0x0, 0x7f, 0xfe,
    0x20, 0x40, 0x0, 0x0, 0x0, 0x0, 0x4, 0xff,
    0xff, 0xff, 0x20, 0x0, 0x0, 0x0, 0x0, 0x9,
    0xff, 0xff, 0xf7, 0x0, 0x0, 0x0, 0x0, 0x0,
    0x3, 0x79, 0x85, 0x0,

    /* U+0106 "Ć" */
    0x0, 0x0, 0x0, 0x0, 0x0, 0x0, 0xcf, 0xff,
    0xf5, 0x0, 0x0, 0x0, 0x0, 0x0, 0x0, 0x0,
    0xaf, 0xff, 0xe3, 0x0, 0x0, 0x0, 0x0, 0x0,
    0x0, 0x0, 0x7f, 0xff, 0xd2, 0x0, 0x0, 0x0,
    0x0, 0x0, 0x0, 0x0, 0x5f, 0xff, 0xc1, 0x0,
    0x0, 0x0, 0x0, 0x0, 0x0, 0x0, 0x7, 0x88,
    0x70, 0x0, 0x0, 0x0, 0x0, 0x0, 0x0, 0x0,
    0x0, 0x0, 0x0, 0x0, 0x0, 0x0, 0x0, 0x0,
    0x0, 0x0, 0x0, 0x0, 0x0, 0x0, 0x0, 0x0,
    0x0, 0x0, 0x0, 0x0, 0x0, 0x48, 0xce, 0xfe,
    0xda, 0x51, 0x0, 0x0, 0x0, 0x0, 0x4, 0xcf,
    0xff, 0xff, 0xff, 0xff, 0xf7, 0x0, 0x0, 0x0,
    0x8, 0xff, 0xff, 0xff, 0xff, 0xff, 0xff, 0xfc,
    0x0, 0x0, 0x9, 0xff, 0xff, 0xff, 0xff, 0xff,
    0xff, 0xff, 0xfc, 0x0, 0x6, 0xff, 0xff, 0xff,
    0xfe, 0xcc, 0xff, 0xff, 0xff, 0x60, 0x0, 0xef,
    0xff, 0xff, 0xd4, 0x0, 0x0, 0x5d, 0xff, 0x40,
    0x0, 0x6f, 0xff, 0xff, 0xc0, 0x0, 0x0, 0x0,
    0xa, 0x30, 0x0, 0xb, 0xff, 0xff, 0xf2, 0x0,
    0x0, 0x0, 0x0, 0x0, 0x0, 0x0, 0xef, 0xff,
    0xfc, 0x0, 0x0, 0x0, 0x0, 0x0, 0x0, 0x0,
    0xf, 0xff, 0xff, 0x90, 0x0, 0x0, 0x0, 0x0,
    0x0, 0x0, 0x0, 0xff, 0xff, 0xf9, 0x0, 0x0,
    0x0, 0x0, 0x0, 0x0, 0x0, 0xe, 0xff, 0xff,
    0xc0, 0x0, 0x0, 0x0, 0x0, 0x0, 0x0, 0x0,
    0xbf, 0xff, 0xff, 0x20, 0x0, 0x0, 0x0, 0x0,
    0x0, 0x0, 0x6, 0xff, 0xff, 0xfc, 0x0, 0x0,
    0x0, 0x0, 0xa3, 0x0, 0x0, 0xe, 0xff, 0xff,
    0xfd, 0x40, 0x0, 0x5, 0xdf, 0xf4, 0x0, 0x0,
    0x6f, 0xff, 0xff, 0xff, 0xfd, 0xdf, 0xff, 0xff,
    0xf6, 0x0, 0x0, 0x9f, 0xff, 0xff, 0xff, 0xff,
    0xff, 0xff, 0xff, 0xc0, 0x0, 0x0, 0x8f, 0xff,
    0xff, 0xff, 0xff, 0xff, 0xff, 0xc0, 0x0, 0x0,
    0x0, 0x4d, 0xff, 0xff, 0xff, 0xff, 0xff, 0x70,
    0x0, 0x0, 0x0, 0x0, 0x4, 0x8c, 0xef, 0xed,
    0xa5, 0x10, 0x0, 0x0,

    /* U+0107 "ć" */
    0x0, 0x0, 0x0, 0x0, 0x0, 0x78, 0x88, 0x71,
    0x0, 0x0, 0x0, 0x0, 0x0, 0xbf, 0xff, 0xf4,
    0x0, 0x0, 0x0, 0x0, 0x0, 0x8f, 0xff, 0xe3,
    0x0, 0x0, 0x0, 0x0, 0x0, 0x6f, 0xff, 0xc1,
    0x0, 0x0, 0x0, 0x0, 0x0, 0x3f, 0xff, 0xb0,
    0x0, 0x0, 0x0, 0x0, 0x0, 0x0, 0x0, 0x0,
    0x0, 0x0, 0x0, 0x0, 0x0, 0x0, 0x0, 0x0,
    0x0, 0x0, 0x0, 0x0, 0x0, 0x0, 0x39, 0xdf,
    0xfe, 0xc8, 0x10, 0x0, 0x0, 0x1, 0xaf, 0xff,
    0xff, 0xff, 0xff, 0x70, 0x0, 0x1, 0xef, 0xff,
    0xff, 0xff, 0xff, 0xff, 0x70, 0x0, 0xcf, 0xff,
    0xff, 0xff, 0xff, 0xff, 0xff, 0x30, 0x7f, 0xff,
    0xff, 0xf8, 0x69, 0xff, 0xff, 0xd3, 0xd, 0xff,
    0xff, 0xe1, 0x0, 0x3, 0xfd, 0x60, 0x1, 0xff,
    0xff, 0xf6, 0x0, 0x0, 0x3, 0x0, 0x0, 0x3f,
    0xff, 0xff, 0x30, 0x0, 0x0, 0x0, 0x0, 0x3,
    0xff, 0xff, 0xf3, 0x0, 0x0, 0x0, 0x0, 0x0,
    0x1f, 0xff, 0xff, 0x60, 0x0, 0x0, 0x30, 0x0,
    0x0, 0xdf, 0xff, 0xfe, 0x10, 0x0, 0x3f, 0xe6,
    0x0, 0x7, 0xff, 0xff, 0xff, 0x96, 0x9f, 0xff,
    0xfd, 0x30, 0xc, 0xff, 0xff, 0xff, 0xff, 0xff,
    0xff, 0xf2, 0x0, 0x1e, 0xff, 0xff, 0xff, 0xff,
    0xff, 0xf7, 0x0, 0x0, 0x1a, 0xff, 0xff, 0xff,
    0xff, 0xf6, 0x0, 0x0, 0x0, 0x3, 0x9d, 0xff,
    0xfc, 0x81, 0x0, 0x0,

    /* U+0108 "Ĉ" */
    0x0, 0x0, 0x0, 0x0, 0x2f, 0xff, 0xff, 0x40,
    0x0, 0x0, 0x0, 0x0, 0x0, 0x0, 0x1d, 0xff,
    0xff, 0xff, 0x20, 0x0, 0x0, 0x0, 0x0, 0x0,
    0xb, 0xff, 0xf7, 0xef, 0xfd, 0x0, 0x0, 0x0,
    0x0, 0x0, 0x8, 0xff, 0xf4, 0x2, 0xef, 0xfb,
    0x0, 0x0, 0x0, 0x0, 0x1, 0x78, 0x83, 0x0,
    0x2, 0x88, 0x82, 0x0, 0x0, 0x0, 0x0, 0x0,
    0x0, 0x0, 0x0, 0x0, 0x0, 0x0, 0x0, 0x0,
    0x0, 0x0, 0x0, 0x0, 0x0, 0x0, 0x0, 0x0,
    0x0, 0x0, 0x0, 0x0, 0x0, 0x48, 0xce, 0xfe,
    0xda, 0x51, 0x0, 0x0, 0x0, 0x0, 0x4, 0xcf,
    0xff, 0xff, 0xff, 0xff, 0xf7, 0x0, 0x0, 0x0,
    0x8, 0xff, 0xff, 0xff, 0xff, 0xff, 0xff, 0xfc,
    0x0, 0x0, 0x9, 0xff, 0xff, 0xff, 0xff, 0xff,
    0xff, 0xff, 0xfc, 0x0, 0x6, 0xff, 0xff, 0xff,
    0xfe, 0xcc, 0xff, 0xff, 0xff, 0x60, 0x0, 0xef,
    0xff, 0xff, 0xd4, 0x0, 0x0, 0x5d, 0xff, 0x40,
    0x0, 0x6f, 0xff, 0xff, 0xc0, 0x0, 0x0, 0x0,
    0xa, 0x30, 0x0, 0xb, 0xff, 0xff, 0xf2, 0x0,
    0x0, 0x0, 0x0, 0x0, 0x0, 0x0, 0xef, 0xff,
    0xfc, 0x0, 0x0, 0x0, 0x0, 0x0, 0x0, 0x0,
    0xf, 0xff, 0xff, 0x90, 0x0, 0x0, 0x0, 0x0,
    0x0, 0x0, 0x0, 0xff, 0xff, 0xf9, 0x0, 0x0,
    0x0, 0x0, 0x0, 0x0, 0x0, 0xe, 0xff, 0xff,
    0xc0, 0x0, 0x0, 0x0, 0x0, 0x0, 0x0, 0x0,
    0xbf, 0xff, 0xff, 0x20, 0x0, 0x0, 0x0, 0x0,
    0x0, 0x0, 0x6, 0xff, 0xff, 0xfc, 0x0, 0x0,
    0x0, 0x0, 0xa3, 0x0, 0x0, 0xe, 0xff, 0xff,
    0xfd, 0x40, 0x0, 0x5, 0xdf, 0xf4, 0x0, 0x0,
    0x6f, 0xff, 0xff, 0xff, 0xfd, 0xdf, 0xff, 0xff,
    0xf6, 0x0, 0x0, 0x9f, 0xff, 0xff, 0xff, 0xff,
    0xff, 0xff, 0xff, 0xc0, 0x0, 0x0, 0x8f, 0xff,
    0xff, 0xff, 0xff, 0xff, 0xff, 0xc0, 0x0, 0x0,
    0x0, 0x4d, 0xff, 0xff, 0xff, 0xff, 0xff, 0x70,
    0x0, 0x0, 0x0, 0x0, 0x4, 0x8c, 0xef, 0xed,
    0xa5, 0x10, 0x0, 0x0,

    /* U+0109 "ĉ" */
    0x0, 0x0, 0x0, 0x38, 0x88, 0x84, 0x0, 0x0,
    0x0, 0x0, 0x0, 0x1e, 0xff, 0xff, 0xf3, 0x0,
    0x0, 0x0, 0x0, 0xc, 0xff, 0xff, 0xff, 0xe1,
    0x0, 0x0, 0x0, 0xa, 0xff, 0xf5, 0x3e, 0xff,
    0xc0, 0x0, 0x0, 0x7, 0xff, 0xf4, 0x0, 0x2e,
    0xff, 0x90, 0x0, 0x0, 0x0, 0x0, 0x0, 0x0,
    0x0, 0x0, 0x0, 0x0, 0x0, 0x0, 0x0, 0x0,
    0x0, 0x0, 0x0, 0x0, 0x0, 0x0, 0x39, 0xdf,
    0xfe, 0xc8, 0x10, 0x0, 0x0, 0x1, 0xaf, 0xff,
    0xff, 0xff, 0xff, 0x70, 0x0, 0x1, 0xef, 0xff,
    0xff, 0xff, 0xff, 0xff, 0x70, 0x0, 0xcf, 0xff,
    0xff, 0xff, 0xff, 0xff, 0xff, 0x30, 0x7f, 0xff,
    0xff, 0xf8, 0x69, 0xff, 0xff, 0xd3, 0xd, 0xff,
    0xff, 0xe1, 0x0, 0x3, 0xfd, 0x60, 0x1, 0xff,
    0xff, 0xf6, 0x0, 0x0, 0x3, 0x0, 0x0, 0x3f,
    0xff, 0xff, 0x30, 0x0, 0x0, 0x0, 0x0, 0x3,
    0xff, 0xff, 0xf3, 0x0, 0x0, 0x0, 0x0, 0x0,
    0x1f, 0xff, 0xff, 0x60, 0x0, 0x0, 0x30, 0x0,
    0x0, 0xdf, 0xff, 0xfe, 0x10, 0x0, 0x3f, 0xe6,
    0x0, 0x7, 0xff, 0xff, 0xff, 0x96, 0x9f, 0xff,
    0xfd, 0x30, 0xc, 0xff, 0xff, 0xff, 0xff, 0xff,
    0xff, 0xf2, 0x0, 0x1e, 0xff, 0xff, 0xff, 0xff,
    0xff, 0xf7, 0x0, 0x0, 0x1a, 0xff, 0xff, 0xff,
    0xff, 0xf6, 0x0, 0x0, 0x0, 0x3, 0x9d, 0xff,
    0xfc, 0x81, 0x0, 0x0,

    /* U+010A "Ċ" */
    0x0, 0x0, 0x0, 0x0, 0x2, 0xbf, 0xc3, 0x0,
    0x0, 0x0, 0x0, 0x0, 0x0, 0x0, 0x0, 0xdf,
    0xff, 0xe1, 0x0, 0x0, 0x0, 0x0, 0x0, 0x0,
    0x0, 0x1f, 0xff, 0xff, 0x40, 0x0, 0x0, 0x0,
    0x0, 0x0, 0x0, 0x1, 0xff, 0xff, 0xf3, 0x0,
    0x0, 0x0, 0x0, 0x0, 0x0, 0x0, 0xa, 0xff,
    0xfd, 0x0, 0x0, 0x0, 0x0, 0x0, 0x0, 0x0,
    0x0, 0x7, 0xa8, 0x10, 0x0, 0x0, 0x0, 0x0,
    0x0, 0x0, 0x0, 0x0, 0x0, 0x0, 0x0, 0x0,
    0x0, 0x0, 0x0, 0x0, 0x0, 0x0, 0x0, 0x0,
    0x0, 0x0, 0x0, 0x0, 0x0, 0x0, 0x0, 0x4,
    0x8c, 0xef, 0xed, 0xa5, 0x10, 0x0, 0x0, 0x0,
    0x0, 0x4c, 0xff, 0xff, 0xff, 0xff, 0xff, 0x70,
    0x0, 0x0, 0x0, 0x8f, 0xff, 0xff, 0xff, 0xff,
    0xff, 0xff, 0xc0, 0x0, 0x0, 0x9f, 0xff, 0xff,
    0xff, 0xff, 0xff, 0xff, 0xff, 0xc0, 0x0, 0x6f,
    0xff, 0xff, 0xff, 0xec, 0xcf, 0xff, 0xff, 0xf6,
    0x0, 0xe, 0xff, 0xff, 0xfd, 0x40, 0x0, 0x5,
    0xdf, 0xf4, 0x0, 0x6, 0xff, 0xff, 0xfc, 0x0,
    0x0, 0x0, 0x0, 0xa3, 0x0, 0x0, 0xbf, 0xff,
    0xff, 0x20, 0x0, 0x0, 0x0, 0x0, 0x0, 0x0,
    0xe, 0xff, 0xff, 0xc0, 0x0, 0x0, 0x0, 0x0,
    0x0, 0x0, 0x0, 0xff, 0xff, 0xf9, 0x0, 0x0,
    0x0, 0x0, 0x0, 0x0, 0x0, 0xf, 0xff, 0xff,
    0x90, 0x0, 0x0, 0x0, 0x0, 0x0, 0x0, 0x0,
    0xef, 0xff, 0xfc, 0x0, 0x0, 0x0, 0x0, 0x0,
    0x0, 0x0, 0xb, 0xff, 0xff, 0xf2, 0x0, 0x0,
    0x0, 0x0, 0x0, 0x0, 0x0, 0x6f, 0xff, 0xff,
    0xc0, 0x0, 0x0, 0x0, 0xa, 0x30, 0x0, 0x0,
    0xef, 0xff, 0xff, 0xd4, 0x0, 0x0, 0x5d, 0xff,
    0x40, 0x0, 0x6, 0xff, 0xff, 0xff, 0xff, 0xdd,
    0xff, 0xff, 0xff, 0x60, 0x0, 0x9, 0xff, 0xff,
    0xff, 0xff, 0xff, 0xff, 0xff, 0xfc, 0x0, 0x0,
    0x8, 0xff, 0xff, 0xff, 0xff, 0xff, 0xff, 0xfc,
    0x0, 0x0, 0x0, 0x4, 0xdf, 0xff, 0xff, 0xff,
    0xff, 0xf7, 0x0, 0x0, 0x0, 0x0, 0x0, 0x48,
    0xce, 0xfe, 0xda, 0x51, 0x0, 0x0,

    /* U+010B "ċ" */
    0x0, 0x0, 0x0, 0x3, 0x9a, 0x40, 0x0, 0x0,
    0x0, 0x0, 0x0, 0x2, 0xff, 0xff, 0x50, 0x0,
    0x0, 0x0, 0x0, 0x0, 0x9f, 0xff, 0xfc, 0x0,
    0x0, 0x0, 0x0, 0x0, 0x9, 0xff, 0xff, 0xc0,
    0x0, 0x0, 0x0, 0x0, 0x0, 0x5f, 0xff, 0xf8,
    0x0, 0x0, 0x0, 0x0, 0x0, 0x0, 0x7e, 0xe9,
    0x0, 0x0, 0x0, 0x0, 0x0, 0x0, 0x0, 0x0,
    0x0, 0x0, 0x0, 0x0, 0x0, 0x0, 0x0, 0x0,
    0x0, 0x0, 0x0, 0x0, 0x0, 0x0, 0x3, 0x9d,
    0xff, 0xec, 0x81, 0x0, 0x0, 0x0, 0x1a, 0xff,
    0xff, 0xff, 0xff, 0xf7, 0x0, 0x0, 0x1e, 0xff,
    0xff, 0xff, 0xff, 0xff, 0xf7, 0x0, 0xc, 0xff,
    0xff, 0xff, 0xff, 0xff, 0xff, 0xf3, 0x7, 0xff,
    0xff, 0xff, 0x86, 0x9f, 0xff, 0xfd, 0x30, 0xdf,
    0xff, 0xfe, 0x10, 0x0, 0x3f, 0xd6, 0x0, 0x1f,
    0xff, 0xff, 0x60, 0x0, 0x0, 0x30, 0x0, 0x3,
    0xff, 0xff, 0xf3, 0x0, 0x0, 0x0, 0x0, 0x0,
    0x3f, 0xff, 0xff, 0x30, 0x0, 0x0, 0x0, 0x0,
    0x1, 0xff, 0xff, 0xf6, 0x0, 0x0, 0x3, 0x0,
    0x0, 0xd, 0xff, 0xff, 0xe1, 0x0, 0x3, 0xfe,
    0x60, 0x0, 0x7f, 0xff, 0xff, 0xf9, 0x69, 0xff,
    0xff, 0xd3, 0x0, 0xcf, 0xff, 0xff, 0xff, 0xff,
    0xff, 0xff, 0x20, 0x1, 0xef, 0xff, 0xff, 0xff,
    0xff, 0xff, 0x70, 0x0, 0x1, 0xaf, 0xff, 0xff,
    0xff, 0xff, 0x60, 0x0, 0x0, 0x0, 0x39, 0xdf,
    0xff, 0xc8, 0x10, 0x0,

    /* U+010C "Č" */
    0x0, 0x0, 0x1, 0xdf, 0xfb, 0x0, 0x8, 0xff,
    0xf2, 0x0, 0x0, 0x0, 0x0, 0x2, 0xff, 0xfb,
    0x9, 0xff, 0xf5, 0x0, 0x0, 0x0, 0x0, 0x0,
    0x5, 0xff, 0xfe, 0xff, 0xf8, 0x0, 0x0, 0x0,
    0x0, 0x0, 0x0, 0x8, 0xff, 0xff, 0xfb, 0x0,
    0x0, 0x0, 0x0, 0x0, 0x0, 0x0, 0x7, 0x88,
    0x87, 0x0, 0x0, 0x0, 0x0, 0x0, 0x0, 0x0,
    0x0, 0x0, 0x0, 0x0, 0x0, 0x0, 0x0, 0x0,
    0x0, 0x0, 0x0, 0x0, 0x0, 0x0, 0x0, 0x0,
    0x0, 0x0, 0x0, 0x0, 0x0, 0x48, 0xce, 0xfe,
    0xda, 0x51, 0x0, 0x0, 0x0, 0x0, 0x4, 0xcf,
    0xff, 0xff, 0xff, 0xff, 0xf7, 0x0, 0x0, 0x0,
    0x8, 0xff, 0xff, 0xff, 0xff, 0xff, 0xff, 0xfc,
    0x0, 0x0, 0x9, 0xff, 0xff, 0xff, 0xff, 0xff,
    0xff, 0xff, 0xfc, 0x0, 0x6, 0xff, 0xff, 0xff,
    0xfe, 0xcc, 0xff, 0xff, 0xff, 0x60, 0x0, 0xef,
    0xff, 0xff, 0xd4, 0x0, 0x0, 0x5d, 0xff, 0x40,
    0x0, 0x6f, 0xff, 0xff, 0xc0, 0x0, 0x0, 0x0,
    0xa, 0x30, 0x0, 0xb, 0xff, 0xff, 0xf2, 0x0,
    0x0, 0x0, 0x0, 0x0, 0x0, 0x0, 0xef, 0xff,
    0xfc, 0x0, 0x0, 0x0, 0x0, 0x0, 0x0, 0x0,
    0xf, 0xff, 0xff, 0x90, 0x0, 0x0, 0x0, 0x0,
    0x0, 0x0, 0x0, 0xff, 0xff, 0xf9, 0x0, 0x0,
    0x0, 0x0, 0x0, 0x0, 0x0, 0xe, 0xff, 0xff,
    0xc0, 0x0, 0x0, 0x0, 0x0, 0x0, 0x0, 0x0,
    0xbf, 0xff, 0xff, 0x20, 0x0, 0x0, 0x0, 0x0,
    0x0, 0x0, 0x6, 0xff, 0xff, 0xfc, 0x0, 0x0,
    0x0, 0x0, 0xa3, 0x0, 0x0, 0xe, 0xff, 0xff,
    0xfd, 0x40, 0x0, 0x5, 0xdf, 0xf4, 0x0, 0x0,
    0x6f, 0xff, 0xff, 0xff, 0xfd, 0xdf, 0xff, 0xff,
    0xf6, 0x0, 0x0, 0x9f, 0xff, 0xff, 0xff, 0xff,
    0xff, 0xff, 0xff, 0xc0, 0x0, 0x0, 0x8f, 0xff,
    0xff, 0xff, 0xff, 0xff, 0xff, 0xc0, 0x0, 0x0,
    0x0, 0x4d, 0xff, 0xff, 0xff, 0xff, 0xff, 0x70,
    0x0, 0x0, 0x0, 0x0, 0x4, 0x8c, 0xef, 0xed,
    0xa5, 0x10, 0x0, 0x0,

    /* U+010D "č" */
    0x0, 0x5, 0x88, 0x70, 0x0, 0x6, 0x88, 0x60,
    0x0, 0x0, 0x1e, 0xff, 0xb0, 0x8, 0xff, 0xf3,
    0x0, 0x0, 0x0, 0x3f, 0xff, 0xca, 0xff, 0xf6,
    0x0, 0x0, 0x0, 0x0, 0x6f, 0xff, 0xff, 0xf9,
    0x0, 0x0, 0x0, 0x0, 0x0, 0x9f, 0xff, 0xfc,
    0x0, 0x0, 0x0, 0x0, 0x0, 0x0, 0x0, 0x0,
    0x0, 0x0, 0x0, 0x0, 0x0, 0x0, 0x0, 0x0,
    0x0, 0x0, 0x0, 0x0, 0x0, 0x0, 0x39, 0xdf,
    0xfe, 0xc8, 0x10, 0x0, 0x0, 0x1, 0xaf, 0xff,
    0xff, 0xff, 0xff, 0x70, 0x0, 0x1, 0xef, 0xff,
    0xff, 0xff, 0xff, 0xff, 0x70, 0x0, 0xcf, 0xff,
    0xff, 0xff, 0xff, 0xff, 0xff, 0x30, 0x7f, 0xff,
    0xff, 0xf8, 0x69, 0xff, 0xff, 0xd3, 0xd, 0xff,
    0xff, 0xe1, 0x0, 0x3, 0xfd, 0x60, 0x1, 0xff,
    0xff, 0xf6, 0x0, 0x0, 0x3, 0x0, 0x0, 0x3f,
    0xff, 0xff, 0x30, 0x0, 0x0, 0x0, 0x0, 0x3,
    0xff, 0xff, 0xf3, 0x0, 0x0, 0x0, 0x0, 0x0,
    0x1f, 0xff, 0xff, 0x60, 0x0, 0x0, 0x30, 0x0,
    0x0, 0xdf, 0xff, 0xfe, 0x10, 0x0, 0x3f, 0xe6,
    0x0, 0x7, 0xff, 0xff, 0xff, 0x96, 0x9f, 0xff,
    0xfd, 0x30, 0xc, 0xff, 0xff, 0xff, 0xff, 0xff,
    0xff, 0xf2, 0x0, 0x1e, 0xff, 0xff, 0xff, 0xff,
    0xff, 0xf7, 0x0, 0x0, 0x1a, 0xff, 0xff, 0xff,
    0xff, 0xf6, 0x0, 0x0, 0x0, 0x3, 0x9d, 0xff,
    0xfc, 0x81, 0x0, 0x0,

    /* U+010E "Ď" */
    0x0, 0x4, 0x88, 0x70, 0x0, 0x5, 0x88, 0x70,
    0x0, 0x0, 0x0, 0x0, 0x0, 0xdf, 0xfc, 0x10,
    0x7f, 0xff, 0x50, 0x0, 0x0, 0x0, 0x0, 0x0,
    0x2f, 0xff, 0xd8, 0xff, 0xf8, 0x0, 0x0, 0x0,
    0x0, 0x0, 0x0, 0x4, 0xff, 0xff, 0xff, 0xb0,
    0x0, 0x0, 0x0, 0x0, 0x0, 0x0, 0x0, 0x7f,
    0xff, 0xfd, 0x10, 0x0, 0x0, 0x0, 0x0, 0x0,
    0x0, 0x0, 0x0, 0x0, 0x0, 0x0, 0x0, 0x0,
    0x0, 0x0, 0x0, 0x0, 0x0, 0x0, 0x0, 0x0,
    0x0, 0x0, 0x0, 0x0, 0x0, 0xf, 0xff, 0xff,
    0xff, 0xff, 0xfe, 0xda, 0x50, 0x0, 0x0, 0x0,
    0xf, 0xff, 0xff, 0xff, 0xff, 0xff, 0xff, 0xfe,
    0x70, 0x0, 0x0, 0xf, 0xff, 0xff, 0xff, 0xff,
    0xff, 0xff, 0xff, 0xfc, 0x10, 0x0, 0xf, 0xff,
    0xff, 0xff, 0xff, 0xff, 0xff, 0xff, 0xff, 0xd0,
    0x0, 0xf, 0xff, 0xff, 0xc9, 0x99, 0x9c, 0xff,
    0xff, 0xff, 0xfa, 0x0, 0xf, 0xff, 0xff, 0x80,
    0x0, 0x0, 0x19, 0xff, 0xff, 0xff, 0x30, 0xf,
    0xff, 0xff, 0x80, 0x0, 0x0, 0x0, 0x8f, 0xff,
    0xff, 0x90, 0xf, 0xff, 0xff, 0x80, 0x0, 0x0,
    0x0, 0xe, 0xff, 0xff, 0xe0, 0xf, 0xff, 0xff,
    0x80, 0x0, 0x0, 0x0, 0x9, 0xff, 0xff, 0xf1,
    0xf, 0xff, 0xff, 0x80, 0x0, 0x0, 0x0, 0x7,
    0xff, 0xff, 0xf2, 0xf, 0xff, 0xff, 0x80, 0x0,
    0x0, 0x0, 0x7, 0xff, 0xff, 0xf2, 0xf, 0xff,
    0xff, 0x80, 0x0, 0x0, 0x0, 0x9, 0xff, 0xff,
    0xf1, 0xf, 0xff, 0xff, 0x80, 0x0, 0x0, 0x0,
    0xe, 0xff, 0xff, 0xe0, 0xf, 0xff, 0xff, 0x80,
    0x0, 0x0, 0x0, 0x8f, 0xff, 0xff, 0x90, 0xf,
    0xff, 0xff, 0x80, 0x0, 0x0, 0x19, 0xff, 0xff,
    0xff, 0x30, 0xf, 0xff, 0xff, 0xc9, 0x99, 0xac,
    0xff, 0xff, 0xff, 0xfa, 0x0, 0xf, 0xff, 0xff,
    0xff, 0xff, 0xff, 0xff, 0xff, 0xff, 0xd0, 0x0,
    0xf, 0xff, 0xff, 0xff, 0xff, 0xff, 0xff, 0xff,
    0xfc, 0x10, 0x0, 0xf, 0xff, 0xff, 0xff, 0xff,
    0xff, 0xff, 0xfe, 0x70, 0x0, 0x0, 0xf, 0xff,
    0xff, 0xff, 0xff, 0xff, 0xda, 0x50, 0x0, 0x0,
    0x0,

    /* U+010F "ď" */
    0x0, 0x0, 0x0, 0x0, 0x0, 0x0, 0x0, 0x0,
    0x0, 0x0, 0xff, 0xfc, 0x0, 0x0, 0x0, 0x0,
    0x0, 0x0, 0x49, 0x99, 0x97, 0x0, 0xff, 0xfa,
    0x0, 0x0, 0x0, 0x0, 0x0, 0x0, 0x7f, 0xff,
    0xfd, 0x0, 0xff, 0xf9, 0x0, 0x0, 0x0, 0x0,
    0x0, 0x0, 0x7f, 0xff, 0xfd, 0x0, 0xff, 0xf7,
    0x0, 0x0, 0x0, 0x0, 0x0, 0x0, 0x7f, 0xff,
    0xfd, 0x0, 0xff, 0xf5, 0x0, 0x0, 0x0, 0x0,
    0x0, 0x0, 0x7f, 0xff, 0xfd, 0x0, 0xff, 0xf3,
    0x0, 0x0, 0x0, 0x0, 0x0, 0x0, 0x7f, 0xff,
    0xfd, 0x0, 0x0, 0x0, 0x0, 0x0, 0x6, 0xce,
    0xfe, 0xa2, 0x7f, 0xff, 0xfd, 0x0, 0x0, 0x0,
    0x0, 0x3, 0xef, 0xff, 0xff, 0xff, 0xcf, 0xff,
    0xfd, 0x0, 0x0, 0x0, 0x0, 0x4f, 0xff, 0xff,
    0xff, 0xff, 0xff, 0xff, 0xfd, 0x0, 0x0, 0x0,
    0x1, 0xef, 0xff, 0xff, 0xff, 0xff, 0xff, 0xff,
    0xfd, 0x0, 0x0, 0x0, 0x7, 0xff, 0xff, 0xff,
    0x86, 0x9f, 0xff, 0xff, 0xfd, 0x0, 0x0, 0x0,
    0xd, 0xff, 0xff, 0xf2, 0x0, 0x4, 0xff, 0xff,
    0xfd, 0x0, 0x0, 0x0, 0xf, 0xff, 0xff, 0x80,
    0x0, 0x0, 0xaf, 0xff, 0xfd, 0x0, 0x0, 0x0,
    0x1f, 0xff, 0xff, 0x50, 0x0, 0x0, 0x7f, 0xff,
    0xfd, 0x0, 0x0, 0x0, 0x1f, 0xff, 0xff, 0x50,
    0x0, 0x0, 0x7f, 0xff, 0xfd, 0x0, 0x0, 0x0,
    0xf, 0xff, 0xff, 0x80, 0x0, 0x0, 0xaf, 0xff,
    0xfd, 0x0, 0x0, 0x0, 0xc, 0xff, 0xff, 0xf2,
    0x0, 0x4, 0xff, 0xff, 0xfd, 0x0, 0x0, 0x0,
    0x7, 0xff, 0xff, 0xff, 0x97, 0x9f, 0xff, 0xff,
    0xfd, 0x0, 0x0, 0x0, 0x1, 0xef, 0xff, 0xff,
    0xff, 0xff, 0xff, 0xff, 0xfd, 0x0, 0x0, 0x0,
    0x0, 0x3f, 0xff, 0xff, 0xff, 0xff, 0xff, 0xff,
    0xfd, 0x0, 0x0, 0x0, 0x0, 0x3, 0xef, 0xff,
    0xff, 0xff, 0xbf, 0xff, 0xfd, 0x0, 0x0, 0x0,
    0x0, 0x0, 0x6, 0xce, 0xfe, 0xb4, 0x3f, 0xff,
    0xfd, 0x0, 0x0, 0x0,

    /* U+0110 "Đ" */
    0x0, 0x9, 0xff, 0xff, 0xff, 0xff, 0xff, 0xeb,
    0x72, 0x0, 0x0, 0x0, 0x0, 0x9, 0xff, 0xff,
    0xff, 0xff, 0xff, 0xff, 0xff, 0xb2, 0x0, 0x0,
    0x0, 0x9, 0xff, 0xff, 0xff, 0xff, 0xff, 0xff,
    0xff, 0xff, 0x50, 0x0, 0x0, 0x9, 0xff, 0xff,
    0xff, 0xff, 0xff, 0xff, 0xff, 0xff, 0xf5, 0x0,
    0x0, 0x9, 0xff, 0xff, 0xf9, 0x99, 0x9a, 0xef,
    0xff, 0xff, 0xff, 0x20, 0x0, 0x9, 0xff, 0xff,
    0xf0, 0x0, 0x0, 0x5, 0xef, 0xff, 0xff, 0xa0,
    0x0, 0x9, 0xff, 0xff, 0xf0, 0x0, 0x0, 0x0,
    0x2f, 0xff, 0xff, 0xf1, 0x0, 0x9, 0xff, 0xff,
    0xf0, 0x0, 0x0, 0x0, 0x7, 0xff, 0xff, 0xf5,
    0x1f, 0xff, 0xff, 0xff, 0xff, 0xff, 0xf8, 0x0,
    0x2, 0xff, 0xff, 0xf8, 0x1f, 0xff, 0xff, 0xff,
    0xff, 0xff, 0xf8, 0x0, 0x0, 0xff, 0xff, 0xfa,
    0x1f, 0xff, 0xff, 0xff, 0xff, 0xff, 0xf8, 0x0,
    0x0, 0xff, 0xff, 0xf9, 0x8, 0x8f, 0xff, 0xff,
    0xf8, 0x88, 0x84, 0x0, 0x2, 0xff, 0xff, 0xf8,
    0x0, 0x9, 0xff, 0xff, 0xf0, 0x0, 0x0, 0x0,
    0x7, 0xff, 0xff, 0xf5, 0x0, 0x9, 0xff, 0xff,
    0xf0, 0x0, 0x0, 0x0, 0x2e, 0xff, 0xff, 0xf1,
    0x0, 0x9, 0xff, 0xff, 0xf0, 0x0, 0x0, 0x5,
    0xef, 0xff, 0xff, 0xa0, 0x0, 0x9, 0xff, 0xff,
    0xf9, 0x99, 0x9a, 0xef, 0xff, 0xff, 0xff, 0x20,
    0x0, 0x9, 0xff, 0xff, 0xff, 0xff, 0xff, 0xff,
    0xff, 0xff, 0xf5, 0x0, 0x0, 0x9, 0xff, 0xff,
    0xff, 0xff, 0xff, 0xff, 0xff, 0xff, 0x50, 0x0,
    0x0, 0x9, 0xff, 0xff, 0xff, 0xff, 0xff, 0xff,
    0xff, 0xb2, 0x0, 0x0, 0x0, 0x9, 0xff, 0xff,
    0xff, 0xff, 0xff, 0xeb, 0x72, 0x0, 0x0, 0x0,

    /* U+0111 "đ" */
    0x0, 0x0, 0x0, 0x0, 0x0, 0x0, 0x7f, 0xff,
    0xfd, 0x0, 0x0, 0x0, 0x0, 0x0, 0x0, 0x0,
    0x7f, 0xff, 0xfd, 0x0, 0x0, 0x0, 0x0, 0x2,
    0xff, 0xff, 0xff, 0xff, 0xff, 0xf9, 0x0, 0x0,
    0x0, 0x2, 0xff, 0xff, 0xff, 0xff, 0xff, 0xf9,
    0x0, 0x0, 0x0, 0x2, 0xee, 0xee, 0xff, 0xff,
    0xff, 0xe8, 0x0, 0x0, 0x0, 0x0, 0x0, 0x0,
    0x7f, 0xff, 0xfd, 0x0, 0x0, 0x0, 0x6, 0xce,
    0xfe, 0xa2, 0x7f, 0xff, 0xfd, 0x0, 0x0, 0x3,
    0xef, 0xff, 0xff, 0xff, 0xcf, 0xff, 0xfd, 0x0,
    0x0, 0x4f, 0xff, 0xff, 0xff, 0xff, 0xff, 0xff,
    0xfd, 0x0, 0x1, 0xef, 0xff, 0xff, 0xff, 0xff,
    0xff, 0xff, 0xfd, 0x0, 0x7, 0xff, 0xff, 0xff,
    0x86, 0x9f, 0xff, 0xff, 0xfd, 0x0, 0xd, 0xff,
    0xff, 0xf2, 0x0, 0x4, 0xff, 0xff, 0xfd, 0x0,
    0xf, 0xff, 0xff, 0x80, 0x0, 0x0, 0xaf, 0xff,
    0xfd, 0x0, 0x1f, 0xff, 0xff, 0x50, 0x0, 0x0,
    0x7f, 0xff, 0xfd, 0x0, 0x1f, 0xff, 0xff, 0x50,
    0x0, 0x0, 0x7f, 0xff, 0xfd, 0x0, 0xf, 0xff,
    0xff, 0x80, 0x0, 0x0, 0xaf, 0xff, 0xfd, 0x0,
    0xc, 0xff, 0xff, 0xf2, 0x0, 0x4, 0xff, 0xff,
    0xfd, 0x0, 0x7, 0xff, 0xff, 0xff, 0x97, 0x9f,
    0xff, 0xff, 0xfd, 0x0, 0x1, 0xef, 0xff, 0xff,
    0xff, 0xff, 0xff, 0xff, 0xfd, 0x0, 0x0, 0x3f,
    0xff, 0xff, 0xff, 0xff, 0xff, 0xff, 0xfd, 0x0,
    0x0, 0x3, 0xef, 0xff, 0xff, 0xff, 0xbf, 0xff,
    0xfd, 0x0, 0x0, 0x0, 0x6, 0xce, 0xfe, 0xb4,
    0x3f, 0xff, 0xfd, 0x0,

    /* U+0112 "Ē" */
    0x0, 0xd, 0xff, 0xff, 0xff, 0xff, 0xff, 0x20,
    0x0, 0x0, 0xdf, 0xff, 0xff, 0xff, 0xff, 0xf2,
    0x0, 0x0, 0xd, 0xff, 0xff, 0xff, 0xff, 0xff,
    0x20, 0x0, 0x0, 0x0, 0x0, 0x0, 0x0, 0x0,
    0x0, 0x0, 0x0, 0x0, 0x0, 0x0, 0x0, 0x0,
    0x0, 0x0, 0x0, 0x0, 0x0, 0x0, 0x0, 0x0,
    0x0, 0x0, 0x0, 0xf, 0xff, 0xff, 0xff, 0xff,
    0xff, 0xff, 0xff, 0x50, 0xff, 0xff, 0xff, 0xff,
    0xff, 0xff, 0xff, 0xf5, 0xf, 0xff, 0xff, 0xff,
    0xff, 0xff, 0xff, 0xff, 0x50, 0xff, 0xff, 0xff,
    0xff, 0xff, 0xff, 0xff, 0xf5, 0xf, 0xff, 0xff,
    0xb7, 0x77, 0x77, 0x77, 0x77, 0x20, 0xff, 0xff,
    0xf7, 0x0, 0x0, 0x0, 0x0, 0x0, 0xf, 0xff,
    0xff, 0x70, 0x0, 0x0, 0x0, 0x0, 0x0, 0xff,
    0xff, 0xf9, 0x55, 0x55, 0x55, 0x55, 0x0, 0xf,
    0xff, 0xff, 0xff, 0xff, 0xff, 0xff, 0xf2, 0x0,
    0xff, 0xff, 0xff, 0xff, 0xff, 0xff, 0xff, 0x20,
    0xf, 0xff, 0xff, 0xff, 0xff, 0xff, 0xff, 0xf2,
    0x0, 0xff, 0xff, 0xff, 0xff, 0xff, 0xff, 0xff,
    0x20, 0xf, 0xff, 0xff, 0x70, 0x0, 0x0, 0x0,
    0x0, 0x0, 0xff, 0xff, 0xf7, 0x0, 0x0, 0x0,
    0x0, 0x0, 0xf, 0xff, 0xff, 0x70, 0x0, 0x0,
    0x0, 0x0, 0x0, 0xff, 0xff, 0xfb, 0x77, 0x77,
    0x77, 0x77, 0x74, 0xf, 0xff, 0xff, 0xff, 0xff,
    0xff, 0xff, 0xff, 0xb0, 0xff, 0xff, 0xff, 0xff,
    0xff, 0xff, 0xff, 0xfb, 0xf, 0xff, 0xff, 0xff,
    0xff, 0xff, 0xff, 0xff, 0xb0, 0xff, 0xff, 0xff,
    0xff, 0xff, 0xff, 0xff, 0xfb,

    /* U+0113 "ē" */
    0x0, 0x8, 0xff, 0xff, 0xff, 0xff, 0xff, 0x70,
    0x0, 0x0, 0x8, 0xff, 0xff, 0xff, 0xff, 0xff,
    0x80, 0x0, 0x0, 0x8, 0xff, 0xff, 0xff, 0xff,
    0xff, 0x80, 0x0, 0x0, 0x0, 0x0, 0x0, 0x0,
    0x0, 0x0, 0x0, 0x0, 0x0, 0x0, 0x0, 0x0,
    0x0, 0x0, 0x0, 0x0, 0x0, 0x0, 0x0, 0x0,
    0x0, 0x0, 0x0, 0x0, 0x0, 0x0, 0x0, 0x0,
    0x4, 0xad, 0xff, 0xda, 0x50, 0x0, 0x0, 0x0,
    0x1, 0xbf, 0xff, 0xff, 0xff, 0xfd, 0x30, 0x0,
    0x0, 0x2e, 0xff, 0xff, 0xff, 0xff, 0xff, 0xf4,
    0x0, 0x0, 0xdf, 0xff, 0xff, 0xff, 0xff, 0xff,
    0xff, 0x20, 0x7, 0xff, 0xff, 0xe4, 0x0, 0x3c,
    0xff, 0xff, 0x90, 0xe, 0xff, 0xff, 0x40, 0x0,
    0x1, 0xff, 0xff, 0xe0, 0x1f, 0xff, 0xff, 0xee,
    0xee, 0xee, 0xff, 0xff, 0xf2, 0x3f, 0xff, 0xff,
    0xff, 0xff, 0xff, 0xff, 0xff, 0xf3, 0x3f, 0xff,
    0xff, 0xff, 0xff, 0xff, 0xff, 0xff, 0xf2, 0x1f,
    0xff, 0xff, 0x50, 0x0, 0x0, 0x0, 0x0, 0x0,
    0xd, 0xff, 0xff, 0xd1, 0x0, 0x0, 0x16, 0x0,
    0x0, 0x7, 0xff, 0xff, 0xfd, 0x74, 0x48, 0xff,
    0x60, 0x0, 0x0, 0xcf, 0xff, 0xff, 0xff, 0xff,
    0xff, 0xf4, 0x0, 0x0, 0x1d, 0xff, 0xff, 0xff,
    0xff, 0xff, 0xfd, 0x0, 0x0, 0x0, 0xaf, 0xff,
    0xff, 0xff, 0xff, 0xc1, 0x0, 0x0, 0x0, 0x3,
    0x8c, 0xff, 0xed, 0x94, 0x0, 0x0,

    /* U+0114 "Ĕ" */
    0x0, 0x6, 0x88, 0x30, 0x0, 0x18, 0x88, 0x0,
    0x0, 0x0, 0xaf, 0xfd, 0x10, 0x9, 0xff, 0xf0,
    0x0, 0x0, 0x4, 0xff, 0xff, 0xce, 0xff, 0xf9,
    0x0, 0x0, 0x0, 0x8, 0xff, 0xff, 0xff, 0xfc,
    0x0, 0x0, 0x0, 0x0, 0x3, 0xae, 0xff, 0xc6,
    0x0, 0x0, 0x0, 0x0, 0x0, 0x0, 0x0, 0x0,
    0x0, 0x0, 0x0, 0x0, 0x0, 0x0, 0x0, 0x0,
    0x0, 0x0, 0x0, 0x0, 0xff, 0xff, 0xff, 0xff,
    0xff, 0xff, 0xff, 0xf5, 0xf, 0xff, 0xff, 0xff,
    0xff, 0xff, 0xff, 0xff, 0x50, 0xff, 0xff, 0xff,
    0xff, 0xff, 0xff, 0xff, 0xf5, 0xf, 0xff, 0xff,
    0xff, 0xff, 0xff, 0xff, 0xff, 0x50, 0xff, 0xff,
    0xfb, 0x77, 0x77, 0x77, 0x77, 0x72, 0xf, 0xff,
    0xff, 0x70, 0x0, 0x0, 0x0, 0x0, 0x0, 0xff,
    0xff, 0xf7, 0x0, 0x0, 0x0, 0x0, 0x0, 0xf,
    0xff, 0xff, 0x95, 0x55, 0x55, 0x55, 0x50, 0x0,
    0xff, 0xff, 0xff, 0xff, 0xff, 0xff, 0xff, 0x20,
    0xf, 0xff, 0xff, 0xff, 0xff, 0xff, 0xff, 0xf2,
    0x0, 0xff, 0xff, 0xff, 0xff, 0xff, 0xff, 0xff,
    0x20, 0xf, 0xff, 0xff, 0xff, 0xff, 0xff, 0xff,
    0xf2, 0x0, 0xff, 0xff, 0xf7, 0x0, 0x0, 0x0,
    0x0, 0x0, 0xf, 0xff, 0xff, 0x70, 0x0, 0x0,
    0x0, 0x0, 0x0, 0xff, 0xff, 0xf7, 0x0, 0x0,
    0x0, 0x0, 0x0, 0xf, 0xff, 0xff, 0xb7, 0x77,
    0x77, 0x77, 0x77, 0x40, 0xff, 0xff, 0xff, 0xff,
    0xff, 0xff, 0xff, 0xfb, 0xf, 0xff, 0xff, 0xff,
    0xff, 0xff, 0xff, 0xff, 0xb0, 0xff, 0xff, 0xff,
    0xff, 0xff, 0xff, 0xff, 0xfb, 0xf, 0xff, 0xff,
    0xff, 0xff, 0xff, 0xff, 0xff, 0xb0,

    /* U+0115 "ĕ" */
    0x0, 0x3, 0x88, 0x60, 0x0, 0x6, 0x88, 0x30,
    0x0, 0x0, 0x6, 0xff, 0xf0, 0x0, 0xf, 0xff,
    0x50, 0x0, 0x0, 0x1, 0xff, 0xfa, 0x11, 0xbf,
    0xff, 0x10, 0x0, 0x0, 0x0, 0x9f, 0xff, 0xff,
    0xff, 0xf8, 0x0, 0x0, 0x0, 0x0, 0xa, 0xff,
    0xff, 0xff, 0x90, 0x0, 0x0, 0x0, 0x0, 0x0,
    0x39, 0xbb, 0x83, 0x0, 0x0, 0x0, 0x0, 0x0,
    0x0, 0x0, 0x0, 0x0, 0x0, 0x0, 0x0, 0x0,
    0x0, 0x4, 0xad, 0xff, 0xda, 0x50, 0x0, 0x0,
    0x0, 0x1, 0xbf, 0xff, 0xff, 0xff, 0xfd, 0x30,
    0x0, 0x0, 0x2e, 0xff, 0xff, 0xff, 0xff, 0xff,
    0xf4, 0x0, 0x0, 0xdf, 0xff, 0xff, 0xff, 0xff,
    0xff, 0xff, 0x20, 0x7, 0xff, 0xff, 0xe4, 0x0,
    0x3c, 0xff, 0xff, 0x90, 0xe, 0xff, 0xff, 0x40,
    0x0, 0x1, 0xff, 0xff, 0xe0, 0x1f, 0xff, 0xff,
    0xee, 0xee, 0xee, 0xff, 0xff, 0xf2, 0x3f, 0xff,
    0xff, 0xff, 0xff, 0xff, 0xff, 0xff, 0xf3, 0x3f,
    0xff, 0xff, 0xff, 0xff, 0xff, 0xff, 0xff, 0xf2,
    0x1f, 0xff, 0xff, 0x50, 0x0, 0x0, 0x0, 0x0,
    0x0, 0xd, 0xff, 0xff, 0xd1, 0x0, 0x0, 0x16,
    0x0, 0x0, 0x7, 0xff, 0xff, 0xfd, 0x74, 0x48,
    0xff, 0x60, 0x0, 0x0, 0xcf, 0xff, 0xff, 0xff,
    0xff, 0xff, 0xf4, 0x0, 0x0, 0x1d, 0xff, 0xff,
    0xff, 0xff, 0xff, 0xfd, 0x0, 0x0, 0x0, 0xaf,
    0xff, 0xff, 0xff, 0xff, 0xc1, 0x0, 0x0, 0x0,
    0x3, 0x8c, 0xff, 0xed, 0x94, 0x0, 0x0,

    /* U+0116 "Ė" */
    0x0, 0x0, 0x0, 0x6, 0xa8, 0x10, 0x0, 0x0,
    0x0, 0x0, 0x0, 0x9, 0xff, 0xfd, 0x0, 0x0,
    0x0, 0x0, 0x0, 0x0, 0xff, 0xff, 0xf5, 0x0,
    0x0, 0x0, 0x0, 0x0, 0xf, 0xff, 0xff, 0x50,
    0x0, 0x0, 0x0, 0x0, 0x0, 0xcf, 0xff, 0xf1,
    0x0, 0x0, 0x0, 0x0, 0x0, 0x1, 0xbf, 0xd4,
    0x0, 0x0, 0x0, 0x0, 0x0, 0x0, 0x0, 0x0,
    0x0, 0x0, 0x0, 0x0, 0x0, 0x0, 0x0, 0x0,
    0x0, 0x0, 0x0, 0x0, 0xf, 0xff, 0xff, 0xff,
    0xff, 0xff, 0xff, 0xff, 0x50, 0xff, 0xff, 0xff,
    0xff, 0xff, 0xff, 0xff, 0xf5, 0xf, 0xff, 0xff,
    0xff, 0xff, 0xff, 0xff, 0xff, 0x50, 0xff, 0xff,
    0xff, 0xff, 0xff, 0xff, 0xff, 0xf5, 0xf, 0xff,
    0xff, 0xb7, 0x77, 0x77, 0x77, 0x77, 0x20, 0xff,
    0xff, 0xf7, 0x0, 0x0, 0x0, 0x0, 0x0, 0xf,
    0xff, 0xff, 0x70, 0x0, 0x0, 0x0, 0x0, 0x0,
    0xff, 0xff, 0xf9, 0x55, 0x55, 0x55, 0x55, 0x0,
    0xf, 0xff, 0xff, 0xff, 0xff, 0xff, 0xff, 0xf2,
    0x0, 0xff, 0xff, 0xff, 0xff, 0xff, 0xff, 0xff,
    0x20, 0xf, 0xff, 0xff, 0xff, 0xff, 0xff, 0xff,
    0xf2, 0x0, 0xff, 0xff, 0xff, 0xff, 0xff, 0xff,
    0xff, 0x20, 0xf, 0xff, 0xff, 0x70, 0x0, 0x0,
    0x0, 0x0, 0x0, 0xff, 0xff, 0xf7, 0x0, 0x0,
    0x0, 0x0, 0x0, 0xf, 0xff, 0xff, 0x70, 0x0,
    0x0, 0x0, 0x0, 0x0, 0xff, 0xff, 0xfb, 0x77,
    0x77, 0x77, 0x77, 0x74, 0xf, 0xff, 0xff, 0xff,
    0xff, 0xff, 0xff, 0xff, 0xb0, 0xff, 0xff, 0xff,
    0xff, 0xff, 0xff, 0xff, 0xfb, 0xf, 0xff, 0xff,
    0xff, 0xff, 0xff, 0xff, 0xff, 0xb0, 0xff, 0xff,
    0xff, 0xff, 0xff, 0xff, 0xff, 0xfb,

    /* U+0117 "ė" */
    0x0, 0x0, 0x0, 0x4, 0xa9, 0x30, 0x0, 0x0,
    0x0, 0x0, 0x0, 0x0, 0x4f, 0xff, 0xf4, 0x0,
    0x0, 0x0, 0x0, 0x0, 0x0, 0xaf, 0xff, 0xfa,
    0x0, 0x0, 0x0, 0x0, 0x0, 0x0, 0xbf, 0xff,
    0xfb, 0x0, 0x0, 0x0, 0x0, 0x0, 0x0, 0x6f,
    0xff, 0xf6, 0x0, 0x0, 0x0, 0x0, 0x0, 0x0,
    0x8, 0xee, 0x80, 0x0, 0x0, 0x0, 0x0, 0x0,
    0x0, 0x0, 0x0, 0x0, 0x0, 0x0, 0x0, 0x0,
    0x0, 0x0, 0x0, 0x0, 0x0, 0x0, 0x0, 0x0,
    0x0, 0x0, 0x4, 0xad, 0xff, 0xda, 0x50, 0x0,
    0x0, 0x0, 0x1, 0xbf, 0xff, 0xff, 0xff, 0xfd,
    0x30, 0x0, 0x0, 0x2e, 0xff, 0xff, 0xff, 0xff,
    0xff, 0xf4, 0x0, 0x0, 0xdf, 0xff, 0xff, 0xff,
    0xff, 0xff, 0xff, 0x20, 0x7, 0xff, 0xff, 0xe4,
    0x0, 0x3c, 0xff, 0xff, 0x90, 0xe, 0xff, 0xff,
    0x40, 0x0, 0x1, 0xff, 0xff, 0xe0, 0x1f, 0xff,
    0xff, 0xee, 0xee, 0xee, 0xff, 0xff, 0xf2, 0x3f,
    0xff, 0xff, 0xff, 0xff, 0xff, 0xff, 0xff, 0xf3,
    0x3f, 0xff, 0xff, 0xff, 0xff, 0xff, 0xff, 0xff,
    0xf2, 0x1f, 0xff, 0xff, 0x50, 0x0, 0x0, 0x0,
    0x0, 0x0, 0xd, 0xff, 0xff, 0xd1, 0x0, 0x0,
    0x16, 0x0, 0x0, 0x7, 0xff, 0xff, 0xfd, 0x74,
    0x48, 0xff, 0x60, 0x0, 0x0, 0xcf, 0xff, 0xff,
    0xff, 0xff, 0xff, 0xf4, 0x0, 0x0, 0x1d, 0xff,
    0xff, 0xff, 0xff, 0xff, 0xfd, 0x0, 0x0, 0x0,
    0xaf, 0xff, 0xff, 0xff, 0xff, 0xc1, 0x0, 0x0,
    0x0, 0x3, 0x8c, 0xff, 0xed, 0x94, 0x0, 0x0,

    /* U+0118 "Ę" */
    0xf, 0xff, 0xff, 0xff, 0xff, 0xff, 0xff, 0xff,
    0x50, 0xf, 0xff, 0xff, 0xff, 0xff, 0xff, 0xff,
    0xff, 0x50, 0xf, 0xff, 0xff, 0xff, 0xff, 0xff,
    0xff, 0xff, 0x50, 0xf, 0xff, 0xff, 0xff, 0xff,
    0xff, 0xff, 0xff, 0x50, 0xf, 0xff, 0xff, 0xb7,
    0x77, 0x77, 0x77, 0x77, 0x20, 0xf, 0xff, 0xff,
    0x70, 0x0, 0x0, 0x0, 0x0, 0x0, 0xf, 0xff,
    0xff, 0x70, 0x0, 0x0, 0x0, 0x0, 0x0, 0xf,
    0xff, 0xff, 0x95, 0x55, 0x55, 0x55, 0x50, 0x0,
    0xf, 0xff, 0xff, 0xff, 0xff, 0xff, 0xff, 0xf2,
    0x0, 0xf, 0xff, 0xff, 0xff, 0xff, 0xff, 0xff,
    0xf2, 0x0, 0xf, 0xff, 0xff, 0xff, 0xff, 0xff,
    0xff, 0xf2, 0x0, 0xf, 0xff, 0xff, 0xff, 0xff,
    0xff, 0xff, 0xf2, 0x0, 0xf, 0xff, 0xff, 0x70,
    0x0, 0x0, 0x0, 0x0, 0x0, 0xf, 0xff, 0xff,
    0x70, 0x0, 0x0, 0x0, 0x0, 0x0, 0xf, 0xff,
    0xff, 0x70, 0x0, 0x0, 0x0, 0x0, 0x0, 0xf,
    0xff, 0xff, 0xb7, 0x77, 0x77, 0x77, 0x77, 0x40,
    0xf, 0xff, 0xff, 0xff, 0xff, 0xff, 0xff, 0xff,
    0xb0, 0xf, 0xff, 0xff, 0xff, 0xff, 0xff, 0xff,
    0xff, 0xb0, 0xf, 0xff, 0xff, 0xff, 0xff, 0xff,
    0xff, 0xff, 0xb0, 0xf, 0xff, 0xff, 0xff, 0xff,
    0xff, 0xff, 0xff, 0xd0, 0x0, 0x0, 0x0, 0x0,
    0x0, 0x5, 0xff, 0xf9, 0x10, 0x0, 0x0, 0x0,
    0x0, 0x0, 0x2f, 0xff, 0x50, 0x0, 0x0, 0x0,
    0x0, 0x0, 0x0, 0x9f, 0xf9, 0x0, 0x0, 0x0,
    0x0, 0x0, 0x0, 0x0, 0xbf, 0xf9, 0x0, 0x0,
    0x0, 0x0, 0x0, 0x0, 0x0, 0x9f, 0xff, 0xbb,
    0xc0, 0x0, 0x0, 0x0, 0x0, 0x0, 0x2f, 0xff,
    0xff, 0xf2, 0x0, 0x0, 0x0, 0x0, 0x0, 0x2,
    0xae, 0xfe, 0xa2,

    /* U+0119 "ę" */
    0x0, 0x0, 0x4, 0xad, 0xff, 0xda, 0x50, 0x0,
    0x0, 0x0, 0x1, 0xbf, 0xff, 0xff, 0xff, 0xfd,
    0x30, 0x0, 0x0, 0x2e, 0xff, 0xff, 0xff, 0xff,
    0xff, 0xf4, 0x0, 0x0, 0xdf, 0xff, 0xff, 0xff,
    0xff, 0xff, 0xff, 0x20, 0x7, 0xff, 0xff, 0xe4,
    0x0, 0x3c, 0xff, 0xff, 0x90, 0xe, 0xff, 0xff,
    0x40, 0x0, 0x1, 0xff, 0xff, 0xe0, 0x1f, 0xff,
    0xff, 0xee, 0xee, 0xee, 0xff, 0xff, 0xf2, 0x3f,
    0xff, 0xff, 0xff, 0xff, 0xff, 0xff, 0xff, 0xf3,
    0x3f, 0xff, 0xff, 0xff, 0xff, 0xff, 0xff, 0xff,
    0xf2, 0x1f, 0xff, 0xff, 0x50, 0x0, 0x0, 0x0,
    0x0, 0x0, 0xd, 0xff, 0xff, 0xd1, 0x0, 0x0,
    0x16, 0x0, 0x0, 0x7, 0xff, 0xff, 0xfd, 0x74,
    0x48, 0xff, 0x60, 0x0, 0x0, 0xcf, 0xff, 0xff,
    0xff, 0xff, 0xff, 0xf4, 0x0, 0x0, 0x1d, 0xff,
    0xff, 0xff, 0xff, 0xff, 0xfd, 0x0, 0x0, 0x0,
    0xaf, 0xff, 0xff, 0xff, 0xff, 0xd2, 0x0, 0x0,
    0x0, 0x3, 0x8c, 0xff, 0xff, 0xfa, 0x0, 0x0,
    0x0, 0x0, 0x0, 0x0, 0x6, 0xff, 0xb0, 0x0,
    0x0, 0x0, 0x0, 0x0, 0x0, 0x1f, 0xff, 0x10,
    0x0, 0x0, 0x0, 0x0, 0x0, 0x0, 0x4f, 0xfe,
    0x0, 0x0, 0x0, 0x0, 0x0, 0x0, 0x0, 0x5f,
    0xff, 0x50, 0x30, 0x0, 0x0, 0x0, 0x0, 0x0,
    0x1f, 0xff, 0xff, 0xf5, 0x0, 0x0, 0x0, 0x0,
    0x0, 0x6, 0xff, 0xff, 0xfa, 0x0, 0x0, 0x0,
    0x0, 0x0, 0x0, 0x17, 0x98, 0x61, 0x0,

    /* U+011A "Ě" */
    0x0, 0x7, 0x88, 0x40, 0x0, 0x17, 0x88, 0x30,
    0x0, 0x0, 0x7f, 0xff, 0x50, 0x2d, 0xff, 0xc0,
    0x0, 0x0, 0x0, 0xaf, 0xff, 0x8e, 0xff, 0xe1,
    0x0, 0x0, 0x0, 0x0, 0xdf, 0xff, 0xff, 0xf3,
    0x0, 0x0, 0x0, 0x0, 0x2, 0xef, 0xff, 0xf5,
    0x0, 0x0, 0x0, 0x0, 0x0, 0x0, 0x0, 0x0,
    0x0, 0x0, 0x0, 0x0, 0x0, 0x0, 0x0, 0x0,
    0x0, 0x0, 0x0, 0x0, 0xff, 0xff, 0xff, 0xff,
    0xff, 0xff, 0xff, 0xf5, 0xf, 0xff, 0xff, 0xff,
    0xff, 0xff, 0xff, 0xff, 0x50, 0xff, 0xff, 0xff,
    0xff, 0xff, 0xff, 0xff, 0xf5, 0xf, 0xff, 0xff,
    0xff, 0xff, 0xff, 0xff, 0xff, 0x50, 0xff, 0xff,
    0xfb, 0x77, 0x77, 0x77, 0x77, 0x72, 0xf, 0xff,
    0xff, 0x70, 0x0, 0x0, 0x0, 0x0, 0x0, 0xff,
    0xff, 0xf7, 0x0, 0x0, 0x0, 0x0, 0x0, 0xf,
    0xff, 0xff, 0x95, 0x55, 0x55, 0x55, 0x50, 0x0,
    0xff, 0xff, 0xff, 0xff, 0xff, 0xff, 0xff, 0x20,
    0xf, 0xff, 0xff, 0xff, 0xff, 0xff, 0xff, 0xf2,
    0x0, 0xff, 0xff, 0xff, 0xff, 0xff, 0xff, 0xff,
    0x20, 0xf, 0xff, 0xff, 0xff, 0xff, 0xff, 0xff,
    0xf2, 0x0, 0xff, 0xff, 0xf7, 0x0, 0x0, 0x0,
    0x0, 0x0, 0xf, 0xff, 0xff, 0x70, 0x0, 0x0,
    0x0, 0x0, 0x0, 0xff, 0xff, 0xf7, 0x0, 0x0,
    0x0, 0x0, 0x0, 0xf, 0xff, 0xff, 0xb7, 0x77,
    0x77, 0x77, 0x77, 0x40, 0xff, 0xff, 0xff, 0xff,
    0xff, 0xff, 0xff, 0xfb, 0xf, 0xff, 0xff, 0xff,
    0xff, 0xff, 0xff, 0xff, 0xb0, 0xff, 0xff, 0xff,
    0xff, 0xff, 0xff, 0xff, 0xfb, 0xf, 0xff, 0xff,
    0xff, 0xff, 0xff, 0xff, 0xff, 0xb0,

    /* U+011B "ě" */
    0x0, 0x6, 0x88, 0x60, 0x0, 0x6, 0x88, 0x50,
    0x0, 0x0, 0x2, 0xff, 0xfa, 0x0, 0xaf, 0xff,
    0x20, 0x0, 0x0, 0x0, 0x5f, 0xff, 0xab, 0xff,
    0xf4, 0x0, 0x0, 0x0, 0x0, 0x8, 0xff, 0xff,
    0xff, 0x70, 0x0, 0x0, 0x0, 0x0, 0x0, 0xbf,
    0xff, 0xfa, 0x0, 0x0, 0x0, 0x0, 0x0, 0x0,
    0x0, 0x0, 0x0, 0x0, 0x0, 0x0, 0x0, 0x0,
    0x0, 0x0, 0x0, 0x0, 0x0, 0x0, 0x0, 0x0,
    0x0, 0x4, 0xad, 0xff, 0xda, 0x50, 0x0, 0x0,
    0x0, 0x1, 0xbf, 0xff, 0xff, 0xff, 0xfd, 0x30,
    0x0, 0x0, 0x2e, 0xff, 0xff, 0xff, 0xff, 0xff,
    0xf4, 0x0, 0x0, 0xdf, 0xff, 0xff, 0xff, 0xff,
    0xff, 0xff, 0x20, 0x7, 0xff, 0xff, 0xe4, 0x0,
    0x3c, 0xff, 0xff, 0x90, 0xe, 0xff, 0xff, 0x40,
    0x0, 0x1, 0xff, 0xff, 0xe0, 0x1f, 0xff, 0xff,
    0xee, 0xee, 0xee, 0xff, 0xff, 0xf2, 0x3f, 0xff,
    0xff, 0xff, 0xff, 0xff, 0xff, 0xff, 0xf3, 0x3f,
    0xff, 0xff, 0xff, 0xff, 0xff, 0xff, 0xff, 0xf2,
    0x1f, 0xff, 0xff, 0x50, 0x0, 0x0, 0x0, 0x0,
    0x0, 0xd, 0xff, 0xff, 0xd1, 0x0, 0x0, 0x16,
    0x0, 0x0, 0x7, 0xff, 0xff, 0xfd, 0x74, 0x48,
    0xff, 0x60, 0x0, 0x0, 0xcf, 0xff, 0xff, 0xff,
    0xff, 0xff, 0xf4, 0x0, 0x0, 0x1d, 0xff, 0xff,
    0xff, 0xff, 0xff, 0xfd, 0x0, 0x0, 0x0, 0xaf,
    0xff, 0xff, 0xff, 0xff, 0xc1, 0x0, 0x0, 0x0,
    0x3, 0x8c, 0xff, 0xed, 0x94, 0x0, 0x0,

    /* U+011C "Ĝ" */
    0x0, 0x0, 0x0, 0x0, 0x1d, 0xff, 0xff, 0x70,
    0x0, 0x0, 0x0, 0x0, 0x0, 0x0, 0xb, 0xff,
    0xff, 0xff, 0x40, 0x0, 0x0, 0x0, 0x0, 0x0,
    0x8, 0xff, 0xf8, 0xdf, 0xfe, 0x20, 0x0, 0x0,
    0x0, 0x0, 0x5, 0xff, 0xf6, 0x1, 0xcf, 0xfd,
    0x0, 0x0, 0x0, 0x0, 0x0, 0x78, 0x85, 0x0,
    0x0, 0x78, 0x84, 0x0, 0x0, 0x0, 0x0, 0x0,
    0x0, 0x0, 0x0, 0x0, 0x0, 0x0, 0x0, 0x0,
    0x0, 0x0, 0x0, 0x0, 0x0, 0x0, 0x0, 0x0,
    0x0, 0x0, 0x0, 0x0, 0x0, 0x38, 0xce, 0xff,
    0xdb, 0x72, 0x0, 0x0, 0x0, 0x0, 0x4, 0xcf,
    0xff, 0xff, 0xff, 0xff, 0xfa, 0x10, 0x0, 0x0,
    0x8, 0xff, 0xff, 0xff, 0xff, 0xff, 0xff, 0xff,
    0x40, 0x0, 0x9, 0xff, 0xff, 0xff, 0xff, 0xff,
    0xff, 0xff, 0xff, 0x20, 0x6, 0xff, 0xff, 0xff,
    0xff, 0xdc, 0xef, 0xff, 0xff, 0x80, 0x0, 0xef,
    0xff, 0xff, 0xd4, 0x0, 0x0, 0x3b, 0xff, 0x60,
    0x0, 0x6f, 0xff, 0xff, 0xc0, 0x0, 0x0, 0x0,
    0x7, 0x40, 0x0, 0xb, 0xff, 0xff, 0xf2, 0x0,
    0x0, 0x0, 0x0, 0x0, 0x0, 0x0, 0xef, 0xff,
    0xfc, 0x0, 0x0, 0x0, 0x0, 0x0, 0x0, 0x0,
    0xf, 0xff, 0xff, 0x90, 0x0, 0x0, 0x0, 0x5,
    0x66, 0x66, 0x0, 0xff, 0xff, 0xf9, 0x0, 0x0,
    0x0, 0x0, 0xef, 0xff, 0xf0, 0xe, 0xff, 0xff,
    0xc0, 0x0, 0x0, 0x0, 0xe, 0xff, 0xff, 0x0,
    0xbf, 0xff, 0xff, 0x20, 0x0, 0x0, 0x0, 0xef,
    0xff, 0xf0, 0x6, 0xff, 0xff, 0xfd, 0x0, 0x0,
    0x0, 0xe, 0xff, 0xff, 0x0, 0xe, 0xff, 0xff,
    0xfd, 0x50, 0x0, 0x2, 0xff, 0xff, 0xf0, 0x0,
    0x6f, 0xff, 0xff, 0xff, 0xfd, 0xce, 0xff, 0xff,
    0xff, 0x0, 0x0, 0x9f, 0xff, 0xff, 0xff, 0xff,
    0xff, 0xff, 0xff, 0xf0, 0x0, 0x0, 0x8f, 0xff,
    0xff, 0xff, 0xff, 0xff, 0xff, 0xfb, 0x0, 0x0,
    0x0, 0x4c, 0xff, 0xff, 0xff, 0xff, 0xff, 0xc5,
    0x0, 0x0, 0x0, 0x0, 0x4, 0x8c, 0xef, 0xfd,
    0xb7, 0x20, 0x0, 0x0,

    /* U+011D "ĝ" */
    0x0, 0x0, 0x0, 0x1d, 0xff, 0xff, 0x70, 0x0,
    0x0, 0x0, 0x0, 0x0, 0xb, 0xff, 0xff, 0xff,
    0x40, 0x0, 0x0, 0x0, 0x0, 0x9, 0xff, 0xf8,
    0xdf, 0xfe, 0x20, 0x0, 0x0, 0x0, 0x6, 0xff,
    0xf6, 0x1, 0xdf, 0xfd, 0x0, 0x0, 0x0, 0x0,
    0x78, 0x84, 0x0, 0x1, 0x78, 0x83, 0x0, 0x0,
    0x0, 0x0, 0x0, 0x0, 0x0, 0x0, 0x0, 0x0,
    0x0, 0x0, 0x0, 0x17, 0xce, 0xfe, 0xa3, 0xf,
    0xff, 0xff, 0x0, 0x0, 0x5e, 0xff, 0xff, 0xff,
    0xf7, 0xff, 0xff, 0xf0, 0x0, 0x5f, 0xff, 0xff,
    0xff, 0xff, 0xff, 0xff, 0xff, 0x0, 0x2f, 0xff,
    0xff, 0xff, 0xff, 0xff, 0xff, 0xff, 0xf0, 0xa,
    0xff, 0xff, 0xfe, 0x86, 0x9f, 0xff, 0xff, 0xff,
    0x0, 0xff, 0xff, 0xfe, 0x10, 0x0, 0x2e, 0xff,
    0xff, 0xf0, 0x2f, 0xff, 0xff, 0x50, 0x0, 0x0,
    0x7f, 0xff, 0xff, 0x3, 0xff, 0xff, 0xf2, 0x0,
    0x0, 0x4, 0xff, 0xff, 0xf0, 0x3f, 0xff, 0xff,
    0x40, 0x0, 0x0, 0x6f, 0xff, 0xff, 0x1, 0xff,
    0xff, 0xfa, 0x0, 0x0, 0xc, 0xff, 0xff, 0xf0,
    0xc, 0xff, 0xff, 0xfa, 0x20, 0x3b, 0xff, 0xff,
    0xff, 0x0, 0x5f, 0xff, 0xff, 0xff, 0xff, 0xff,
    0xff, 0xff, 0xf0, 0x0, 0xaf, 0xff, 0xff, 0xff,
    0xff, 0xff, 0xff, 0xff, 0x0, 0x0, 0xbf, 0xff,
    0xff, 0xff, 0xfe, 0xff, 0xff, 0xf0, 0x0, 0x0,
    0x6d, 0xff, 0xff, 0xf8, 0x6f, 0xff, 0xfe, 0x0,
    0x0, 0x0, 0x2, 0x45, 0x40, 0x8, 0xff, 0xff,
    0xc0, 0x0, 0x8, 0x40, 0x0, 0x0, 0x1, 0xff,
    0xff, 0xf9, 0x0, 0x2, 0xff, 0xd8, 0x54, 0x47,
    0xef, 0xff, 0xff, 0x30, 0x0, 0xaf, 0xff, 0xff,
    0xff, 0xff, 0xff, 0xff, 0xb0, 0x0, 0x2f, 0xff,
    0xff, 0xff, 0xff, 0xff, 0xff, 0xd1, 0x0, 0x0,
    0x7e, 0xff, 0xff, 0xff, 0xff, 0xff, 0xa1, 0x0,
    0x0, 0x0, 0x5, 0x9c, 0xef, 0xfe, 0xc8, 0x20,
    0x0, 0x0,

    /* U+011E "Ğ" */
    0x0, 0x0, 0x0, 0xaf, 0xfa, 0x0, 0x2, 0xff,
    0xf2, 0x0, 0x0, 0x0, 0x0, 0x7, 0xff, 0xf6,
    0x2, 0xcf, 0xff, 0x0, 0x0, 0x0, 0x0, 0x0,
    0x1e, 0xff, 0xff, 0xff, 0xff, 0x70, 0x0, 0x0,
    0x0, 0x0, 0x0, 0x3d, 0xff, 0xff, 0xff, 0x90,
    0x0, 0x0, 0x0, 0x0, 0x0, 0x0, 0x6, 0xab,
    0xb8, 0x30, 0x0, 0x0, 0x0, 0x0, 0x0, 0x0,
    0x0, 0x0, 0x0, 0x0, 0x0, 0x0, 0x0, 0x0,
    0x0, 0x0, 0x0, 0x0, 0x0, 0x0, 0x0, 0x0,
    0x0, 0x0, 0x0, 0x0, 0x0, 0x38, 0xce, 0xff,
    0xdb, 0x72, 0x0, 0x0, 0x0, 0x0, 0x4, 0xcf,
    0xff, 0xff, 0xff, 0xff, 0xfa, 0x10, 0x0, 0x0,
    0x8, 0xff, 0xff, 0xff, 0xff, 0xff, 0xff, 0xff,
    0x40, 0x0, 0x9, 0xff, 0xff, 0xff, 0xff, 0xff,
    0xff, 0xff, 0xff, 0x20, 0x6, 0xff, 0xff, 0xff,
    0xff, 0xdc, 0xef, 0xff, 0xff, 0x80, 0x0, 0xef,
    0xff, 0xff, 0xd4, 0x0, 0x0, 0x3b, 0xff, 0x60,
    0x0, 0x6f, 0xff, 0xff, 0xc0, 0x0, 0x0, 0x0,
    0x7, 0x40, 0x0, 0xb, 0xff, 0xff, 0xf2, 0x0,
    0x0, 0x0, 0x0, 0x0, 0x0, 0x0, 0xef, 0xff,
    0xfc, 0x0, 0x0, 0x0, 0x0, 0x0, 0x0, 0x0,
    0xf, 0xff, 0xff, 0x90, 0x0, 0x0, 0x0, 0x5,
    0x66, 0x66, 0x0, 0xff, 0xff, 0xf9, 0x0, 0x0,
    0x0, 0x0, 0xef, 0xff, 0xf0, 0xe, 0xff, 0xff,
    0xc0, 0x0, 0x0, 0x0, 0xe, 0xff, 0xff, 0x0,
    0xbf, 0xff, 0xff, 0x20, 0x0, 0x0, 0x0, 0xef,
    0xff, 0xf0, 0x6, 0xff, 0xff, 0xfd, 0x0, 0x0,
    0x0, 0xe, 0xff, 0xff, 0x0, 0xe, 0xff, 0xff,
    0xfd, 0x50, 0x0, 0x2, 0xff, 0xff, 0xf0, 0x0,
    0x6f, 0xff, 0xff, 0xff, 0xfd, 0xce, 0xff, 0xff,
    0xff, 0x0, 0x0, 0x9f, 0xff, 0xff, 0xff, 0xff,
    0xff, 0xff, 0xff, 0xf0, 0x0, 0x0, 0x8f, 0xff,
    0xff, 0xff, 0xff, 0xff, 0xff, 0xfb, 0x0, 0x0,
    0x0, 0x4c, 0xff, 0xff, 0xff, 0xff, 0xff, 0xc5,
    0x0, 0x0, 0x0, 0x0, 0x4, 0x8c, 0xef, 0xfd,
    0xb7, 0x20, 0x0, 0x0,

    /* U+011F "ğ" */
    0x0, 0x0, 0xbf, 0xfa, 0x0, 0x2, 0xff, 0xf2,
    0x0, 0x0, 0x0, 0x7, 0xff, 0xf6, 0x2, 0xcf,
    0xfe, 0x0, 0x0, 0x0, 0x0, 0x1e, 0xff, 0xff,
    0xff, 0xff, 0x70, 0x0, 0x0, 0x0, 0x0, 0x3d,
    0xff, 0xff, 0xff, 0x80, 0x0, 0x0, 0x0, 0x0,
    0x0, 0x6, 0xab, 0xb8, 0x20, 0x0, 0x0, 0x0,
    0x0, 0x0, 0x0, 0x0, 0x0, 0x0, 0x0, 0x0,
    0x0, 0x0, 0x0, 0x17, 0xce, 0xfe, 0xa3, 0xf,
    0xff, 0xff, 0x0, 0x0, 0x5e, 0xff, 0xff, 0xff,
    0xf7, 0xff, 0xff, 0xf0, 0x0, 0x5f, 0xff, 0xff,
    0xff, 0xff, 0xff, 0xff, 0xff, 0x0, 0x2f, 0xff,
    0xff, 0xff, 0xff, 0xff, 0xff, 0xff, 0xf0, 0xa,
    0xff, 0xff, 0xfe, 0x86, 0x9f, 0xff, 0xff, 0xff,
    0x0, 0xff, 0xff, 0xfe, 0x10, 0x0, 0x2e, 0xff,
    0xff, 0xf0, 0x2f, 0xff, 0xff, 0x50, 0x0, 0x0,
    0x7f, 0xff, 0xff, 0x3, 0xff, 0xff, 0xf2, 0x0,
    0x0, 0x4, 0xff, 0xff, 0xf0, 0x3f, 0xff, 0xff,
    0x40, 0x0, 0x0, 0x6f, 0xff, 0xff, 0x1, 0xff,
    0xff, 0xfa, 0x0, 0x0, 0xc, 0xff, 0xff, 0xf0,
    0xc, 0xff, 0xff, 0xfa, 0x20, 0x3b, 0xff, 0xff,
    0xff, 0x0, 0x5f, 0xff, 0xff, 0xff, 0xff, 0xff,
    0xff, 0xff, 0xf0, 0x0, 0xaf, 0xff, 0xff, 0xff,
    0xff, 0xff, 0xff, 0xff, 0x0, 0x0, 0xbf, 0xff,
    0xff, 0xff, 0xfe, 0xff, 0xff, 0xf0, 0x0, 0x0,
    0x6d, 0xff, 0xff, 0xf8, 0x6f, 0xff, 0xfe, 0x0,
    0x0, 0x0, 0x2, 0x45, 0x40, 0x8, 0xff, 0xff,
    0xc0, 0x0, 0x8, 0x40, 0x0, 0x0, 0x1, 0xff,
    0xff, 0xf9, 0x0, 0x2, 0xff, 0xd8, 0x54, 0x47,
    0xef, 0xff, 0xff, 0x30, 0x0, 0xaf, 0xff, 0xff,
    0xff, 0xff, 0xff, 0xff, 0xb0, 0x0, 0x2f, 0xff,
    0xff, 0xff, 0xff, 0xff, 0xff, 0xd1, 0x0, 0x0,
    0x7e, 0xff, 0xff, 0xff, 0xff, 0xff, 0xa1, 0x0,
    0x0, 0x0, 0x5, 0x9c, 0xef, 0xfe, 0xc8, 0x20,
    0x0, 0x0,

    /* U+0120 "Ġ" */
    0x0, 0x0, 0x0, 0x0, 0x1, 0xaf, 0xd5, 0x0,
    0x0, 0x0, 0x0, 0x0, 0x0, 0x0, 0x0, 0xaf,
    0xff, 0xf3, 0x0, 0x0, 0x0, 0x0, 0x0, 0x0,
    0x0, 0xf, 0xff, 0xff, 0x70, 0x0, 0x0, 0x0,
    0x0, 0x0, 0x0, 0x0, 0xef, 0xff, 0xf6, 0x0,
    0x0, 0x0, 0x0, 0x0, 0x0, 0x0, 0x8, 0xff,
    0xfe, 0x10, 0x0, 0x0, 0x0, 0x0, 0x0, 0x0,
    0x0, 0x6, 0xa9, 0x20, 0x0, 0x0, 0x0, 0x0,
    0x0, 0x0, 0x0, 0x0, 0x0, 0x0, 0x0, 0x0,
    0x0, 0x0, 0x0, 0x0, 0x0, 0x0, 0x0, 0x0,
    0x0, 0x0, 0x0, 0x0, 0x0, 0x0, 0x0, 0x3,
    0x8c, 0xef, 0xfd, 0xb7, 0x20, 0x0, 0x0, 0x0,
    0x0, 0x4c, 0xff, 0xff, 0xff, 0xff, 0xff, 0xa1,
    0x0, 0x0, 0x0, 0x8f, 0xff, 0xff, 0xff, 0xff,
    0xff, 0xff, 0xf4, 0x0, 0x0, 0x9f, 0xff, 0xff,
    0xff, 0xff, 0xff, 0xff, 0xff, 0xf2, 0x0, 0x6f,
    0xff, 0xff, 0xff, 0xfd, 0xce, 0xff, 0xff, 0xf8,
    0x0, 0xe, 0xff, 0xff, 0xfd, 0x40, 0x0, 0x3,
    0xbf, 0xf6, 0x0, 0x6, 0xff, 0xff, 0xfc, 0x0,
    0x0, 0x0, 0x0, 0x74, 0x0, 0x0, 0xbf, 0xff,
    0xff, 0x20, 0x0, 0x0, 0x0, 0x0, 0x0, 0x0,
    0xe, 0xff, 0xff, 0xc0, 0x0, 0x0, 0x0, 0x0,
    0x0, 0x0, 0x0, 0xff, 0xff, 0xf9, 0x0, 0x0,
    0x0, 0x0, 0x56, 0x66, 0x60, 0xf, 0xff, 0xff,
    0x90, 0x0, 0x0, 0x0, 0xe, 0xff, 0xff, 0x0,
    0xef, 0xff, 0xfc, 0x0, 0x0, 0x0, 0x0, 0xef,
    0xff, 0xf0, 0xb, 0xff, 0xff, 0xf2, 0x0, 0x0,
    0x0, 0xe, 0xff, 0xff, 0x0, 0x6f, 0xff, 0xff,
    0xd0, 0x0, 0x0, 0x0, 0xef, 0xff, 0xf0, 0x0,
    0xef, 0xff, 0xff, 0xd5, 0x0, 0x0, 0x2f, 0xff,
    0xff, 0x0, 0x6, 0xff, 0xff, 0xff, 0xff, 0xdc,
    0xef, 0xff, 0xff, 0xf0, 0x0, 0x9, 0xff, 0xff,
    0xff, 0xff, 0xff, 0xff, 0xff, 0xff, 0x0, 0x0,
    0x8, 0xff, 0xff, 0xff, 0xff, 0xff, 0xff, 0xff,
    0xb0, 0x0, 0x0, 0x4, 0xcf, 0xff, 0xff, 0xff,
    0xff, 0xfc, 0x50, 0x0, 0x0, 0x0, 0x0, 0x48,
    0xce, 0xff, 0xdb, 0x72, 0x0, 0x0,

    /* U+0121 "ġ" */
    0x0, 0x0, 0x0, 0x1, 0xaf, 0xd5, 0x0, 0x0,
    0x0, 0x0, 0x0, 0x0, 0x0, 0xaf, 0xff, 0xf2,
    0x0, 0x0, 0x0, 0x0, 0x0, 0x0, 0xf, 0xff,
    0xff, 0x70, 0x0, 0x0, 0x0, 0x0, 0x0, 0x0,
    0xef, 0xff, 0xf6, 0x0, 0x0, 0x0, 0x0, 0x0,
    0x0, 0x8, 0xff, 0xfe, 0x10, 0x0, 0x0, 0x0,
    0x0, 0x0, 0x0, 0x6, 0xa9, 0x20, 0x0, 0x0,
    0x0, 0x0, 0x0, 0x0, 0x0, 0x0, 0x0, 0x0,
    0x0, 0x0, 0x0, 0x0, 0x1, 0x7c, 0xef, 0xea,
    0x30, 0xff, 0xff, 0xf0, 0x0, 0x5, 0xef, 0xff,
    0xff, 0xff, 0x7f, 0xff, 0xff, 0x0, 0x5, 0xff,
    0xff, 0xff, 0xff, 0xff, 0xff, 0xff, 0xf0, 0x2,
    0xff, 0xff, 0xff, 0xff, 0xff, 0xff, 0xff, 0xff,
    0x0, 0xaf, 0xff, 0xff, 0xe8, 0x69, 0xff, 0xff,
    0xff, 0xf0, 0xf, 0xff, 0xff, 0xe1, 0x0, 0x2,
    0xef, 0xff, 0xff, 0x2, 0xff, 0xff, 0xf5, 0x0,
    0x0, 0x7, 0xff, 0xff, 0xf0, 0x3f, 0xff, 0xff,
    0x20, 0x0, 0x0, 0x4f, 0xff, 0xff, 0x3, 0xff,
    0xff, 0xf4, 0x0, 0x0, 0x6, 0xff, 0xff, 0xf0,
    0x1f, 0xff, 0xff, 0xa0, 0x0, 0x0, 0xcf, 0xff,
    0xff, 0x0, 0xcf, 0xff, 0xff, 0xa2, 0x3, 0xbf,
    0xff, 0xff, 0xf0, 0x5, 0xff, 0xff, 0xff, 0xff,
    0xff, 0xff, 0xff, 0xff, 0x0, 0xa, 0xff, 0xff,
    0xff, 0xff, 0xff, 0xff, 0xff, 0xf0, 0x0, 0xb,
    0xff, 0xff, 0xff, 0xff, 0xef, 0xff, 0xff, 0x0,
    0x0, 0x6, 0xdf, 0xff, 0xff, 0x86, 0xff, 0xff,
    0xe0, 0x0, 0x0, 0x0, 0x24, 0x54, 0x0, 0x8f,
    0xff, 0xfc, 0x0, 0x0, 0x84, 0x0, 0x0, 0x0,
    0x1f, 0xff, 0xff, 0x90, 0x0, 0x2f, 0xfd, 0x85,
    0x44, 0x7e, 0xff, 0xff, 0xf3, 0x0, 0xa, 0xff,
    0xff, 0xff, 0xff, 0xff, 0xff, 0xfb, 0x0, 0x2,
    0xff, 0xff, 0xff, 0xff, 0xff, 0xff, 0xfd, 0x10,
    0x0, 0x7, 0xef, 0xff, 0xff, 0xff, 0xff, 0xfa,
    0x10, 0x0, 0x0, 0x0, 0x59, 0xce, 0xff, 0xec,
    0x82, 0x0, 0x0, 0x0,

    /* U+0122 "Ģ" */
    0x0, 0x0, 0x0, 0x3, 0x8c, 0xef, 0xfd, 0xb7,
    0x20, 0x0, 0x0, 0x0, 0x0, 0x4c, 0xff, 0xff,
    0xff, 0xff, 0xff, 0xa1, 0x0, 0x0, 0x0, 0x8f,
    0xff, 0xff, 0xff, 0xff, 0xff, 0xff, 0xf4, 0x0,
    0x0, 0x9f, 0xff, 0xff, 0xff, 0xff, 0xff, 0xff,
    0xff, 0xf2, 0x0, 0x6f, 0xff, 0xff, 0xff, 0xfd,
    0xce, 0xff, 0xff, 0xf8, 0x0, 0xe, 0xff, 0xff,
    0xfd, 0x40, 0x0, 0x3, 0xbf, 0xf6, 0x0, 0x6,
    0xff, 0xff, 0xfc, 0x0, 0x0, 0x0, 0x0, 0x74,
    0x0, 0x0, 0xbf, 0xff, 0xff, 0x20, 0x0, 0x0,
    0x0, 0x0, 0x0, 0x0, 0xe, 0xff, 0xff, 0xc0,
    0x0, 0x0, 0x0, 0x0, 0x0, 0x0, 0x0, 0xff,
    0xff, 0xf9, 0x0, 0x0, 0x0, 0x0, 0x56, 0x66,
    0x60, 0xf, 0xff, 0xff, 0x90, 0x0, 0x0, 0x0,
    0xe, 0xff, 0xff, 0x0, 0xef, 0xff, 0xfc, 0x0,
    0x0, 0x0, 0x0, 0xef, 0xff, 0xf0, 0xb, 0xff,
    0xff, 0xf2, 0x0, 0x0, 0x0, 0xe, 0xff, 0xff,
    0x0, 0x6f, 0xff, 0xff, 0xd0, 0x0, 0x0, 0x0,
    0xef, 0xff, 0xf0, 0x0, 0xef, 0xff, 0xff, 0xd5,
    0x0, 0x0, 0x2f, 0xff, 0xff, 0x0, 0x6, 0xff,
    0xff, 0xff, 0xff, 0xdc, 0xef, 0xff, 0xff, 0xf0,
    0x0, 0x9, 0xff, 0xff, 0xff, 0xff, 0xff, 0xff,
    0xff, 0xff, 0x0, 0x0, 0x8, 0xff, 0xff, 0xff,
    0xff, 0xff, 0xff, 0xff, 0xb0, 0x0, 0x0, 0x4,
    0xcf, 0xff, 0xff, 0xff, 0xff, 0xfc, 0x50, 0x0,
    0x0, 0x0, 0x0, 0x48, 0xce, 0xff, 0xdb, 0x72,
    0x0, 0x0, 0x0, 0x0, 0x0, 0x0, 0x0, 0x0,
    0x0, 0x0, 0x0, 0x0, 0x0, 0x0, 0x0, 0x0,
    0x0, 0x2c, 0xfb, 0x10, 0x0, 0x0, 0x0, 0x0,
    0x0, 0x0, 0x0, 0xb, 0xff, 0xf8, 0x0, 0x0,
    0x0, 0x0, 0x0, 0x0, 0x0, 0x0, 0xbf, 0xff,
    0x80, 0x0, 0x0, 0x0, 0x0, 0x0, 0x0, 0x0,
    0x2, 0xef, 0xf4, 0x0, 0x0, 0x0, 0x0, 0x0,
    0x0, 0x0, 0x0, 0xe, 0xfc, 0x0, 0x0, 0x0,
    0x0, 0x0, 0x0, 0x0, 0x0, 0x3, 0xff, 0x40,
    0x0, 0x0, 0x0, 0x0,

    /* U+0123 "ģ" */
    0x0, 0x0, 0x0, 0x0, 0x1f, 0xfe, 0x0, 0x0,
    0x0, 0x0, 0x0, 0x0, 0x0, 0x9, 0xff, 0x80,
    0x0, 0x0, 0x0, 0x0, 0x0, 0x0, 0x1, 0xff,
    0xf2, 0x0, 0x0, 0x0, 0x0, 0x0, 0x0, 0x0,
    0x9f, 0xff, 0xd0, 0x0, 0x0, 0x0, 0x0, 0x0,
    0x0, 0xc, 0xff, 0xff, 0x40, 0x0, 0x0, 0x0,
    0x0, 0x0, 0x0, 0x9f, 0xff, 0xf1, 0x0, 0x0,
    0x0, 0x0, 0x0, 0x0, 0x0, 0x68, 0x82, 0x0,
    0x0, 0x0, 0x0, 0x0, 0x0, 0x0, 0x0, 0x0,
    0x0, 0x0, 0x0, 0x0, 0x0, 0x0, 0x17, 0xce,
    0xfe, 0xa3, 0xf, 0xff, 0xff, 0x0, 0x0, 0x5e,
    0xff, 0xff, 0xff, 0xf7, 0xff, 0xff, 0xf0, 0x0,
    0x5f, 0xff, 0xff, 0xff, 0xff, 0xff, 0xff, 0xff,
    0x0, 0x2f, 0xff, 0xff, 0xff, 0xff, 0xff, 0xff,
    0xff, 0xf0, 0xa, 0xff, 0xff, 0xfe, 0x86, 0x9f,
    0xff, 0xff, 0xff, 0x0, 0xff, 0xff, 0xfe, 0x10,
    0x0, 0x2e, 0xff, 0xff, 0xf0, 0x2f, 0xff, 0xff,
    0x50, 0x0, 0x0, 0x7f, 0xff, 0xff, 0x3, 0xff,
    0xff, 0xf2, 0x0, 0x0, 0x4, 0xff, 0xff, 0xf0,
    0x3f, 0xff, 0xff, 0x40, 0x0, 0x0, 0x6f, 0xff,
    0xff, 0x1, 0xff, 0xff, 0xfa, 0x0, 0x0, 0xc,
    0xff, 0xff, 0xf0, 0xc, 0xff, 0xff, 0xfa, 0x20,
    0x3b, 0xff, 0xff, 0xff, 0x0, 0x5f, 0xff, 0xff,
    0xff, 0xff, 0xff, 0xff, 0xff, 0xf0, 0x0, 0xaf,
    0xff, 0xff, 0xff, 0xff, 0xff, 0xff, 0xff, 0x0,
    0x0, 0xbf, 0xff, 0xff, 0xff, 0xfe, 0xff, 0xff,
    0xf0, 0x0, 0x0, 0x6d, 0xff, 0xff, 0xf8, 0x6f,
    0xff, 0xfe, 0x0, 0x0, 0x0, 0x2, 0x45, 0x40,
    0x8, 0xff, 0xff, 0xc0, 0x0, 0x8, 0x40, 0x0,
    0x0, 0x1, 0xff, 0xff, 0xf9, 0x0, 0x2, 0xff,
    0xd8, 0x54, 0x47, 0xef, 0xff, 0xff, 0x30, 0x0,
    0xaf, 0xff, 0xff, 0xff, 0xff, 0xff, 0xff, 0xb0,
    0x0, 0x2f, 0xff, 0xff, 0xff, 0xff, 0xff, 0xff,
    0xd1, 0x0, 0x0, 0x7e, 0xff, 0xff, 0xff, 0xff,
    0xff, 0xa1, 0x0, 0x0, 0x0, 0x5, 0x9c, 0xef,
    0xfe, 0xc8, 0x20, 0x0, 0x0,

    /* U+0124 "Ĥ" */
    0x0, 0x0, 0x0, 0x1, 0x88, 0x88, 0x60, 0x0,
    0x0, 0x0, 0x0, 0x0, 0x0, 0xc, 0xff, 0xff,
    0xf6, 0x0, 0x0, 0x0, 0x0, 0x0, 0x0, 0xaf,
    0xff, 0xef, 0xff, 0x30, 0x0, 0x0, 0x0, 0x0,
    0x7, 0xff, 0xf7, 0x1d, 0xff, 0xe1, 0x0, 0x0,
    0x0, 0x0, 0x4f, 0xff, 0x60, 0x1, 0xcf, 0xfc,
    0x0, 0x0, 0x0, 0x0, 0x0, 0x0, 0x0, 0x0,
    0x0, 0x0, 0x0, 0x0, 0x0, 0x0, 0x0, 0x0,
    0x0, 0x0, 0x0, 0x0, 0x0, 0x0, 0xf, 0xff,
    0xff, 0x80, 0x0, 0x0, 0x0, 0xff, 0xff, 0xf9,
    0xf, 0xff, 0xff, 0x80, 0x0, 0x0, 0x0, 0xff,
    0xff, 0xf9, 0xf, 0xff, 0xff, 0x80, 0x0, 0x0,
    0x0, 0xff, 0xff, 0xf9, 0xf, 0xff, 0xff, 0x80,
    0x0, 0x0, 0x0, 0xff, 0xff, 0xf9, 0xf, 0xff,
    0xff, 0x80, 0x0, 0x0, 0x0, 0xff, 0xff, 0xf9,
    0xf, 0xff, 0xff, 0x80, 0x0, 0x0, 0x0, 0xff,
    0xff, 0xf9, 0xf, 0xff, 0xff, 0x80, 0x0, 0x0,
    0x0, 0xff, 0xff, 0xf9, 0xf, 0xff, 0xff, 0xec,
    0xcc, 0xcc, 0xcc, 0xff, 0xff, 0xf9, 0xf, 0xff,
    0xff, 0xff, 0xff, 0xff, 0xff, 0xff, 0xff, 0xf9,
    0xf, 0xff, 0xff, 0xff, 0xff, 0xff, 0xff, 0xff,
    0xff, 0xf9, 0xf, 0xff, 0xff, 0xff, 0xff, 0xff,
    0xff, 0xff, 0xff, 0xf9, 0xf, 0xff, 0xff, 0xff,
    0xff, 0xff, 0xff, 0xff, 0xff, 0xf9, 0xf, 0xff,
    0xff, 0x80, 0x0, 0x0, 0x0, 0xff, 0xff, 0xf9,
    0xf, 0xff, 0xff, 0x80, 0x0, 0x0, 0x0, 0xff,
    0xff, 0xf9, 0xf, 0xff, 0xff, 0x80, 0x0, 0x0,
    0x0, 0xff, 0xff, 0xf9, 0xf, 0xff, 0xff, 0x80,
    0x0, 0x0, 0x0, 0xff, 0xff, 0xf9, 0xf, 0xff,
    0xff, 0x80, 0x0, 0x0, 0x0, 0xff, 0xff, 0xf9,
    0xf, 0xff, 0xff, 0x80, 0x0, 0x0, 0x0, 0xff,
    0xff, 0xf9, 0xf, 0xff, 0xff, 0x80, 0x0, 0x0,
    0x0, 0xff, 0xff, 0xf9, 0xf, 0xff, 0xff, 0x80,
    0x0, 0x0, 0x0, 0xff, 0xff, 0xf9,

    /* U+0125 "ĥ" */
    0x0, 0x1, 0x78, 0x88, 0x60, 0x0, 0x0, 0x0,
    0x0, 0x0, 0x0, 0xb, 0xff, 0xff, 0xf7, 0x0,
    0x0, 0x0, 0x0, 0x0, 0x0, 0x8f, 0xff, 0xef,
    0xff, 0x40, 0x0, 0x0, 0x0, 0x0, 0x5, 0xff,
    0xf9, 0x1c, 0xff, 0xe2, 0x0, 0x0, 0x0, 0x0,
    0x3f, 0xff, 0x70, 0x0, 0xbf, 0xfd, 0x0, 0x0,
    0x0, 0x0, 0x0, 0x0, 0x0, 0x0, 0x0, 0x0,
    0x0, 0x0, 0x0, 0x0, 0x0, 0x2, 0x99, 0x99,
    0x90, 0x0, 0x0, 0x0, 0x0, 0x0, 0x0, 0x4,
    0xff, 0xff, 0xf0, 0x0, 0x0, 0x0, 0x0, 0x0,
    0x0, 0x4, 0xff, 0xff, 0xf0, 0x0, 0x0, 0x0,
    0x0, 0x0, 0x0, 0x4, 0xff, 0xff, 0xf0, 0x0,
    0x0, 0x0, 0x0, 0x0, 0x0, 0x4, 0xff, 0xff,
    0xf0, 0x0, 0x0, 0x0, 0x0, 0x0, 0x0, 0x4,
    0xff, 0xff, 0xf0, 0x0, 0x0, 0x0, 0x0, 0x0,
    0x0, 0x4, 0xff, 0xff, 0xf0, 0x4a, 0xef, 0xeb,
    0x50, 0x0, 0x0, 0x4, 0xff, 0xff, 0xfa, 0xff,
    0xff, 0xff, 0xfb, 0x0, 0x0, 0x4, 0xff, 0xff,
    0xff, 0xff, 0xff, 0xff, 0xff, 0xa0, 0x0, 0x4,
    0xff, 0xff, 0xff, 0xff, 0xff, 0xff, 0xff, 0xf3,
    0x0, 0x4, 0xff, 0xff, 0xff, 0xfc, 0xcf, 0xff,
    0xff, 0xf8, 0x0, 0x4, 0xff, 0xff, 0xfe, 0x20,
    0x3, 0xff, 0xff, 0xfb, 0x0, 0x4, 0xff, 0xff,
    0xf5, 0x0, 0x0, 0xaf, 0xff, 0xfd, 0x0, 0x4,
    0xff, 0xff, 0xf1, 0x0, 0x0, 0x8f, 0xff, 0xfd,
    0x0, 0x4, 0xff, 0xff, 0xf0, 0x0, 0x0, 0x7f,
    0xff, 0xfd, 0x0, 0x4, 0xff, 0xff, 0xf0, 0x0,
    0x0, 0x7f, 0xff, 0xfd, 0x0, 0x4, 0xff, 0xff,
    0xf0, 0x0, 0x0, 0x7f, 0xff, 0xfd, 0x0, 0x4,
    0xff, 0xff, 0xf0, 0x0, 0x0, 0x7f, 0xff, 0xfd,
    0x0, 0x4, 0xff, 0xff, 0xf0, 0x0, 0x0, 0x7f,
    0xff, 0xfd, 0x0, 0x4, 0xff, 0xff, 0xf0, 0x0,
    0x0, 0x7f, 0xff, 0xfd, 0x0, 0x4, 0xff, 0xff,
    0xf0, 0x0, 0x0, 0x7f, 0xff, 0xfd, 0x0, 0x4,
    0xff, 0xff, 0xf0, 0x0, 0x0, 0x7f, 0xff, 0xfd,

    /* U+0126 "Ħ" */
    0x0, 0x9f, 0xff, 0xff, 0x0, 0x0, 0x0, 0x7,
    0xff, 0xff, 0xf1, 0x0, 0x0, 0x9f, 0xff, 0xff,
    0x0, 0x0, 0x0, 0x7, 0xff, 0xff, 0xf1, 0x0,
    0xcf, 0xff, 0xff, 0xff, 0xff, 0xff, 0xff, 0xff,
    0xff, 0xff, 0xff, 0xf4, 0xcf, 0xff, 0xff, 0xff,
    0xff, 0xff, 0xff, 0xff, 0xff, 0xff, 0xff, 0xf4,
    0xcf, 0xff, 0xff, 0xff, 0xff, 0xff, 0xff, 0xff,
    0xff, 0xff, 0xff, 0xf4, 0x68, 0xcf, 0xff, 0xff,
    0x88, 0x88, 0x88, 0x8c, 0xff, 0xff, 0xf9, 0x82,
    0x0, 0x9f, 0xff, 0xff, 0x0, 0x0, 0x0, 0x7,
    0xff, 0xff, 0xf1, 0x0, 0x0, 0x9f, 0xff, 0xff,
    0x99, 0x99, 0x99, 0x9c, 0xff, 0xff, 0xf1, 0x0,
    0x0, 0x9f, 0xff, 0xff, 0xff, 0xff, 0xff, 0xff,
    0xff, 0xff, 0xf1, 0x0, 0x0, 0x9f, 0xff, 0xff,
    0xff, 0xff, 0xff, 0xff, 0xff, 0xff, 0xf1, 0x0,
    0x0, 0x9f, 0xff, 0xff, 0xff, 0xff, 0xff, 0xff,
    0xff, 0xff, 0xf1, 0x0, 0x0, 0x9f, 0xff, 0xff,
    0xff, 0xff, 0xff, 0xff, 0xff, 0xff, 0xf1, 0x0,
    0x0, 0x9f, 0xff, 0xff, 0x0, 0x0, 0x0, 0x7,
    0xff, 0xff, 0xf1, 0x0, 0x0, 0x9f, 0xff, 0xff,
    0x0, 0x0, 0x0, 0x7, 0xff, 0xff, 0xf1, 0x0,
    0x0, 0x9f, 0xff, 0xff, 0x0, 0x0, 0x0, 0x7,
    0xff, 0xff, 0xf1, 0x0, 0x0, 0x9f, 0xff, 0xff,
    0x0, 0x0, 0x0, 0x7, 0xff, 0xff, 0xf1, 0x0,
    0x0, 0x9f, 0xff, 0xff, 0x0, 0x0, 0x0, 0x7,
    0xff, 0xff, 0xf1, 0x0, 0x0, 0x9f, 0xff, 0xff,
    0x0, 0x0, 0x0, 0x7, 0xff, 0xff, 0xf1, 0x0,
    0x0, 0x9f, 0xff, 0xff, 0x0, 0x0, 0x0, 0x7,
    0xff, 0xff, 0xf1, 0x0, 0x0, 0x9f, 0xff, 0xff,
    0x0, 0x0, 0x0, 0x7, 0xff, 0xff, 0xf1, 0x0,

    /* U+0127 "ħ" */
    0x0, 0x8, 0x99, 0x99, 0x30, 0x0, 0x0, 0x0,
    0x0, 0x0, 0x0, 0xf, 0xff, 0xff, 0x50, 0x0,
    0x0, 0x0, 0x0, 0x0, 0x1f, 0xff, 0xff, 0xff,
    0xff, 0xff, 0xe0, 0x0, 0x0, 0x0, 0x1f, 0xff,
    0xff, 0xff, 0xff, 0xff, 0xe0, 0x0, 0x0, 0x0,
    0xe, 0xef, 0xff, 0xff, 0xfe, 0xee, 0xc0, 0x0,
    0x0, 0x0, 0x0, 0xf, 0xff, 0xff, 0x50, 0x0,
    0x0, 0x0, 0x0, 0x0, 0x0, 0xf, 0xff, 0xff,
    0x52, 0x9d, 0xfe, 0xc7, 0x10, 0x0, 0x0, 0xf,
    0xff, 0xff, 0xbf, 0xff, 0xff, 0xff, 0xe3, 0x0,
    0x0, 0xf, 0xff, 0xff, 0xff, 0xff, 0xff, 0xff,
    0xfe, 0x10, 0x0, 0xf, 0xff, 0xff, 0xff, 0xff,
    0xff, 0xff, 0xff, 0x70, 0x0, 0xf, 0xff, 0xff,
    0xff, 0xdb, 0xef, 0xff, 0xff, 0xd0, 0x0, 0xf,
    0xff, 0xff, 0xf5, 0x0, 0x1d, 0xff, 0xff, 0xf0,
    0x0, 0xf, 0xff, 0xff, 0xa0, 0x0, 0x5, 0xff,
    0xff, 0xf1, 0x0, 0xf, 0xff, 0xff, 0x60, 0x0,
    0x3, 0xff, 0xff, 0xf2, 0x0, 0xf, 0xff, 0xff,
    0x50, 0x0, 0x2, 0xff, 0xff, 0xf2, 0x0, 0xf,
    0xff, 0xff, 0x50, 0x0, 0x2, 0xff, 0xff, 0xf2,
    0x0, 0xf, 0xff, 0xff, 0x50, 0x0, 0x2, 0xff,
    0xff, 0xf2, 0x0, 0xf, 0xff, 0xff, 0x50, 0x0,
    0x2, 0xff, 0xff, 0xf2, 0x0, 0xf, 0xff, 0xff,
    0x50, 0x0, 0x2, 0xff, 0xff, 0xf2, 0x0, 0xf,
    0xff, 0xff, 0x50, 0x0, 0x2, 0xff, 0xff, 0xf2,
    0x0, 0xf, 0xff, 0xff, 0x50, 0x0, 0x2, 0xff,
    0xff, 0xf2, 0x0, 0xf, 0xff, 0xff, 0x50, 0x0,
    0x2, 0xff, 0xff, 0xf2,

    /* U+0128 "Ĩ" */
    0x0, 0x6a, 0x93, 0x0, 0x79, 0x80, 0x8f, 0xff,
    0xf6, 0x1e, 0xfc, 0xf, 0xff, 0xff, 0xff, 0xff,
    0x94, 0xff, 0xa7, 0xff, 0xff, 0xf2, 0x6f, 0xf3,
    0x3, 0xcf, 0xd5, 0x0, 0x0, 0x0, 0x0, 0x0,
    0x0, 0x0, 0x0, 0x0, 0x0, 0x0, 0x0, 0x0,
    0xff, 0xff, 0xf8, 0x0, 0x0, 0xf, 0xff, 0xff,
    0x80, 0x0, 0x0, 0xff, 0xff, 0xf8, 0x0, 0x0,
    0xf, 0xff, 0xff, 0x80, 0x0, 0x0, 0xff, 0xff,
    0xf8, 0x0, 0x0, 0xf, 0xff, 0xff, 0x80, 0x0,
    0x0, 0xff, 0xff, 0xf8, 0x0, 0x0, 0xf, 0xff,
    0xff, 0x80, 0x0, 0x0, 0xff, 0xff, 0xf8, 0x0,
    0x0, 0xf, 0xff, 0xff, 0x80, 0x0, 0x0, 0xff,
    0xff, 0xf8, 0x0, 0x0, 0xf, 0xff, 0xff, 0x80,
    0x0, 0x0, 0xff, 0xff, 0xf8, 0x0, 0x0, 0xf,
    0xff, 0xff, 0x80, 0x0, 0x0, 0xff, 0xff, 0xf8,
    0x0, 0x0, 0xf, 0xff, 0xff, 0x80, 0x0, 0x0,
    0xff, 0xff, 0xf8, 0x0, 0x0, 0xf, 0xff, 0xff,
    0x80, 0x0, 0x0, 0xff, 0xff, 0xf8, 0x0, 0x0,
    0xf, 0xff, 0xff, 0x80, 0x0,

    /* U+0129 "ĩ" */
    0x4, 0xdf, 0xb2, 0x2, 0xaa, 0x31, 0xff, 0xff,
    0xe3, 0x7f, 0xf4, 0x5f, 0xff, 0xff, 0xff, 0xff,
    0x18, 0xff, 0x47, 0xff, 0xff, 0xb0, 0x5a, 0x90,
    0x4, 0xdf, 0xb1, 0x0, 0x0, 0x0, 0x0, 0x0,
    0x0, 0x0, 0x4f, 0xff, 0xff, 0x0, 0x0, 0x4,
    0xff, 0xff, 0xf0, 0x0, 0x0, 0x4f, 0xff, 0xff,
    0x0, 0x0, 0x4, 0xff, 0xff, 0xf0, 0x0, 0x0,
    0x4f, 0xff, 0xff, 0x0, 0x0, 0x4, 0xff, 0xff,
    0xf0, 0x0, 0x0, 0x4f, 0xff, 0xff, 0x0, 0x0,
    0x4, 0xff, 0xff, 0xf0, 0x0, 0x0, 0x4f, 0xff,
    0xff, 0x0, 0x0, 0x4, 0xff, 0xff, 0xf0, 0x0,
    0x0, 0x4f, 0xff, 0xff, 0x0, 0x0, 0x4, 0xff,
    0xff, 0xf0, 0x0, 0x0, 0x4f, 0xff, 0xff, 0x0,
    0x0, 0x4, 0xff, 0xff, 0xf0, 0x0, 0x0, 0x4f,
    0xff, 0xff, 0x0, 0x0, 0x4, 0xff, 0xff, 0xf0,
    0x0,

    /* U+012A "Ī" */
    0xbf, 0xff, 0xff, 0xff, 0xf3, 0xcf, 0xff, 0xff,
    0xff, 0xf3, 0xcf, 0xff, 0xff, 0xff, 0xf3, 0x0,
    0x0, 0x0, 0x0, 0x0, 0x0, 0x0, 0x0, 0x0,
    0x0, 0x0, 0x0, 0x0, 0x0, 0x0, 0x0, 0xff,
    0xff, 0xf8, 0x0, 0x0, 0xff, 0xff, 0xf8, 0x0,
    0x0, 0xff, 0xff, 0xf8, 0x0, 0x0, 0xff, 0xff,
    0xf8, 0x0, 0x0, 0xff, 0xff, 0xf8, 0x0, 0x0,
    0xff, 0xff, 0xf8, 0x0, 0x0, 0xff, 0xff, 0xf8,
    0x0, 0x0, 0xff, 0xff, 0xf8, 0x0, 0x0, 0xff,
    0xff, 0xf8, 0x0, 0x0, 0xff, 0xff, 0xf8, 0x0,
    0x0, 0xff, 0xff, 0xf8, 0x0, 0x0, 0xff, 0xff,
    0xf8, 0x0, 0x0, 0xff, 0xff, 0xf8, 0x0, 0x0,
    0xff, 0xff, 0xf8, 0x0, 0x0, 0xff, 0xff, 0xf8,
    0x0, 0x0, 0xff, 0xff, 0xf8, 0x0, 0x0, 0xff,
    0xff, 0xf8, 0x0, 0x0, 0xff, 0xff, 0xf8, 0x0,
    0x0, 0xff, 0xff, 0xf8, 0x0, 0x0, 0xff, 0xff,
    0xf8, 0x0,

    /* U+012B "ī" */
    0x1f, 0xff, 0xff, 0xff, 0xfd, 0x1f, 0xff, 0xff,
    0xff, 0xfd, 0x1f, 0xff, 0xff, 0xff, 0xfd, 0x0,
    0x0, 0x0, 0x0, 0x0, 0x0, 0x0, 0x0, 0x0,
    0x0, 0x0, 0x4f, 0xff, 0xff, 0x0, 0x0, 0x4f,
    0xff, 0xff, 0x0, 0x0, 0x4f, 0xff, 0xff, 0x0,
    0x0, 0x4f, 0xff, 0xff, 0x0, 0x0, 0x4f, 0xff,
    0xff, 0x0, 0x0, 0x4f, 0xff, 0xff, 0x0, 0x0,
    0x4f, 0xff, 0xff, 0x0, 0x0, 0x4f, 0xff, 0xff,
    0x0, 0x0, 0x4f, 0xff, 0xff, 0x0, 0x0, 0x4f,
    0xff, 0xff, 0x0, 0x0, 0x4f, 0xff, 0xff, 0x0,
    0x0, 0x4f, 0xff, 0xff, 0x0, 0x0, 0x4f, 0xff,
    0xff, 0x0, 0x0, 0x4f, 0xff, 0xff, 0x0, 0x0,
    0x4f, 0xff, 0xff, 0x0, 0x0, 0x4f, 0xff, 0xff,
    0x0,

    /* U+012C "Ĭ" */
    0x58, 0x84, 0x0, 0x0, 0x88, 0x81, 0x9f, 0xfd,
    0x10, 0x8, 0xff, 0xf1, 0x3f, 0xff, 0xfc, 0xef,
    0xff, 0xa0, 0x7, 0xff, 0xff, 0xff, 0xfd, 0x10,
    0x0, 0x3a, 0xef, 0xfc, 0x70, 0x0, 0x0, 0x0,
    0x0, 0x0, 0x0, 0x0, 0x0, 0x0, 0x0, 0x0,
    0x0, 0x0, 0x0, 0xf, 0xff, 0xff, 0x80, 0x0,
    0x0, 0xf, 0xff, 0xff, 0x80, 0x0, 0x0, 0xf,
    0xff, 0xff, 0x80, 0x0, 0x0, 0xf, 0xff, 0xff,
    0x80, 0x0, 0x0, 0xf, 0xff, 0xff, 0x80, 0x0,
    0x0, 0xf, 0xff, 0xff, 0x80, 0x0, 0x0, 0xf,
    0xff, 0xff, 0x80, 0x0, 0x0, 0xf, 0xff, 0xff,
    0x80, 0x0, 0x0, 0xf, 0xff, 0xff, 0x80, 0x0,
    0x0, 0xf, 0xff, 0xff, 0x80, 0x0, 0x0, 0xf,
    0xff, 0xff, 0x80, 0x0, 0x0, 0xf, 0xff, 0xff,
    0x80, 0x0, 0x0, 0xf, 0xff, 0xff, 0x80, 0x0,
    0x0, 0xf, 0xff, 0xff, 0x80, 0x0, 0x0, 0xf,
    0xff, 0xff, 0x80, 0x0, 0x0, 0xf, 0xff, 0xff,
    0x80, 0x0, 0x0, 0xf, 0xff, 0xff, 0x80, 0x0,
    0x0, 0xf, 0xff, 0xff, 0x80, 0x0, 0x0, 0xf,
    0xff, 0xff, 0x80, 0x0, 0x0, 0xf, 0xff, 0xff,
    0x80, 0x0,

    /* U+012D "ĭ" */
    0x6f, 0xfc, 0x0, 0xf, 0xff, 0x13, 0xff, 0xf4,
    0x8, 0xff, 0xe0, 0xc, 0xff, 0xff, 0xff, 0xf8,
    0x0, 0x1d, 0xff, 0xff, 0xfa, 0x0, 0x0, 0x5,
    0x9a, 0x94, 0x0, 0x0, 0x0, 0x0, 0x0, 0x0,
    0x0, 0x0, 0x4f, 0xff, 0xff, 0x0, 0x0, 0x4,
    0xff, 0xff, 0xf0, 0x0, 0x0, 0x4f, 0xff, 0xff,
    0x0, 0x0, 0x4, 0xff, 0xff, 0xf0, 0x0, 0x0,
    0x4f, 0xff, 0xff, 0x0, 0x0, 0x4, 0xff, 0xff,
    0xf0, 0x0, 0x0, 0x4f, 0xff, 0xff, 0x0, 0x0,
    0x4, 0xff, 0xff, 0xf0, 0x0, 0x0, 0x4f, 0xff,
    0xff, 0x0, 0x0, 0x4, 0xff, 0xff, 0xf0, 0x0,
    0x0, 0x4f, 0xff, 0xff, 0x0, 0x0, 0x4, 0xff,
    0xff, 0xf0, 0x0, 0x0, 0x4f, 0xff, 0xff, 0x0,
    0x0, 0x4, 0xff, 0xff, 0xf0, 0x0, 0x0, 0x4f,
    0xff, 0xff, 0x0, 0x0, 0x4, 0xff, 0xff, 0xf0,
    0x0,

    /* U+012E "Į" */
    0xf, 0xff, 0xff, 0x80, 0xf, 0xff, 0xff, 0x80,
    0xf, 0xff, 0xff, 0x80, 0xf, 0xff, 0xff, 0x80,
    0xf, 0xff, 0xff, 0x80, 0xf, 0xff, 0xff, 0x80,
    0xf, 0xff, 0xff, 0x80, 0xf, 0xff, 0xff, 0x80,
    0xf, 0xff, 0xff, 0x80, 0xf, 0xff, 0xff, 0x80,
    0xf, 0xff, 0xff, 0x80, 0xf, 0xff, 0xff, 0x80,
    0xf, 0xff, 0xff, 0x80, 0xf, 0xff, 0xff, 0x80,
    0xf, 0xff, 0xff, 0x80, 0xf, 0xff, 0xff, 0x80,
    0xf, 0xff, 0xff, 0x80, 0xf, 0xff, 0xff, 0x80,
    0xf, 0xff, 0xff, 0x80, 0xf, 0xff, 0xff, 0x90,
    0x0, 0x5f, 0xfd, 0x10, 0x1, 0xff, 0xf2, 0x0,
    0x6, 0xff, 0xb0, 0x0, 0x8, 0xff, 0xb0, 0x0,
    0x6, 0xff, 0xfb, 0xa0, 0x1, 0xef, 0xff, 0xf1,
    0x0, 0x2a, 0xef, 0xb1,

    /* U+012F "į" */
    0x7, 0xdf, 0xc4, 0x6, 0xff, 0xff, 0xf3, 0xcf,
    0xff, 0xff, 0x8c, 0xff, 0xff, 0xf7, 0x5f, 0xff,
    0xff, 0x20, 0x5b, 0xda, 0x20, 0x0, 0x0, 0x0,
    0x4, 0xff, 0xff, 0xf0, 0x4f, 0xff, 0xff, 0x4,
    0xff, 0xff, 0xf0, 0x4f, 0xff, 0xff, 0x4, 0xff,
    0xff, 0xf0, 0x4f, 0xff, 0xff, 0x4, 0xff, 0xff,
    0xf0, 0x4f, 0xff, 0xff, 0x4, 0xff, 0xff, 0xf0,
    0x4f, 0xff, 0xff, 0x4, 0xff, 0xff, 0xf0, 0x4f,
    0xff, 0xff, 0x4, 0xff, 0xff, 0xf0, 0x4f, 0xff,
    0xff, 0x4, 0xff, 0xff, 0xf0, 0x4f, 0xff, 0xff,
    0x0, 0xc, 0xff, 0x80, 0x8, 0xff, 0xa0, 0x0,
    0xef, 0xf3, 0x0, 0xf, 0xff, 0x40, 0x0, 0xef,
    0xfe, 0xb4, 0x7, 0xff, 0xff, 0x90, 0x6, 0xdf,
    0xe7,

    /* U+0130 "İ" */
    0x0, 0x6a, 0x91, 0x0, 0x8f, 0xff, 0xe1, 0xf,
    0xff, 0xff, 0x60, 0xff, 0xff, 0xf6, 0xb, 0xff,
    0xff, 0x20, 0x1a, 0xfd, 0x50, 0x0, 0x0, 0x0,
    0x0, 0x0, 0x0, 0x0, 0xf, 0xff, 0xff, 0x80,
    0xff, 0xff, 0xf8, 0xf, 0xff, 0xff, 0x80, 0xff,
    0xff, 0xf8, 0xf, 0xff, 0xff, 0x80, 0xff, 0xff,
    0xf8, 0xf, 0xff, 0xff, 0x80, 0xff, 0xff, 0xf8,
    0xf, 0xff, 0xff, 0x80, 0xff, 0xff, 0xf8, 0xf,
    0xff, 0xff, 0x80, 0xff, 0xff, 0xf8, 0xf, 0xff,
    0xff, 0x80, 0xff, 0xff, 0xf8, 0xf, 0xff, 0xff,
    0x80, 0xff, 0xff, 0xf8, 0xf, 0xff, 0xff, 0x80,
    0xff, 0xff, 0xf8, 0xf, 0xff, 0xff, 0x80, 0xff,
    0xff, 0xf8,

    /* U+0131 "ı" */
    0x4f, 0xff, 0xff, 0x4, 0xff, 0xff, 0xf0, 0x4f,
    0xff, 0xff, 0x4, 0xff, 0xff, 0xf0, 0x4f, 0xff,
    0xff, 0x4, 0xff, 0xff, 0xf0, 0x4f, 0xff, 0xff,
    0x4, 0xff, 0xff, 0xf0, 0x4f, 0xff, 0xff, 0x4,
    0xff, 0xff, 0xf0, 0x4f, 0xff, 0xff, 0x4, 0xff,
    0xff, 0xf0, 0x4f, 0xff, 0xff, 0x4, 0xff, 0xff,
    0xf0, 0x4f, 0xff, 0xff, 0x4, 0xff, 0xff, 0xf0,

    /* U+0132 "Ĳ" */
    0x3f, 0xff, 0xff, 0x50, 0x0, 0x0, 0xff, 0xff,
    0xf8, 0x3f, 0xff, 0xff, 0x50, 0x0, 0x0, 0xff,
    0xff, 0xf8, 0x3f, 0xff, 0xff, 0x50, 0x0, 0x0,
    0xff, 0xff, 0xf8, 0x3f, 0xff, 0xff, 0x50, 0x0,
    0x0, 0xff, 0xff, 0xf8, 0x3f, 0xff, 0xff, 0x50,
    0x0, 0x0, 0xff, 0xff, 0xf8, 0x3f, 0xff, 0xff,
    0x50, 0x0, 0x0, 0xff, 0xff, 0xf8, 0x3f, 0xff,
    0xff, 0x50, 0x0, 0x0, 0xff, 0xff, 0xf8, 0x3f,
    0xff, 0xff, 0x50, 0x0, 0x0, 0xff, 0xff, 0xf8,
    0x3f, 0xff, 0xff, 0x50, 0x0, 0x0, 0xff, 0xff,
    0xf8, 0x3f, 0xff, 0xff, 0x50, 0x0, 0x0, 0xff,
    0xff, 0xf8, 0x2c, 0xcc, 0xcc, 0x40, 0x0, 0x0,
    0xff, 0xff, 0xf8, 0x0, 0x0, 0x0, 0x0, 0x0,
    0x0, 0xff, 0xff, 0xf7, 0x0, 0x0, 0x0, 0x0,
    0x0, 0x3, 0xff, 0xff, 0xf6, 0x0, 0x10, 0x0,
    0x0, 0x0, 0x8, 0xff, 0xff, 0xf3, 0x1, 0xfb,
    0x50, 0x0, 0x0, 0x6f, 0xff, 0xff, 0xe0, 0x9,
    0xff, 0xff, 0xcb, 0xbe, 0xff, 0xff, 0xff, 0x70,
    0x1f, 0xff, 0xff, 0xff, 0xff, 0xff, 0xff, 0xfc,
    0x0, 0x7f, 0xff, 0xff, 0xff, 0xff, 0xff, 0xff,
    0xd1, 0x0, 0x6, 0xdf, 0xff, 0xff, 0xff, 0xff,
    0xfa, 0x0, 0x0, 0x0, 0x4, 0x8c, 0xef, 0xfe,
    0xc8, 0x20, 0x0, 0x0,

    /* U+0133 "ĳ" */
    0x7, 0xdf, 0xc4, 0x0, 0x0, 0x7d, 0xfc, 0x40,
    0x6f, 0xff, 0xff, 0x30, 0x7, 0xff, 0xff, 0xf3,
    0xcf, 0xff, 0xff, 0x80, 0xc, 0xff, 0xff, 0xf8,
    0xcf, 0xff, 0xff, 0x70, 0xc, 0xff, 0xff, 0xf7,
    0x5f, 0xff, 0xff, 0x20, 0x5, 0xff, 0xff, 0xf2,
    0x5, 0xbd, 0xa2, 0x0, 0x0, 0x5b, 0xda, 0x20,
    0x0, 0x0, 0x0, 0x0, 0x0, 0x0, 0x0, 0x0,
    0x4f, 0xff, 0xff, 0x0, 0x4, 0xff, 0xff, 0xf0,
    0x4f, 0xff, 0xff, 0x0, 0x4, 0xff, 0xff, 0xf0,
    0x4f, 0xff, 0xff, 0x0, 0x4, 0xff, 0xff, 0xf0,
    0x4f, 0xff, 0xff, 0x0, 0x4, 0xff, 0xff, 0xf0,
    0x4f, 0xff, 0xff, 0x0, 0x4, 0xff, 0xff, 0xf0,
    0x4f, 0xff, 0xff, 0x0, 0x4, 0xff, 0xff, 0xf0,
    0x4f, 0xff, 0xff, 0x0, 0x4, 0xff, 0xff, 0xf0,
    0x4f, 0xff, 0xff, 0x0, 0x4, 0xff, 0xff, 0xf0,
    0x4f, 0xff, 0xff, 0x0, 0x4, 0xff, 0xff, 0xf0,
    0x4f, 0xff, 0xff, 0x0, 0x4, 0xff, 0xff, 0xf0,
    0x4f, 0xff, 0xff, 0x0, 0x4, 0xff, 0xff, 0xf0,
    0x4f, 0xff, 0xff, 0x0, 0x4, 0xff, 0xff, 0xf0,
    0x4f, 0xff, 0xff, 0x0, 0x4, 0xff, 0xff, 0xf0,
    0x4f, 0xff, 0xff, 0x0, 0x4, 0xff, 0xff, 0xf0,
    0x4f, 0xff, 0xff, 0x0, 0x4, 0xff, 0xff, 0xf0,
    0x4f, 0xff, 0xff, 0x0, 0x4, 0xff, 0xff, 0xf0,
    0x0, 0x0, 0x0, 0x0, 0x6, 0xff, 0xff, 0xf0,
    0x0, 0x0, 0x0, 0x75, 0x5e, 0xff, 0xff, 0xc0,
    0x0, 0x0, 0x0, 0xef, 0xff, 0xff, 0xff, 0x70,
    0x0, 0x0, 0x4, 0xff, 0xff, 0xff, 0xfe, 0x10,
    0x0, 0x0, 0xa, 0xff, 0xff, 0xff, 0xe3, 0x0,
    0x0, 0x0, 0x5, 0xbd, 0xff, 0xd8, 0x10, 0x0,

    /* U+0134 "Ĵ" */
    0x0, 0x0, 0x1, 0xef, 0xff, 0xf5, 0x0, 0x0,
    0x0, 0x0, 0xcf, 0xff, 0xff, 0xf3, 0x0, 0x0,
    0x0, 0xaf, 0xff, 0x8e, 0xff, 0xe1, 0x0, 0x0,
    0x7f, 0xff, 0x50, 0x2d, 0xff, 0xc0, 0x0, 0x7,
    0x88, 0x40, 0x0, 0x17, 0x88, 0x30, 0x0, 0x0,
    0x0, 0x0, 0x0, 0x0, 0x0, 0x0, 0x0, 0x0,
    0x0, 0x0, 0x0, 0x0, 0x0, 0x7, 0xff, 0xff,
    0xff, 0xff, 0xff, 0xfc, 0x0, 0x7f, 0xff, 0xff,
    0xff, 0xff, 0xff, 0xc0, 0x7, 0xff, 0xff, 0xff,
    0xff, 0xff, 0xfc, 0x0, 0x7f, 0xff, 0xff, 0xff,
    0xff, 0xff, 0xc0, 0x3, 0x77, 0x77, 0x77, 0xdf,
    0xff, 0xfc, 0x0, 0x0, 0x0, 0x0, 0xb, 0xff,
    0xff, 0xc0, 0x0, 0x0, 0x0, 0x0, 0xbf, 0xff,
    0xfc, 0x0, 0x0, 0x0, 0x0, 0xb, 0xff, 0xff,
    0xc0, 0x0, 0x0, 0x0, 0x0, 0xbf, 0xff, 0xfc,
    0x0, 0x0, 0x0, 0x0, 0xb, 0xff, 0xff, 0xc0,
    0x0, 0x0, 0x0, 0x0, 0xbf, 0xff, 0xfc, 0x0,
    0x0, 0x0, 0x0, 0xb, 0xff, 0xff, 0xc0, 0x0,
    0x0, 0x0, 0x0, 0xbf, 0xff, 0xfc, 0x0, 0x4,
    0x0, 0x0, 0xc, 0xff, 0xff, 0xb0, 0x7, 0xf8,
    0x0, 0x3, 0xff, 0xff, 0xf9, 0x4, 0xff, 0xfe,
    0xab, 0xff, 0xff, 0xff, 0x52, 0xff, 0xff, 0xff,
    0xff, 0xff, 0xff, 0xe0, 0x2e, 0xff, 0xff, 0xff,
    0xff, 0xff, 0xf5, 0x0, 0x2b, 0xff, 0xff, 0xff,
    0xff, 0xf6, 0x0, 0x0, 0x4, 0x9d, 0xef, 0xec,
    0x71, 0x0, 0x0,

    /* U+0135 "ĵ" */
    0x0, 0x0, 0x1e, 0xff, 0xff, 0x30, 0x0, 0x0,
    0xa, 0xff, 0xff, 0xfd, 0x0, 0x0, 0x5, 0xff,
    0xfb, 0xff, 0xf8, 0x0, 0x1, 0xef, 0xfa, 0x7,
    0xff, 0xf3, 0x0, 0x36, 0x66, 0x0, 0x5, 0x66,
    0x40, 0x0, 0x0, 0x0, 0x0, 0x0, 0x0, 0x0,
    0x0, 0x1f, 0xff, 0xff, 0x40, 0x0, 0x0, 0x1,
    0xff, 0xff, 0xf4, 0x0, 0x0, 0x0, 0x1f, 0xff,
    0xff, 0x40, 0x0, 0x0, 0x1, 0xff, 0xff, 0xf4,
    0x0, 0x0, 0x0, 0x1f, 0xff, 0xff, 0x40, 0x0,
    0x0, 0x1, 0xff, 0xff, 0xf4, 0x0, 0x0, 0x0,
    0x1f, 0xff, 0xff, 0x40, 0x0, 0x0, 0x1, 0xff,
    0xff, 0xf4, 0x0, 0x0, 0x0, 0x1f, 0xff, 0xff,
    0x40, 0x0, 0x0, 0x1, 0xff, 0xff, 0xf4, 0x0,
    0x0, 0x0, 0x1f, 0xff, 0xff, 0x40, 0x0, 0x0,
    0x1, 0xff, 0xff, 0xf4, 0x0, 0x0, 0x0, 0x1f,
    0xff, 0xff, 0x40, 0x0, 0x0, 0x1, 0xff, 0xff,
    0xf4, 0x0, 0x0, 0x0, 0x1f, 0xff, 0xff, 0x40,
    0x0, 0x0, 0x1, 0xff, 0xff, 0xf3, 0x0, 0x0,
    0x0, 0x3f, 0xff, 0xff, 0x20, 0x0, 0x46, 0x5c,
    0xff, 0xff, 0xf0, 0x0, 0xb, 0xff, 0xff, 0xff,
    0xfb, 0x0, 0x1, 0xff, 0xff, 0xff, 0xff, 0x30,
    0x0, 0x6f, 0xff, 0xff, 0xff, 0x50, 0x0, 0x3,
    0xad, 0xff, 0xd9, 0x20, 0x0, 0x0,

    /* U+0136 "Ķ" */
    0xf, 0xff, 0xff, 0x70, 0x0, 0x0, 0x6, 0xff,
    0xff, 0xfa, 0x0, 0xff, 0xff, 0xf7, 0x0, 0x0,
    0x5, 0xff, 0xff, 0xfc, 0x0, 0xf, 0xff, 0xff,
    0x70, 0x0, 0x4, 0xff, 0xff, 0xfd, 0x10, 0x0,
    0xff, 0xff, 0xf7, 0x0, 0x3, 0xff, 0xff, 0xfe,
    0x10, 0x0, 0xf, 0xff, 0xff, 0x70, 0x2, 0xef,
    0xff, 0xfe, 0x20, 0x0, 0x0, 0xff, 0xff, 0xf7,
    0x1, 0xef, 0xff, 0xff, 0x30, 0x0, 0x0, 0xf,
    0xff, 0xff, 0x71, 0xdf, 0xff, 0xff, 0x40, 0x0,
    0x0, 0x0, 0xff, 0xff, 0xf7, 0xcf, 0xff, 0xff,
    0x60, 0x0, 0x0, 0x0, 0xf, 0xff, 0xff, 0xff,
    0xff, 0xff, 0x70, 0x0, 0x0, 0x0, 0x0, 0xff,
    0xff, 0xff, 0xff, 0xff, 0xfa, 0x0, 0x0, 0x0,
    0x0, 0xf, 0xff, 0xff, 0xff, 0xff, 0xff, 0xf6,
    0x0, 0x0, 0x0, 0x0, 0xff, 0xff, 0xff, 0xff,
    0xff, 0xff, 0xf2, 0x0, 0x0, 0x0, 0xf, 0xff,
    0xff, 0xff, 0xff, 0xff, 0xff, 0xd0, 0x0, 0x0,
    0x0, 0xff, 0xff, 0xff, 0xc1, 0xdf, 0xff, 0xff,
    0xa0, 0x0, 0x0, 0xf, 0xff, 0xff, 0xd1, 0x3,
    0xff, 0xff, 0xff, 0x60, 0x0, 0x0, 0xff, 0xff,
    0xf7, 0x0, 0x6, 0xff, 0xff, 0xff, 0x30, 0x0,
    0xf, 0xff, 0xff, 0x70, 0x0, 0x9, 0xff, 0xff,
    0xfd, 0x0, 0x0, 0xff, 0xff, 0xf7, 0x0, 0x0,
    0xc, 0xff, 0xff, 0xfa, 0x0, 0xf, 0xff, 0xff,
    0x70, 0x0, 0x0, 0x1e, 0xff, 0xff, 0xf6, 0x0,
    0xff, 0xff, 0xf7, 0x0, 0x0, 0x0, 0x4f, 0xff,
    0xff, 0xf3, 0x0, 0x0, 0x0, 0x0, 0x0, 0x0,
    0x0, 0x0, 0x0, 0x0, 0x0, 0x0, 0x0, 0x0,
    0x0, 0x0, 0x0, 0x0, 0x0, 0x0, 0x0, 0x0,
    0x0, 0x0, 0x0, 0xbf, 0xd4, 0x0, 0x0, 0x0,
    0x0, 0x0, 0x0, 0x0, 0x0, 0x6f, 0xff, 0xd0,
    0x0, 0x0, 0x0, 0x0, 0x0, 0x0, 0x0, 0x6,
    0xff, 0xfd, 0x0, 0x0, 0x0, 0x0, 0x0, 0x0,
    0x0, 0x0, 0xb, 0xff, 0x80, 0x0, 0x0, 0x0,
    0x0, 0x0, 0x0, 0x0, 0x0, 0xaf, 0xf1, 0x0,
    0x0, 0x0, 0x0, 0x0, 0x0, 0x0, 0x0, 0xe,
    0xf8, 0x0, 0x0, 0x0, 0x0, 0x0,

    /* U+0137 "ķ" */
    0x29, 0x99, 0x99, 0x0, 0x0, 0x0, 0x0, 0x0,
    0x0, 0x4, 0xff, 0xff, 0xf0, 0x0, 0x0, 0x0,
    0x0, 0x0, 0x0, 0x4f, 0xff, 0xff, 0x0, 0x0,
    0x0, 0x0, 0x0, 0x0, 0x4, 0xff, 0xff, 0xf0,
    0x0, 0x0, 0x0, 0x0, 0x0, 0x0, 0x4f, 0xff,
    0xff, 0x0, 0x0, 0x0, 0x0, 0x0, 0x0, 0x4,
    0xff, 0xff, 0xf0, 0x0, 0x0, 0x0, 0x0, 0x0,
    0x0, 0x4f, 0xff, 0xff, 0x0, 0x0, 0x2e, 0xff,
    0xff, 0xf5, 0x4, 0xff, 0xff, 0xf0, 0x0, 0x2e,
    0xff, 0xff, 0xf6, 0x0, 0x4f, 0xff, 0xff, 0x0,
    0x1d, 0xff, 0xff, 0xf7, 0x0, 0x4, 0xff, 0xff,
    0xf0, 0x1d, 0xff, 0xff, 0xf8, 0x0, 0x0, 0x4f,
    0xff, 0xff, 0x2d, 0xff, 0xff, 0xf9, 0x0, 0x0,
    0x4, 0xff, 0xff, 0xfd, 0xff, 0xff, 0xfa, 0x0,
    0x0, 0x0, 0x4f, 0xff, 0xff, 0xff, 0xff, 0xfc,
    0x0, 0x0, 0x0, 0x4, 0xff, 0xff, 0xff, 0xff,
    0xff, 0xd1, 0x0, 0x0, 0x0, 0x4f, 0xff, 0xff,
    0xff, 0xff, 0xff, 0xb0, 0x0, 0x0, 0x4, 0xff,
    0xff, 0xff, 0xff, 0xff, 0xff, 0x60, 0x0, 0x0,
    0x4f, 0xff, 0xff, 0xfb, 0xff, 0xff, 0xff, 0x30,
    0x0, 0x4, 0xff, 0xff, 0xf9, 0x8, 0xff, 0xff,
    0xfd, 0x0, 0x0, 0x4f, 0xff, 0xff, 0x0, 0xc,
    0xff, 0xff, 0xfa, 0x0, 0x4, 0xff, 0xff, 0xf0,
    0x0, 0x1e, 0xff, 0xff, 0xf6, 0x0, 0x4f, 0xff,
    0xff, 0x0, 0x0, 0x4f, 0xff, 0xff, 0xf3, 0x4,
    0xff, 0xff, 0xf0, 0x0, 0x0, 0x8f, 0xff, 0xff,
    0xd0, 0x0, 0x0, 0x0, 0x0, 0x0, 0x0, 0x0,
    0x0, 0x0, 0x0, 0x0, 0x0, 0x0, 0x0, 0x0,
    0x0, 0x0, 0x0, 0x0, 0x0, 0x0, 0x0, 0x8e,
    0xe7, 0x0, 0x0, 0x0, 0x0, 0x0, 0x0, 0x0,
    0x2f, 0xff, 0xf1, 0x0, 0x0, 0x0, 0x0, 0x0,
    0x0, 0x2, 0xff, 0xff, 0x10, 0x0, 0x0, 0x0,
    0x0, 0x0, 0x0, 0x7, 0xff, 0xd0, 0x0, 0x0,
    0x0, 0x0, 0x0, 0x0, 0x0, 0x6f, 0xf5, 0x0,
    0x0, 0x0, 0x0, 0x0, 0x0, 0x0, 0xb, 0xfc,
    0x0, 0x0, 0x0, 0x0, 0x0,

    /* U+0138 "ĸ" */
    0x4f, 0xff, 0xff, 0x0, 0x0, 0x2e, 0xff, 0xff,
    0xf5, 0x4, 0xff, 0xff, 0xf0, 0x0, 0x2e, 0xff,
    0xff, 0xf6, 0x0, 0x4f, 0xff, 0xff, 0x0, 0x1d,
    0xff, 0xff, 0xf7, 0x0, 0x4, 0xff, 0xff, 0xf0,
    0x1d, 0xff, 0xff, 0xf8, 0x0, 0x0, 0x4f, 0xff,
    0xff, 0x2d, 0xff, 0xff, 0xf9, 0x0, 0x0, 0x4,
    0xff, 0xff, 0xfd, 0xff, 0xff, 0xfa, 0x0, 0x0,
    0x0, 0x4f, 0xff, 0xff, 0xff, 0xff, 0xfc, 0x0,
    0x0, 0x0, 0x4, 0xff, 0xff, 0xff, 0xff, 0xff,
    0xd1, 0x0, 0x0, 0x0, 0x4f, 0xff, 0xff, 0xff,
    0xff, 0xff, 0xb0, 0x0, 0x0, 0x4, 0xff, 0xff,
    0xff, 0xff, 0xff, 0xff, 0x60, 0x0, 0x0, 0x4f,
    0xff, 0xff, 0xfb, 0xff, 0xff, 0xff, 0x30, 0x0,
    0x4, 0xff, 0xff, 0xf9, 0x8, 0xff, 0xff, 0xfd,
    0x0, 0x0, 0x4f, 0xff, 0xff, 0x0, 0xc, 0xff,
    0xff, 0xfa, 0x0, 0x4, 0xff, 0xff, 0xf0, 0x0,
    0x1e, 0xff, 0xff, 0xf6, 0x0, 0x4f, 0xff, 0xff,
    0x0, 0x0, 0x4f, 0xff, 0xff, 0xf3, 0x4, 0xff,
    0xff, 0xf0, 0x0, 0x0, 0x8f, 0xff, 0xff, 0xd0,

    /* U+0139 "Ĺ" */
    0x0, 0x0, 0x38, 0x88, 0x86, 0x0, 0x0, 0x0,
    0x0, 0x2, 0xff, 0xff, 0xc1, 0x0, 0x0, 0x0,
    0x0, 0x1d, 0xff, 0xfa, 0x0, 0x0, 0x0, 0x0,
    0x0, 0xbf, 0xff, 0x80, 0x0, 0x0, 0x0, 0x0,
    0x9, 0xff, 0xf6, 0x0, 0x0, 0x0, 0x0, 0x0,
    0x0, 0x0, 0x0, 0x0, 0x0, 0x0, 0x0, 0x0,
    0x0, 0x0, 0x0, 0x0, 0x0, 0x0, 0x0, 0x0,
    0xf, 0xff, 0xff, 0x80, 0x0, 0x0, 0x0, 0x0,
    0xf, 0xff, 0xff, 0x80, 0x0, 0x0, 0x0, 0x0,
    0xf, 0xff, 0xff, 0x80, 0x0, 0x0, 0x0, 0x0,
    0xf, 0xff, 0xff, 0x80, 0x0, 0x0, 0x0, 0x0,
    0xf, 0xff, 0xff, 0x80, 0x0, 0x0, 0x0, 0x0,
    0xf, 0xff, 0xff, 0x80, 0x0, 0x0, 0x0, 0x0,
    0xf, 0xff, 0xff, 0x80, 0x0, 0x0, 0x0, 0x0,
    0xf, 0xff, 0xff, 0x80, 0x0, 0x0, 0x0, 0x0,
    0xf, 0xff, 0xff, 0x80, 0x0, 0x0, 0x0, 0x0,
    0xf, 0xff, 0xff, 0x80, 0x0, 0x0, 0x0, 0x0,
    0xf, 0xff, 0xff, 0x80, 0x0, 0x0, 0x0, 0x0,
    0xf, 0xff, 0xff, 0x80, 0x0, 0x0, 0x0, 0x0,
    0xf, 0xff, 0xff, 0x80, 0x0, 0x0, 0x0, 0x0,
    0xf, 0xff, 0xff, 0x80, 0x0, 0x0, 0x0, 0x0,
    0xf, 0xff, 0xff, 0x80, 0x0, 0x0, 0x0, 0x0,
    0xf, 0xff, 0xff, 0xc9, 0x99, 0x99, 0x99, 0x97,
    0xf, 0xff, 0xff, 0xff, 0xff, 0xff, 0xff, 0xfd,
    0xf, 0xff, 0xff, 0xff, 0xff, 0xff, 0xff, 0xfd,
    0xf, 0xff, 0xff, 0xff, 0xff, 0xff, 0xff, 0xfd,
    0xf, 0xff, 0xff, 0xff, 0xff, 0xff, 0xff, 0xfd,

    /* U+013A "ĺ" */
    0x0, 0x0, 0x68, 0x88, 0x83, 0x0, 0x7, 0xff,
    0xff, 0x80, 0x0, 0x4f, 0xff, 0xf6, 0x0, 0x2,
    0xff, 0xfe, 0x40, 0x0, 0x1d, 0xff, 0xd2, 0x0,
    0x0, 0x0, 0x0, 0x0, 0x0, 0x0, 0x29, 0x99,
    0x99, 0x0, 0x0, 0x4f, 0xff, 0xff, 0x0, 0x0,
    0x4f, 0xff, 0xff, 0x0, 0x0, 0x4f, 0xff, 0xff,
    0x0, 0x0, 0x4f, 0xff, 0xff, 0x0, 0x0, 0x4f,
    0xff, 0xff, 0x0, 0x0, 0x4f, 0xff, 0xff, 0x0,
    0x0, 0x4f, 0xff, 0xff, 0x0, 0x0, 0x4f, 0xff,
    0xff, 0x0, 0x0, 0x4f, 0xff, 0xff, 0x0, 0x0,
    0x4f, 0xff, 0xff, 0x0, 0x0, 0x4f, 0xff, 0xff,
    0x0, 0x0, 0x4f, 0xff, 0xff, 0x0, 0x0, 0x4f,
    0xff, 0xff, 0x0, 0x0, 0x4f, 0xff, 0xff, 0x0,
    0x0, 0x4f, 0xff, 0xff, 0x0, 0x0, 0x4f, 0xff,
    0xff, 0x0, 0x0, 0x4f, 0xff, 0xff, 0x0, 0x0,
    0x4f, 0xff, 0xff, 0x0, 0x0, 0x4f, 0xff, 0xff,
    0x0, 0x0, 0x4f, 0xff, 0xff, 0x0, 0x0, 0x4f,
    0xff, 0xff, 0x0, 0x0,

    /* U+013B "Ļ" */
    0xf, 0xff, 0xff, 0x80, 0x0, 0x0, 0x0, 0x0,
    0xf, 0xff, 0xff, 0x80, 0x0, 0x0, 0x0, 0x0,
    0xf, 0xff, 0xff, 0x80, 0x0, 0x0, 0x0, 0x0,
    0xf, 0xff, 0xff, 0x80, 0x0, 0x0, 0x0, 0x0,
    0xf, 0xff, 0xff, 0x80, 0x0, 0x0, 0x0, 0x0,
    0xf, 0xff, 0xff, 0x80, 0x0, 0x0, 0x0, 0x0,
    0xf, 0xff, 0xff, 0x80, 0x0, 0x0, 0x0, 0x0,
    0xf, 0xff, 0xff, 0x80, 0x0, 0x0, 0x0, 0x0,
    0xf, 0xff, 0xff, 0x80, 0x0, 0x0, 0x0, 0x0,
    0xf, 0xff, 0xff, 0x80, 0x0, 0x0, 0x0, 0x0,
    0xf, 0xff, 0xff, 0x80, 0x0, 0x0, 0x0, 0x0,
    0xf, 0xff, 0xff, 0x80, 0x0, 0x0, 0x0, 0x0,
    0xf, 0xff, 0xff, 0x80, 0x0, 0x0, 0x0, 0x0,
    0xf, 0xff, 0xff, 0x80, 0x0, 0x0, 0x0, 0x0,
    0xf, 0xff, 0xff, 0x80, 0x0, 0x0, 0x0, 0x0,
    0xf, 0xff, 0xff, 0xc9, 0x99, 0x99, 0x99, 0x97,
    0xf, 0xff, 0xff, 0xff, 0xff, 0xff, 0xff, 0xfd,
    0xf, 0xff, 0xff, 0xff, 0xff, 0xff, 0xff, 0xfd,
    0xf, 0xff, 0xff, 0xff, 0xff, 0xff, 0xff, 0xfd,
    0xf, 0xff, 0xff, 0xff, 0xff, 0xff, 0xff, 0xfd,
    0x0, 0x0, 0x0, 0x0, 0x0, 0x0, 0x0, 0x0,
    0x0, 0x0, 0x0, 0x0, 0x0, 0x0, 0x0, 0x0,
    0x0, 0x0, 0x0, 0x3d, 0xfb, 0x10, 0x0, 0x0,
    0x0, 0x0, 0x0, 0xbf, 0xff, 0x80, 0x0, 0x0,
    0x0, 0x0, 0x0, 0xbf, 0xff, 0x80, 0x0, 0x0,
    0x0, 0x0, 0x0, 0x2e, 0xff, 0x30, 0x0, 0x0,
    0x0, 0x0, 0x0, 0xe, 0xfc, 0x0, 0x0, 0x0,
    0x0, 0x0, 0x0, 0x4f, 0xf4, 0x0, 0x0, 0x0,

    /* U+013C "ļ" */
    0x29, 0x99, 0x99, 0x4, 0xff, 0xff, 0xf0, 0x4f,
    0xff, 0xff, 0x4, 0xff, 0xff, 0xf0, 0x4f, 0xff,
    0xff, 0x4, 0xff, 0xff, 0xf0, 0x4f, 0xff, 0xff,
    0x4, 0xff, 0xff, 0xf0, 0x4f, 0xff, 0xff, 0x4,
    0xff, 0xff, 0xf0, 0x4f, 0xff, 0xff, 0x4, 0xff,
    0xff, 0xf0, 0x4f, 0xff, 0xff, 0x4, 0xff, 0xff,
    0xf0, 0x4f, 0xff, 0xff, 0x4, 0xff, 0xff, 0xf0,
    0x4f, 0xff, 0xff, 0x4, 0xff, 0xff, 0xf0, 0x4f,
    0xff, 0xff, 0x4, 0xff, 0xff, 0xf0, 0x4f, 0xff,
    0xff, 0x4, 0xff, 0xff, 0xf0, 0x0, 0x0, 0x0,
    0x0, 0x0, 0x0, 0x0, 0x3, 0xdf, 0xb1, 0x0,
    0xcf, 0xff, 0x70, 0xb, 0xff, 0xf8, 0x0, 0x2e,
    0xff, 0x30, 0x0, 0xff, 0xb0, 0x0, 0x4f, 0xf3,
    0x0,

    /* U+013D "Ľ" */
    0x0, 0x0, 0x0, 0x0, 0x0, 0xf, 0xff, 0xb0,
    0x0, 0x0, 0x0, 0x0, 0x0, 0xf, 0xff, 0x90,
    0xf, 0xff, 0xff, 0x80, 0x0, 0xf, 0xff, 0x80,
    0xf, 0xff, 0xff, 0x80, 0x0, 0xf, 0xff, 0x60,
    0xf, 0xff, 0xff, 0x80, 0x0, 0xf, 0xff, 0x40,
    0xf, 0xff, 0xff, 0x80, 0x0, 0xf, 0xff, 0x20,
    0xf, 0xff, 0xff, 0x80, 0x0, 0x0, 0x0, 0x0,
    0xf, 0xff, 0xff, 0x80, 0x0, 0x0, 0x0, 0x0,
    0xf, 0xff, 0xff, 0x80, 0x0, 0x0, 0x0, 0x0,
    0xf, 0xff, 0xff, 0x80, 0x0, 0x0, 0x0, 0x0,
    0xf, 0xff, 0xff, 0x80, 0x0, 0x0, 0x0, 0x0,
    0xf, 0xff, 0xff, 0x80, 0x0, 0x0, 0x0, 0x0,
    0xf, 0xff, 0xff, 0x80, 0x0, 0x0, 0x0, 0x0,
    0xf, 0xff, 0xff, 0x80, 0x0, 0x0, 0x0, 0x0,
    0xf, 0xff, 0xff, 0x80, 0x0, 0x0, 0x0, 0x0,
    0xf, 0xff, 0xff, 0x80, 0x0, 0x0, 0x0, 0x0,
    0xf, 0xff, 0xff, 0x80, 0x0, 0x0, 0x0, 0x0,
    0xf, 0xff, 0xff, 0xc9, 0x99, 0x99, 0x99, 0x97,
    0xf, 0xff, 0xff, 0xff, 0xff, 0xff, 0xff, 0xfd,
    0xf, 0xff, 0xff, 0xff, 0xff, 0xff, 0xff, 0xfd,
    0xf, 0xff, 0xff, 0xff, 0xff, 0xff, 0xff, 0xfd,
    0xf, 0xff, 0xff, 0xff, 0xff, 0xff, 0xff, 0xfd,

    /* U+013E "ľ" */
    0x0, 0x0, 0x0, 0x0, 0xdf, 0xfd, 0x29, 0x99,
    0x99, 0x0, 0xef, 0xfc, 0x4f, 0xff, 0xff, 0x0,
    0xef, 0xfa, 0x4f, 0xff, 0xff, 0x0, 0xef, 0xf8,
    0x4f, 0xff, 0xff, 0x0, 0xef, 0xf7, 0x4f, 0xff,
    0xff, 0x0, 0xef, 0xf5, 0x4f, 0xff, 0xff, 0x0,
    0x0, 0x0, 0x4f, 0xff, 0xff, 0x0, 0x0, 0x0,
    0x4f, 0xff, 0xff, 0x0, 0x0, 0x0, 0x4f, 0xff,
    0xff, 0x0, 0x0, 0x0, 0x4f, 0xff, 0xff, 0x0,
    0x0, 0x0, 0x4f, 0xff, 0xff, 0x0, 0x0, 0x0,
    0x4f, 0xff, 0xff, 0x0, 0x0, 0x0, 0x4f, 0xff,
    0xff, 0x0, 0x0, 0x0, 0x4f, 0xff, 0xff, 0x0,
    0x0, 0x0, 0x4f, 0xff, 0xff, 0x0, 0x0, 0x0,
    0x4f, 0xff, 0xff, 0x0, 0x0, 0x0, 0x4f, 0xff,
    0xff, 0x0, 0x0, 0x0, 0x4f, 0xff, 0xff, 0x0,
    0x0, 0x0, 0x4f, 0xff, 0xff, 0x0, 0x0, 0x0,
    0x4f, 0xff, 0xff, 0x0, 0x0, 0x0, 0x4f, 0xff,
    0xff, 0x0, 0x0, 0x0, 0x4f, 0xff, 0xff, 0x0,
    0x0, 0x0,

    /* U+013F "Ŀ" */
    0xf, 0xff, 0xff, 0x80, 0x0, 0x0, 0x0, 0x0,
    0xf, 0xff, 0xff, 0x80, 0x0, 0x0, 0x0, 0x0,
    0xf, 0xff, 0xff, 0x80, 0x0, 0x0, 0x0, 0x0,
    0xf, 0xff, 0xff, 0x80, 0x0, 0x0, 0x0, 0x0,
    0xf, 0xff, 0xff, 0x80, 0x0, 0x2b, 0xfc, 0x30,
    0xf, 0xff, 0xff, 0x80, 0x0, 0xdf, 0xff, 0xe1,
    0xf, 0xff, 0xff, 0x80, 0x1, 0xff, 0xff, 0xf4,
    0xf, 0xff, 0xff, 0x80, 0x1, 0xff, 0xff, 0xf4,
    0xf, 0xff, 0xff, 0x80, 0x0, 0xbf, 0xff, 0xd0,
    0xf, 0xff, 0xff, 0x80, 0x0, 0x8, 0xc9, 0x10,
    0xf, 0xff, 0xff, 0x80, 0x0, 0x0, 0x0, 0x0,
    0xf, 0xff, 0xff, 0x80, 0x0, 0x0, 0x0, 0x0,
    0xf, 0xff, 0xff, 0x80, 0x0, 0x0, 0x0, 0x0,
    0xf, 0xff, 0xff, 0x80, 0x0, 0x0, 0x0, 0x0,
    0xf, 0xff, 0xff, 0x80, 0x0, 0x0, 0x0, 0x0,
    0xf, 0xff, 0xff, 0xc9, 0x99, 0x99, 0x99, 0x97,
    0xf, 0xff, 0xff, 0xff, 0xff, 0xff, 0xff, 0xfd,
    0xf, 0xff, 0xff, 0xff, 0xff, 0xff, 0xff, 0xfd,
    0xf, 0xff, 0xff, 0xff, 0xff, 0xff, 0xff, 0xfd,
    0xf, 0xff, 0xff, 0xff, 0xff, 0xff, 0xff, 0xfd,

    /* U+0140 "ŀ" */
    0x29, 0x99, 0x99, 0x0, 0x0, 0x0, 0x4, 0xff,
    0xff, 0xf0, 0x0, 0x0, 0x0, 0x4f, 0xff, 0xff,
    0x0, 0x0, 0x0, 0x4, 0xff, 0xff, 0xf0, 0x0,
    0x0, 0x0, 0x4f, 0xff, 0xff, 0x0, 0x0, 0x0,
    0x4, 0xff, 0xff, 0xf0, 0x0, 0x0, 0x0, 0x4f,
    0xff, 0xff, 0x0, 0x0, 0x0, 0x4, 0xff, 0xff,
    0xf0, 0x0, 0x0, 0x0, 0x4f, 0xff, 0xff, 0x0,
    0x1, 0x20, 0x4, 0xff, 0xff, 0xf0, 0x8, 0xff,
    0xd1, 0x4f, 0xff, 0xff, 0x2, 0xff, 0xff, 0x84,
    0xff, 0xff, 0xf0, 0x4f, 0xff, 0xfa, 0x4f, 0xff,
    0xff, 0x1, 0xff, 0xff, 0x74, 0xff, 0xff, 0xf0,
    0x5, 0xdf, 0x90, 0x4f, 0xff, 0xff, 0x0, 0x0,
    0x0, 0x4, 0xff, 0xff, 0xf0, 0x0, 0x0, 0x0,
    0x4f, 0xff, 0xff, 0x0, 0x0, 0x0, 0x4, 0xff,
    0xff, 0xf0, 0x0, 0x0, 0x0, 0x4f, 0xff, 0xff,
    0x0, 0x0, 0x0, 0x4, 0xff, 0xff, 0xf0, 0x0,
    0x0, 0x0, 0x4f, 0xff, 0xff, 0x0, 0x0, 0x0,
    0x4, 0xff, 0xff, 0xf0, 0x0, 0x0, 0x0,

    /* U+0141 "Ł" */
    0x0, 0x9, 0xff, 0xff, 0xf0, 0x0, 0x0, 0x0,
    0x0, 0x0, 0x0, 0x9f, 0xff, 0xff, 0x0, 0x0,
    0x0, 0x0, 0x0, 0x0, 0x9, 0xff, 0xff, 0xf0,
    0x0, 0x0, 0x0, 0x0, 0x0, 0x0, 0x9f, 0xff,
    0xff, 0x0, 0x71, 0x0, 0x0, 0x0, 0x0, 0x9,
    0xff, 0xff, 0xf1, 0xcf, 0xa0, 0x0, 0x0, 0x0,
    0x0, 0x9f, 0xff, 0xff, 0xef, 0xff, 0x50, 0x0,
    0x0, 0x0, 0x9, 0xff, 0xff, 0xff, 0xff, 0x90,
    0x0, 0x0, 0x0, 0x0, 0x9f, 0xff, 0xff, 0xff,
    0x50, 0x0, 0x0, 0x0, 0x0, 0x9, 0xff, 0xff,
    0xfd, 0x20, 0x0, 0x0, 0x0, 0x0, 0x0, 0xff,
    0xff, 0xff, 0x0, 0x0, 0x0, 0x0, 0x0, 0x1,
    0xbf, 0xff, 0xff, 0xf0, 0x0, 0x0, 0x0, 0x0,
    0x3, 0xef, 0xff, 0xff, 0xff, 0x0, 0x0, 0x0,
    0x0, 0x0, 0x4f, 0xff, 0xff, 0xff, 0xf0, 0x0,
    0x0, 0x0, 0x0, 0x0, 0x9f, 0xff, 0xff, 0xff,
    0x0, 0x0, 0x0, 0x0, 0x0, 0x0, 0x39, 0xff,
    0xff, 0xf0, 0x0, 0x0, 0x0, 0x0, 0x0, 0x0,
    0x9f, 0xff, 0xff, 0x99, 0x99, 0x99, 0x99, 0x92,
    0x0, 0x9, 0xff, 0xff, 0xff, 0xff, 0xff, 0xff,
    0xff, 0x50, 0x0, 0x9f, 0xff, 0xff, 0xff, 0xff,
    0xff, 0xff, 0xf5, 0x0, 0x9, 0xff, 0xff, 0xff,
    0xff, 0xff, 0xff, 0xff, 0x50, 0x0, 0x9f, 0xff,
    0xff, 0xff, 0xff, 0xff, 0xff, 0xf5,

    /* U+0142 "ł" */
    0x0, 0x0, 0x79, 0x99, 0x94, 0x0, 0x0, 0x0,
    0xd, 0xff, 0xff, 0x80, 0x0, 0x0, 0x0, 0xdf,
    0xff, 0xf8, 0x0, 0x0, 0x0, 0xd, 0xff, 0xff,
    0x80, 0x0, 0x0, 0x0, 0xdf, 0xff, 0xf8, 0x0,
    0x0, 0x0, 0xd, 0xff, 0xff, 0x80, 0x0, 0x0,
    0x0, 0xdf, 0xff, 0xf8, 0x31, 0x0, 0x0, 0xd,
    0xff, 0xff, 0xef, 0xa0, 0x0, 0x0, 0xdf, 0xff,
    0xff, 0xff, 0x50, 0x0, 0xd, 0xff, 0xff, 0xff,
    0xe4, 0x0, 0x0, 0xdf, 0xff, 0xff, 0xc1, 0x0,
    0x0, 0xf, 0xff, 0xff, 0xf0, 0x0, 0x0, 0x1b,
    0xff, 0xff, 0xf8, 0x0, 0x0, 0x3e, 0xff, 0xff,
    0xff, 0x80, 0x0, 0xc, 0xff, 0xff, 0xff, 0xf8,
    0x0, 0x0, 0x2f, 0xff, 0xff, 0xff, 0x80, 0x0,
    0x0, 0x63, 0xdf, 0xff, 0xf8, 0x0, 0x0, 0x0,
    0xd, 0xff, 0xff, 0x80, 0x0, 0x0, 0x0, 0xdf,
    0xff, 0xf8, 0x0, 0x0, 0x0, 0xd, 0xff, 0xff,
    0x80, 0x0, 0x0, 0x0, 0xdf, 0xff, 0xf8, 0x0,
    0x0, 0x0, 0xd, 0xff, 0xff, 0x80, 0x0,

    /* U+0143 "Ń" */
    0x0, 0x0, 0x0, 0x0, 0x0, 0x7, 0x88, 0x88,
    0x20, 0x0, 0x0, 0x0, 0x0, 0x0, 0x0, 0x8f,
    0xff, 0xf7, 0x0, 0x0, 0x0, 0x0, 0x0, 0x0,
    0x5, 0xff, 0xff, 0x40, 0x0, 0x0, 0x0, 0x0,
    0x0, 0x0, 0x3f, 0xff, 0xe3, 0x0, 0x0, 0x0,
    0x0, 0x0, 0x0, 0x1, 0xef, 0xfd, 0x10, 0x0,
    0x0, 0x0, 0x0, 0x0, 0x0, 0x0, 0x0, 0x0,
    0x0, 0x0, 0x0, 0x0, 0x0, 0x0, 0x0, 0x0,
    0x0, 0x0, 0x0, 0x0, 0x0, 0x0, 0xf, 0xff,
    0xfd, 0x10, 0x0, 0x0, 0x0, 0xdf, 0xff, 0xf9,
    0xf, 0xff, 0xff, 0xb0, 0x0, 0x0, 0x0, 0xdf,
    0xff, 0xf9, 0xf, 0xff, 0xff, 0xf8, 0x0, 0x0,
    0x0, 0xdf, 0xff, 0xf9, 0xf, 0xff, 0xff, 0xff,
    0x50, 0x0, 0x0, 0xdf, 0xff, 0xf9, 0xf, 0xff,
    0xff, 0xff, 0xf3, 0x0, 0x0, 0xdf, 0xff, 0xf9,
    0xf, 0xff, 0xff, 0xff, 0xfe, 0x10, 0x0, 0xdf,
    0xff, 0xf9, 0xf, 0xff, 0xff, 0xff, 0xff, 0xc0,
    0x0, 0xdf, 0xff, 0xf9, 0xf, 0xff, 0xff, 0xff,
    0xff, 0xf9, 0x0, 0xdf, 0xff, 0xf9, 0xf, 0xff,
    0xff, 0xff, 0xff, 0xff, 0x60, 0xdf, 0xff, 0xf9,
    0xf, 0xff, 0xff, 0xdf, 0xff, 0xff, 0xf3, 0xdf,
    0xff, 0xf9, 0xf, 0xff, 0xff, 0x6a, 0xff, 0xff,
    0xfe, 0xef, 0xff, 0xf9, 0xf, 0xff, 0xff, 0x60,
    0xdf, 0xff, 0xff, 0xff, 0xff, 0xf9, 0xf, 0xff,
    0xff, 0x60, 0x2e, 0xff, 0xff, 0xff, 0xff, 0xf9,
    0xf, 0xff, 0xff, 0x60, 0x4, 0xff, 0xff, 0xff,
    0xff, 0xf9, 0xf, 0xff, 0xff, 0x60, 0x0, 0x6f,
    0xff, 0xff, 0xff, 0xf9, 0xf, 0xff, 0xff, 0x60,
    0x0, 0x9, 0xff, 0xff, 0xff, 0xf9, 0xf, 0xff,
    0xff, 0x60, 0x0, 0x0, 0xcf, 0xff, 0xff, 0xf9,
    0xf, 0xff, 0xff, 0x60, 0x0, 0x0, 0x1e, 0xff,
    0xff, 0xf9, 0xf, 0xff, 0xff, 0x60, 0x0, 0x0,
    0x3, 0xff, 0xff, 0xf9, 0xf, 0xff, 0xff, 0x60,
    0x0, 0x0, 0x0, 0x5f, 0xff, 0xf9,

    /* U+0144 "ń" */
    0x0, 0x0, 0x0, 0x0, 0x8, 0xff, 0xff, 0x90,
    0x0, 0x0, 0x0, 0x0, 0x6, 0xff, 0xff, 0x70,
    0x0, 0x0, 0x0, 0x0, 0x3, 0xff, 0xff, 0x40,
    0x0, 0x0, 0x0, 0x0, 0x2, 0xef, 0xfe, 0x30,
    0x0, 0x0, 0x0, 0x0, 0x0, 0x58, 0x87, 0x10,
    0x0, 0x0, 0x0, 0x0, 0x0, 0x0, 0x0, 0x0,
    0x0, 0x0, 0x0, 0x4f, 0xff, 0xfc, 0x5, 0xbe,
    0xfe, 0xb5, 0x0, 0x4, 0xff, 0xff, 0xdc, 0xff,
    0xff, 0xff, 0xfb, 0x0, 0x4f, 0xff, 0xff, 0xff,
    0xff, 0xff, 0xff, 0xfa, 0x4, 0xff, 0xff, 0xff,
    0xff, 0xff, 0xff, 0xff, 0xf3, 0x4f, 0xff, 0xff,
    0xff, 0xcc, 0xff, 0xff, 0xff, 0x84, 0xff, 0xff,
    0xfe, 0x20, 0x3, 0xff, 0xff, 0xfb, 0x4f, 0xff,
    0xff, 0x50, 0x0, 0xa, 0xff, 0xff, 0xd4, 0xff,
    0xff, 0xf1, 0x0, 0x0, 0x8f, 0xff, 0xfd, 0x4f,
    0xff, 0xff, 0x0, 0x0, 0x7, 0xff, 0xff, 0xd4,
    0xff, 0xff, 0xf0, 0x0, 0x0, 0x7f, 0xff, 0xfd,
    0x4f, 0xff, 0xff, 0x0, 0x0, 0x7, 0xff, 0xff,
    0xd4, 0xff, 0xff, 0xf0, 0x0, 0x0, 0x7f, 0xff,
    0xfd, 0x4f, 0xff, 0xff, 0x0, 0x0, 0x7, 0xff,
    0xff, 0xd4, 0xff, 0xff, 0xf0, 0x0, 0x0, 0x7f,
    0xff, 0xfd, 0x4f, 0xff, 0xff, 0x0, 0x0, 0x7,
    0xff, 0xff, 0xd4, 0xff, 0xff, 0xf0, 0x0, 0x0,
    0x7f, 0xff, 0xfd,

    /* U+0145 "Ņ" */
    0xf, 0xff, 0xfd, 0x10, 0x0, 0x0, 0x0, 0xdf,
    0xff, 0xf9, 0xf, 0xff, 0xff, 0xb0, 0x0, 0x0,
    0x0, 0xdf, 0xff, 0xf9, 0xf, 0xff, 0xff, 0xf8,
    0x0, 0x0, 0x0, 0xdf, 0xff, 0xf9, 0xf, 0xff,
    0xff, 0xff, 0x50, 0x0, 0x0, 0xdf, 0xff, 0xf9,
    0xf, 0xff, 0xff, 0xff, 0xf3, 0x0, 0x0, 0xdf,
    0xff, 0xf9, 0xf, 0xff, 0xff, 0xff, 0xfe, 0x10,
    0x0, 0xdf, 0xff, 0xf9, 0xf, 0xff, 0xff, 0xff,
    0xff, 0xc0, 0x0, 0xdf, 0xff, 0xf9, 0xf, 0xff,
    0xff, 0xff, 0xff, 0xf9, 0x0, 0xdf, 0xff, 0xf9,
    0xf, 0xff, 0xff, 0xff, 0xff, 0xff, 0x60, 0xdf,
    0xff, 0xf9, 0xf, 0xff, 0xff, 0xdf, 0xff, 0xff,
    0xf3, 0xdf, 0xff, 0xf9, 0xf, 0xff, 0xff, 0x6a,
    0xff, 0xff, 0xfe, 0xef, 0xff, 0xf9, 0xf, 0xff,
    0xff, 0x60, 0xdf, 0xff, 0xff, 0xff, 0xff, 0xf9,
    0xf, 0xff, 0xff, 0x60, 0x2e, 0xff, 0xff, 0xff,
    0xff, 0xf9, 0xf, 0xff, 0xff, 0x60, 0x4, 0xff,
    0xff, 0xff, 0xff, 0xf9, 0xf, 0xff, 0xff, 0x60,
    0x0, 0x6f, 0xff, 0xff, 0xff, 0xf9, 0xf, 0xff,
    0xff, 0x60, 0x0, 0x9, 0xff, 0xff, 0xff, 0xf9,
    0xf, 0xff, 0xff, 0x60, 0x0, 0x0, 0xcf, 0xff,
    0xff, 0xf9, 0xf, 0xff, 0xff, 0x60, 0x0, 0x0,
    0x1e, 0xff, 0xff, 0xf9, 0xf, 0xff, 0xff, 0x60,
    0x0, 0x0, 0x3, 0xff, 0xff, 0xf9, 0xf, 0xff,
    0xff, 0x60, 0x0, 0x0, 0x0, 0x5f, 0xff, 0xf9,
    0x0, 0x0, 0x0, 0x0, 0x0, 0x0, 0x0, 0x0,
    0x0, 0x0, 0x0, 0x0, 0x0, 0x0, 0x0, 0x0,
    0x0, 0x0, 0x0, 0x0, 0x0, 0x0, 0x0, 0x0,
    0x4d, 0xfa, 0x0, 0x0, 0x0, 0x0, 0x0, 0x0,
    0x0, 0x0, 0xdf, 0xff, 0x60, 0x0, 0x0, 0x0,
    0x0, 0x0, 0x0, 0x0, 0xdf, 0xff, 0x60, 0x0,
    0x0, 0x0, 0x0, 0x0, 0x0, 0x0, 0x3f, 0xff,
    0x10, 0x0, 0x0, 0x0, 0x0, 0x0, 0x0, 0x0,
    0x1f, 0xfa, 0x0, 0x0, 0x0, 0x0, 0x0, 0x0,
    0x0, 0x0, 0x5f, 0xf2, 0x0, 0x0, 0x0, 0x0,

    /* U+0146 "ņ" */
    0x4f, 0xff, 0xfc, 0x5, 0xbe, 0xfe, 0xb5, 0x0,
    0x4, 0xff, 0xff, 0xdc, 0xff, 0xff, 0xff, 0xfb,
    0x0, 0x4f, 0xff, 0xff, 0xff, 0xff, 0xff, 0xff,
    0xfa, 0x4, 0xff, 0xff, 0xff, 0xff, 0xff, 0xff,
    0xff, 0xf3, 0x4f, 0xff, 0xff, 0xff, 0xcc, 0xff,
    0xff, 0xff, 0x84, 0xff, 0xff, 0xfe, 0x20, 0x3,
    0xff, 0xff, 0xfb, 0x4f, 0xff, 0xff, 0x50, 0x0,
    0xa, 0xff, 0xff, 0xd4, 0xff, 0xff, 0xf1, 0x0,
    0x0, 0x8f, 0xff, 0xfd, 0x4f, 0xff, 0xff, 0x0,
    0x0, 0x7, 0xff, 0xff, 0xd4, 0xff, 0xff, 0xf0,
    0x0, 0x0, 0x7f, 0xff, 0xfd, 0x4f, 0xff, 0xff,
    0x0, 0x0, 0x7, 0xff, 0xff, 0xd4, 0xff, 0xff,
    0xf0, 0x0, 0x0, 0x7f, 0xff, 0xfd, 0x4f, 0xff,
    0xff, 0x0, 0x0, 0x7, 0xff, 0xff, 0xd4, 0xff,
    0xff, 0xf0, 0x0, 0x0, 0x7f, 0xff, 0xfd, 0x4f,
    0xff, 0xff, 0x0, 0x0, 0x7, 0xff, 0xff, 0xd4,
    0xff, 0xff, 0xf0, 0x0, 0x0, 0x7f, 0xff, 0xfd,
    0x0, 0x0, 0x0, 0x0, 0x0, 0x0, 0x0, 0x0,
    0x0, 0x0, 0x0, 0x0, 0x0, 0x0, 0x0, 0x0,
    0x0, 0x0, 0x0, 0x0, 0x9, 0xfe, 0x50, 0x0,
    0x0, 0x0, 0x0, 0x0, 0x4, 0xff, 0xff, 0x0,
    0x0, 0x0, 0x0, 0x0, 0x0, 0x4f, 0xff, 0xf0,
    0x0, 0x0, 0x0, 0x0, 0x0, 0x0, 0x9f, 0xfb,
    0x0, 0x0, 0x0, 0x0, 0x0, 0x0, 0x8, 0xff,
    0x30, 0x0, 0x0, 0x0, 0x0, 0x0, 0x0, 0xcf,
    0xb0, 0x0, 0x0, 0x0,

    /* U+0147 "Ň" */
    0x0, 0x0, 0x38, 0x87, 0x10, 0x0, 0x48, 0x87,
    0x0, 0x0, 0x0, 0x0, 0xc, 0xff, 0xd1, 0x6,
    0xff, 0xf6, 0x0, 0x0, 0x0, 0x0, 0x1, 0xef,
    0xfd, 0x8f, 0xff, 0x90, 0x0, 0x0, 0x0, 0x0,
    0x0, 0x3f, 0xff, 0xff, 0xfc, 0x0, 0x0, 0x0,
    0x0, 0x0, 0x0, 0x6, 0xff, 0xff, 0xe1, 0x0,
    0x0, 0x0, 0x0, 0x0, 0x0, 0x0, 0x0, 0x0,
    0x0, 0x0, 0x0, 0x0, 0x0, 0x0, 0x0, 0x0,
    0x0, 0x0, 0x0, 0x0, 0x0, 0x0, 0xf, 0xff,
    0xfd, 0x10, 0x0, 0x0, 0x0, 0xdf, 0xff, 0xf9,
    0xf, 0xff, 0xff, 0xb0, 0x0, 0x0, 0x0, 0xdf,
    0xff, 0xf9, 0xf, 0xff, 0xff, 0xf8, 0x0, 0x0,
    0x0, 0xdf, 0xff, 0xf9, 0xf, 0xff, 0xff, 0xff,
    0x50, 0x0, 0x0, 0xdf, 0xff, 0xf9, 0xf, 0xff,
    0xff, 0xff, 0xf3, 0x0, 0x0, 0xdf, 0xff, 0xf9,
    0xf, 0xff, 0xff, 0xff, 0xfe, 0x10, 0x0, 0xdf,
    0xff, 0xf9, 0xf, 0xff, 0xff, 0xff, 0xff, 0xc0,
    0x0, 0xdf, 0xff, 0xf9, 0xf, 0xff, 0xff, 0xff,
    0xff, 0xf9, 0x0, 0xdf, 0xff, 0xf9, 0xf, 0xff,
    0xff, 0xff, 0xff, 0xff, 0x60, 0xdf, 0xff, 0xf9,
    0xf, 0xff, 0xff, 0xdf, 0xff, 0xff, 0xf3, 0xdf,
    0xff, 0xf9, 0xf, 0xff, 0xff, 0x6a, 0xff, 0xff,
    0xfe, 0xef, 0xff, 0xf9, 0xf, 0xff, 0xff, 0x60,
    0xdf, 0xff, 0xff, 0xff, 0xff, 0xf9, 0xf, 0xff,
    0xff, 0x60, 0x2e, 0xff, 0xff, 0xff, 0xff, 0xf9,
    0xf, 0xff, 0xff, 0x60, 0x4, 0xff, 0xff, 0xff,
    0xff, 0xf9, 0xf, 0xff, 0xff, 0x60, 0x0, 0x6f,
    0xff, 0xff, 0xff, 0xf9, 0xf, 0xff, 0xff, 0x60,
    0x0, 0x9, 0xff, 0xff, 0xff, 0xf9, 0xf, 0xff,
    0xff, 0x60, 0x0, 0x0, 0xcf, 0xff, 0xff, 0xf9,
    0xf, 0xff, 0xff, 0x60, 0x0, 0x0, 0x1e, 0xff,
    0xff, 0xf9, 0xf, 0xff, 0xff, 0x60, 0x0, 0x0,
    0x3, 0xff, 0xff, 0xf9, 0xf, 0xff, 0xff, 0x60,
    0x0, 0x0, 0x0, 0x5f, 0xff, 0xf9,

    /* U+0148 "ň" */
    0x0, 0xa, 0xff, 0xd2, 0x0, 0x4f, 0xff, 0x60,
    0x0, 0x0, 0xd, 0xff, 0xe2, 0x5f, 0xff, 0x90,
    0x0, 0x0, 0x0, 0x2e, 0xff, 0xff, 0xff, 0xc0,
    0x0, 0x0, 0x0, 0x0, 0x4f, 0xff, 0xff, 0xe1,
    0x0, 0x0, 0x0, 0x0, 0x0, 0x58, 0x88, 0x82,
    0x0, 0x0, 0x0, 0x0, 0x0, 0x0, 0x0, 0x0,
    0x0, 0x0, 0x0, 0x4f, 0xff, 0xfc, 0x5, 0xbe,
    0xfe, 0xb5, 0x0, 0x4, 0xff, 0xff, 0xdc, 0xff,
    0xff, 0xff, 0xfb, 0x0, 0x4f, 0xff, 0xff, 0xff,
    0xff, 0xff, 0xff, 0xfa, 0x4, 0xff, 0xff, 0xff,
    0xff, 0xff, 0xff, 0xff, 0xf3, 0x4f, 0xff, 0xff,
    0xff, 0xcc, 0xff, 0xff, 0xff, 0x84, 0xff, 0xff,
    0xfe, 0x20, 0x3, 0xff, 0xff, 0xfb, 0x4f, 0xff,
    0xff, 0x50, 0x0, 0xa, 0xff, 0xff, 0xd4, 0xff,
    0xff, 0xf1, 0x0, 0x0, 0x8f, 0xff, 0xfd, 0x4f,
    0xff, 0xff, 0x0, 0x0, 0x7, 0xff, 0xff, 0xd4,
    0xff, 0xff, 0xf0, 0x0, 0x0, 0x7f, 0xff, 0xfd,
    0x4f, 0xff, 0xff, 0x0, 0x0, 0x7, 0xff, 0xff,
    0xd4, 0xff, 0xff, 0xf0, 0x0, 0x0, 0x7f, 0xff,
    0xfd, 0x4f, 0xff, 0xff, 0x0, 0x0, 0x7, 0xff,
    0xff, 0xd4, 0xff, 0xff, 0xf0, 0x0, 0x0, 0x7f,
    0xff, 0xfd, 0x4f, 0xff, 0xff, 0x0, 0x0, 0x7,
    0xff, 0xff, 0xd4, 0xff, 0xff, 0xf0, 0x0, 0x0,
    0x7f, 0xff, 0xfd,

    /* U+0149 "ŉ" */
    0x2, 0xac, 0xa2, 0x0, 0x0, 0x0, 0x0, 0x0,
    0x0, 0x0, 0x0, 0x2, 0xff, 0xff, 0xf1, 0x0,
    0x0, 0x0, 0x0, 0x0, 0x0, 0x0, 0x0, 0x8f,
    0xff, 0xff, 0x80, 0x0, 0x0, 0x0, 0x0, 0x0,
    0x0, 0x0, 0xa, 0xff, 0xff, 0xfa, 0x0, 0x0,
    0x0, 0x0, 0x0, 0x0, 0x0, 0x0, 0x6f, 0xff,
    0xff, 0x80, 0x0, 0x0, 0x0, 0x0, 0x0, 0x0,
    0x0, 0x0, 0xbf, 0xff, 0xf4, 0x0, 0x0, 0x0,
    0x0, 0x0, 0x0, 0x0, 0x0, 0x2, 0xff, 0xfe,
    0x5f, 0xff, 0xfb, 0x5, 0xbe, 0xfe, 0xb5, 0x0,
    0x0, 0x6f, 0xff, 0x75, 0xff, 0xff, 0xcc, 0xff,
    0xff, 0xff, 0xfb, 0x0, 0xa, 0xff, 0xf1, 0x5f,
    0xff, 0xff, 0xff, 0xff, 0xff, 0xff, 0xf9, 0x0,
    0xef, 0xfa, 0x5, 0xff, 0xff, 0xff, 0xff, 0xff,
    0xff, 0xff, 0xf2, 0x3f, 0xff, 0x30, 0x5f, 0xff,
    0xff, 0xff, 0xcc, 0xff, 0xff, 0xff, 0x70, 0x0,
    0x0, 0x5, 0xff, 0xff, 0xfd, 0x20, 0x3, 0xff,
    0xff, 0xfa, 0x0, 0x0, 0x0, 0x5f, 0xff, 0xff,
    0x40, 0x0, 0xb, 0xff, 0xff, 0xc0, 0x0, 0x0,
    0x5, 0xff, 0xff, 0xf0, 0x0, 0x0, 0x9f, 0xff,
    0xfd, 0x0, 0x0, 0x0, 0x5f, 0xff, 0xff, 0x0,
    0x0, 0x8, 0xff, 0xff, 0xd0, 0x0, 0x0, 0x5,
    0xff, 0xff, 0xf0, 0x0, 0x0, 0x8f, 0xff, 0xfd,
    0x0, 0x0, 0x0, 0x5f, 0xff, 0xff, 0x0, 0x0,
    0x8, 0xff, 0xff, 0xd0, 0x0, 0x0, 0x5, 0xff,
    0xff, 0xf0, 0x0, 0x0, 0x8f, 0xff, 0xfd, 0x0,
    0x0, 0x0, 0x5f, 0xff, 0xff, 0x0, 0x0, 0x8,
    0xff, 0xff, 0xd0, 0x0, 0x0, 0x5, 0xff, 0xff,
    0xf0, 0x0, 0x0, 0x8f, 0xff, 0xfd, 0x0, 0x0,
    0x0, 0x5f, 0xff, 0xff, 0x0, 0x0, 0x8, 0xff,
    0xff, 0xd0, 0x0, 0x0, 0x5, 0xff, 0xff, 0xf0,
    0x0, 0x0, 0x8f, 0xff, 0xfd,

    /* U+014A "Ŋ" */
    0xf, 0xff, 0xfd, 0x10, 0x0, 0x0, 0x0, 0xdf,
    0xff, 0xf9, 0xf, 0xff, 0xff, 0xb0, 0x0, 0x0,
    0x0, 0xdf, 0xff, 0xf9, 0xf, 0xff, 0xff, 0xf8,
    0x0, 0x0, 0x0, 0xdf, 0xff, 0xf9, 0xf, 0xff,
    0xff, 0xff, 0x50, 0x0, 0x0, 0xdf, 0xff, 0xf9,
    0xf, 0xff, 0xff, 0xff, 0xf3, 0x0, 0x0, 0xdf,
    0xff, 0xf9, 0xf, 0xff, 0xff, 0xff, 0xfe, 0x10,
    0x0, 0xdf, 0xff, 0xf9, 0xf, 0xff, 0xff, 0xff,
    0xff, 0xc0, 0x0, 0xdf, 0xff, 0xf9, 0xf, 0xff,
    0xff, 0xff, 0xff, 0xf9, 0x0, 0xdf, 0xff, 0xf9,
    0xf, 0xff, 0xff, 0xff, 0xff, 0xff, 0x60, 0xdf,
    0xff, 0xf9, 0xf, 0xff, 0xff, 0xdf, 0xff, 0xff,
    0xf3, 0xdf, 0xff, 0xf9, 0xf, 0xff, 0xff, 0x6a,
    0xff, 0xff, 0xfe, 0xef, 0xff, 0xf9, 0xf, 0xff,
    0xff, 0x60, 0xdf, 0xff, 0xff, 0xff, 0xff, 0xf9,
    0xf, 0xff, 0xff, 0x60, 0x2e, 0xff, 0xff, 0xff,
    0xff, 0xf9, 0xf, 0xff, 0xff, 0x60, 0x4, 0xff,
    0xff, 0xff, 0xff, 0xf9, 0xf, 0xff, 0xff, 0x60,
    0x0, 0x6f, 0xff, 0xff, 0xff, 0xf9, 0xf, 0xff,
    0xff, 0x60, 0x0, 0x9, 0xff, 0xff, 0xff, 0xf9,
    0xf, 0xff, 0xff, 0x60, 0x0, 0x0, 0xcf, 0xff,
    0xff, 0xf9, 0xf, 0xff, 0xff, 0x60, 0x0, 0x0,
    0x1e, 0xff, 0xff, 0xf9, 0xf, 0xff, 0xff, 0x60,
    0x0, 0x0, 0x3, 0xff, 0xff, 0xf9, 0xf, 0xff,
    0xff, 0x60, 0x0, 0x0, 0x0, 0xff, 0xff, 0xf8,
    0x0, 0x0, 0x0, 0x0, 0x6, 0x0, 0x6, 0xff,
    0xff, 0xf5, 0x0, 0x0, 0x0, 0x0, 0x7f, 0xd9,
    0xbf, 0xff, 0xff, 0xf1, 0x0, 0x0, 0x0, 0x2,
    0xff, 0xff, 0xff, 0xff, 0xff, 0xa0, 0x0, 0x0,
    0x0, 0xb, 0xff, 0xff, 0xff, 0xff, 0xfe, 0x10,
    0x0, 0x0, 0x0, 0xb, 0xff, 0xff, 0xff, 0xff,
    0xd2, 0x0, 0x0, 0x0, 0x0, 0x0, 0x39, 0xdf,
    0xfe, 0xb5, 0x0, 0x0,

    /* U+014B "ŋ" */
    0x4f, 0xff, 0xfc, 0x5, 0xbe, 0xfe, 0xb5, 0x0,
    0x4, 0xff, 0xff, 0xdc, 0xff, 0xff, 0xff, 0xfb,
    0x0, 0x4f, 0xff, 0xff, 0xff, 0xff, 0xff, 0xff,
    0xfa, 0x4, 0xff, 0xff, 0xff, 0xff, 0xff, 0xff,
    0xff, 0xf3, 0x4f, 0xff, 0xff, 0xff, 0xcc, 0xff,
    0xff, 0xff, 0x84, 0xff, 0xff, 0xfe, 0x20, 0x3,
    0xff, 0xff, 0xfb, 0x4f, 0xff, 0xff, 0x50, 0x0,
    0xa, 0xff, 0xff, 0xc4, 0xff, 0xff, 0xf1, 0x0,
    0x0, 0x8f, 0xff, 0xfd, 0x4f, 0xff, 0xff, 0x0,
    0x0, 0x7, 0xff, 0xff, 0xd4, 0xff, 0xff, 0xf0,
    0x0, 0x0, 0x7f, 0xff, 0xfd, 0x4f, 0xff, 0xff,
    0x0, 0x0, 0x7, 0xff, 0xff, 0xd4, 0xff, 0xff,
    0xf0, 0x0, 0x0, 0x7f, 0xff, 0xfd, 0x4f, 0xff,
    0xff, 0x0, 0x0, 0x7, 0xff, 0xff, 0xd4, 0xff,
    0xff, 0xf0, 0x0, 0x0, 0x7f, 0xff, 0xfd, 0x4f,
    0xff, 0xff, 0x0, 0x0, 0x7, 0xff, 0xff, 0xd4,
    0xff, 0xff, 0xf0, 0x0, 0x0, 0x7f, 0xff, 0xfd,
    0x0, 0x0, 0x0, 0x0, 0x0, 0x9, 0xff, 0xff,
    0xc0, 0x0, 0x0, 0x0, 0x8, 0x56, 0xff, 0xff,
    0xfa, 0x0, 0x0, 0x0, 0x1, 0xff, 0xff, 0xff,
    0xff, 0x50, 0x0, 0x0, 0x0, 0x7f, 0xff, 0xff,
    0xff, 0xc0, 0x0, 0x0, 0x0, 0xc, 0xff, 0xff,
    0xff, 0xd1, 0x0, 0x0, 0x0, 0x0, 0x6b, 0xef,
    0xfc, 0x70, 0x0,

    /* U+014C "Ō" */
    0x0, 0x0, 0x0, 0xaf, 0xff, 0xff, 0xff, 0xff,
    0xf5, 0x0, 0x0, 0x0, 0x0, 0x0, 0xa, 0xff,
    0xff, 0xff, 0xff, 0xff, 0x50, 0x0, 0x0, 0x0,
    0x0, 0x0, 0xaf, 0xff, 0xff, 0xff, 0xff, 0xf5,
    0x0, 0x0, 0x0, 0x0, 0x0, 0x0, 0x0, 0x0,
    0x0, 0x0, 0x0, 0x0, 0x0, 0x0, 0x0, 0x0,
    0x0, 0x0, 0x0, 0x0, 0x0, 0x0, 0x0, 0x0,
    0x0, 0x0, 0x0, 0x0, 0x0, 0x0, 0x0, 0x0,
    0x0, 0x0, 0x0, 0x0, 0x0, 0x0, 0x0, 0x0,
    0x3, 0x8c, 0xef, 0xfd, 0xb6, 0x10, 0x0, 0x0,
    0x0, 0x0, 0x0, 0x3c, 0xff, 0xff, 0xff, 0xff,
    0xff, 0x91, 0x0, 0x0, 0x0, 0x0, 0x8f, 0xff,
    0xff, 0xff, 0xff, 0xff, 0xff, 0xe4, 0x0, 0x0,
    0x0, 0x8f, 0xff, 0xff, 0xff, 0xff, 0xff, 0xff,
    0xff, 0xf4, 0x0, 0x0, 0x5f, 0xff, 0xff, 0xff,
    0xec, 0xdf, 0xff, 0xff, 0xff, 0xf1, 0x0, 0xe,
    0xff, 0xff, 0xfd, 0x40, 0x0, 0x6, 0xff, 0xff,
    0xff, 0xa0, 0x6, 0xff, 0xff, 0xfc, 0x0, 0x0,
    0x0, 0x3, 0xff, 0xff, 0xff, 0x10, 0xbf, 0xff,
    0xff, 0x20, 0x0, 0x0, 0x0, 0x7, 0xff, 0xff,
    0xf6, 0xe, 0xff, 0xff, 0xc0, 0x0, 0x0, 0x0,
    0x0, 0x1f, 0xff, 0xff, 0x90, 0xff, 0xff, 0xf9,
    0x0, 0x0, 0x0, 0x0, 0x0, 0xef, 0xff, 0xfa,
    0xf, 0xff, 0xff, 0x90, 0x0, 0x0, 0x0, 0x0,
    0xe, 0xff, 0xff, 0xa0, 0xef, 0xff, 0xfc, 0x0,
    0x0, 0x0, 0x0, 0x1, 0xff, 0xff, 0xf9, 0xb,
    0xff, 0xff, 0xf2, 0x0, 0x0, 0x0, 0x0, 0x7f,
    0xff, 0xff, 0x60, 0x6f, 0xff, 0xff, 0xc0, 0x0,
    0x0, 0x0, 0x3f, 0xff, 0xff, 0xf1, 0x0, 0xef,
    0xff, 0xff, 0xd4, 0x0, 0x0, 0x6f, 0xff, 0xff,
    0xfa, 0x0, 0x5, 0xff, 0xff, 0xff, 0xfe, 0xcd,
    0xff, 0xff, 0xff, 0xff, 0x10, 0x0, 0x8, 0xff,
    0xff, 0xff, 0xff, 0xff, 0xff, 0xff, 0xff, 0x40,
    0x0, 0x0, 0x8, 0xff, 0xff, 0xff, 0xff, 0xff,
    0xff, 0xfe, 0x40, 0x0, 0x0, 0x0, 0x4, 0xcf,
    0xff, 0xff, 0xff, 0xff, 0xfa, 0x10, 0x0, 0x0,
    0x0, 0x0, 0x0, 0x38, 0xce, 0xff, 0xdb, 0x72,
    0x0, 0x0, 0x0,

    /* U+014D "ō" */
    0x0, 0x3, 0xff, 0xff, 0xff, 0xff, 0xff, 0xc0,
    0x0, 0x0, 0x4, 0xff, 0xff, 0xff, 0xff, 0xff,
    0xc0, 0x0, 0x0, 0x4, 0xff, 0xff, 0xff, 0xff,
    0xff, 0xc0, 0x0, 0x0, 0x0, 0x0, 0x0, 0x0,
    0x0, 0x0, 0x0, 0x0, 0x0, 0x0, 0x0, 0x0,
    0x0, 0x0, 0x0, 0x0, 0x0, 0x0, 0x0, 0x0,
    0x0, 0x0, 0x0, 0x0, 0x0, 0x0, 0x0, 0x0,
    0x4, 0x9d, 0xff, 0xec, 0x71, 0x0, 0x0, 0x0,
    0x1, 0xbf, 0xff, 0xff, 0xff, 0xff, 0x70, 0x0,
    0x0, 0x2e, 0xff, 0xff, 0xff, 0xff, 0xff, 0xfa,
    0x0, 0x0, 0xdf, 0xff, 0xff, 0xff, 0xff, 0xff,
    0xff, 0x80, 0x7, 0xff, 0xff, 0xfe, 0x86, 0xaf,
    0xff, 0xff, 0xf2, 0xd, 0xff, 0xff, 0xe1, 0x0,
    0x5, 0xff, 0xff, 0xf8, 0x1f, 0xff, 0xff, 0x60,
    0x0, 0x0, 0xcf, 0xff, 0xfc, 0x3f, 0xff, 0xff,
    0x30, 0x0, 0x0, 0x8f, 0xff, 0xfd, 0x3f, 0xff,
    0xff, 0x30, 0x0, 0x0, 0x9f, 0xff, 0xfd, 0x1f,
    0xff, 0xff, 0x60, 0x0, 0x0, 0xcf, 0xff, 0xfb,
    0xd, 0xff, 0xff, 0xe1, 0x0, 0x5, 0xff, 0xff,
    0xf8, 0x7, 0xff, 0xff, 0xfe, 0x87, 0xaf, 0xff,
    0xff, 0xf2, 0x0, 0xcf, 0xff, 0xff, 0xff, 0xff,
    0xff, 0xff, 0x70, 0x0, 0x1e, 0xff, 0xff, 0xff,
    0xff, 0xff, 0xfa, 0x0, 0x0, 0x1, 0xbf, 0xff,
    0xff, 0xff, 0xff, 0x70, 0x0, 0x0, 0x0, 0x3,
    0x9d, 0xff, 0xec, 0x71, 0x0, 0x0,

    /* U+014E "Ŏ" */
    0x0, 0x0, 0x0, 0x9f, 0xfb, 0x0, 0x1, 0xff,
    0xf4, 0x0, 0x0, 0x0, 0x0, 0x0, 0x5, 0xff,
    0xf7, 0x2, 0xbf, 0xff, 0x10, 0x0, 0x0, 0x0,
    0x0, 0x0, 0xd, 0xff, 0xff, 0xff, 0xff, 0x90,
    0x0, 0x0, 0x0, 0x0, 0x0, 0x0, 0x2d, 0xff,
    0xff, 0xff, 0xa0, 0x0, 0x0, 0x0, 0x0, 0x0,
    0x0, 0x0, 0x5, 0xab, 0xb9, 0x30, 0x0, 0x0,
    0x0, 0x0, 0x0, 0x0, 0x0, 0x0, 0x0, 0x0,
    0x0, 0x0, 0x0, 0x0, 0x0, 0x0, 0x0, 0x0,
    0x0, 0x0, 0x0, 0x0, 0x0, 0x0, 0x0, 0x0,
    0x0, 0x0, 0x0, 0x0, 0x38, 0xce, 0xff, 0xdb,
    0x61, 0x0, 0x0, 0x0, 0x0, 0x0, 0x3, 0xcf,
    0xff, 0xff, 0xff, 0xff, 0xf9, 0x10, 0x0, 0x0,
    0x0, 0x8, 0xff, 0xff, 0xff, 0xff, 0xff, 0xff,
    0xfe, 0x40, 0x0, 0x0, 0x8, 0xff, 0xff, 0xff,
    0xff, 0xff, 0xff, 0xff, 0xff, 0x40, 0x0, 0x5,
    0xff, 0xff, 0xff, 0xfe, 0xcd, 0xff, 0xff, 0xff,
    0xff, 0x10, 0x0, 0xef, 0xff, 0xff, 0xd4, 0x0,
    0x0, 0x6f, 0xff, 0xff, 0xfa, 0x0, 0x6f, 0xff,
    0xff, 0xc0, 0x0, 0x0, 0x0, 0x3f, 0xff, 0xff,
    0xf1, 0xb, 0xff, 0xff, 0xf2, 0x0, 0x0, 0x0,
    0x0, 0x7f, 0xff, 0xff, 0x60, 0xef, 0xff, 0xfc,
    0x0, 0x0, 0x0, 0x0, 0x1, 0xff, 0xff, 0xf9,
    0xf, 0xff, 0xff, 0x90, 0x0, 0x0, 0x0, 0x0,
    0xe, 0xff, 0xff, 0xa0, 0xff, 0xff, 0xf9, 0x0,
    0x0, 0x0, 0x0, 0x0, 0xef, 0xff, 0xfa, 0xe,
    0xff, 0xff, 0xc0, 0x0, 0x0, 0x0, 0x0, 0x1f,
    0xff, 0xff, 0x90, 0xbf, 0xff, 0xff, 0x20, 0x0,
    0x0, 0x0, 0x7, 0xff, 0xff, 0xf6, 0x6, 0xff,
    0xff, 0xfc, 0x0, 0x0, 0x0, 0x3, 0xff, 0xff,
    0xff, 0x10, 0xe, 0xff, 0xff, 0xfd, 0x40, 0x0,
    0x6, 0xff, 0xff, 0xff, 0xa0, 0x0, 0x5f, 0xff,
    0xff, 0xff, 0xec, 0xdf, 0xff, 0xff, 0xff, 0xf1,
    0x0, 0x0, 0x8f, 0xff, 0xff, 0xff, 0xff, 0xff,
    0xff, 0xff, 0xf4, 0x0, 0x0, 0x0, 0x8f, 0xff,
    0xff, 0xff, 0xff, 0xff, 0xff, 0xe4, 0x0, 0x0,
    0x0, 0x0, 0x4c, 0xff, 0xff, 0xff, 0xff, 0xff,
    0xa1, 0x0, 0x0, 0x0, 0x0, 0x0, 0x3, 0x8c,
    0xef, 0xfd, 0xb7, 0x20, 0x0, 0x0, 0x0,

    /* U+014F "ŏ" */
    0x0, 0x1, 0x88, 0x80, 0x0, 0x4, 0x88, 0x50,
    0x0, 0x0, 0x1, 0xff, 0xf4, 0x0, 0xb, 0xff,
    0x90, 0x0, 0x0, 0x0, 0xdf, 0xfd, 0x30, 0x7f,
    0xff, 0x50, 0x0, 0x0, 0x0, 0x4f, 0xff, 0xff,
    0xff, 0xfc, 0x0, 0x0, 0x0, 0x0, 0x6, 0xff,
    0xff, 0xff, 0xc1, 0x0, 0x0, 0x0, 0x0, 0x0,
    0x17, 0xbb, 0x95, 0x0, 0x0, 0x0, 0x0, 0x0,
    0x0, 0x0, 0x0, 0x0, 0x0, 0x0, 0x0, 0x0,
    0x0, 0x4, 0x9d, 0xff, 0xec, 0x71, 0x0, 0x0,
    0x0, 0x1, 0xbf, 0xff, 0xff, 0xff, 0xff, 0x70,
    0x0, 0x0, 0x2e, 0xff, 0xff, 0xff, 0xff, 0xff,
    0xfa, 0x0, 0x0, 0xdf, 0xff, 0xff, 0xff, 0xff,
    0xff, 0xff, 0x80, 0x7, 0xff, 0xff, 0xfe, 0x86,
    0xaf, 0xff, 0xff, 0xf2, 0xd, 0xff, 0xff, 0xe1,
    0x0, 0x5, 0xff, 0xff, 0xf8, 0x1f, 0xff, 0xff,
    0x60, 0x0, 0x0, 0xcf, 0xff, 0xfc, 0x3f, 0xff,
    0xff, 0x30, 0x0, 0x0, 0x8f, 0xff, 0xfd, 0x3f,
    0xff, 0xff, 0x30, 0x0, 0x0, 0x9f, 0xff, 0xfd,
    0x1f, 0xff, 0xff, 0x60, 0x0, 0x0, 0xcf, 0xff,
    0xfb, 0xd, 0xff, 0xff, 0xe1, 0x0, 0x5, 0xff,
    0xff, 0xf8, 0x7, 0xff, 0xff, 0xfe, 0x87, 0xaf,
    0xff, 0xff, 0xf2, 0x0, 0xcf, 0xff, 0xff, 0xff,
    0xff, 0xff, 0xff, 0x70, 0x0, 0x1e, 0xff, 0xff,
    0xff, 0xff, 0xff, 0xfa, 0x0, 0x0, 0x1, 0xbf,
    0xff, 0xff, 0xff, 0xff, 0x70, 0x0, 0x0, 0x0,
    0x3, 0x9d, 0xff, 0xec, 0x71, 0x0, 0x0,

    /* U+0150 "Ő" */
    0x0, 0x0, 0x0, 0x0, 0x8f, 0xff, 0xf2, 0x6f,
    0xff, 0xf3, 0x0, 0x0, 0x0, 0x0, 0x0, 0xe,
    0xff, 0xf8, 0xc, 0xff, 0xf9, 0x0, 0x0, 0x0,
    0x0, 0x0, 0x4, 0xff, 0xfd, 0x3, 0xff, 0xfe,
    0x10, 0x0, 0x0, 0x0, 0x0, 0x0, 0xbf, 0xff,
    0x30, 0x9f, 0xff, 0x50, 0x0, 0x0, 0x0, 0x0,
    0x0, 0x6, 0x66, 0x50, 0x5, 0x66, 0x50, 0x0,
    0x0, 0x0, 0x0, 0x0, 0x0, 0x0, 0x0, 0x0,
    0x0, 0x0, 0x0, 0x0, 0x0, 0x0, 0x0, 0x0,
    0x0, 0x0, 0x0, 0x0, 0x0, 0x0, 0x0, 0x0,
    0x0, 0x0, 0x0, 0x0, 0x38, 0xce, 0xff, 0xdb,
    0x61, 0x0, 0x0, 0x0, 0x0, 0x0, 0x3, 0xcf,
    0xff, 0xff, 0xff, 0xff, 0xf9, 0x10, 0x0, 0x0,
    0x0, 0x8, 0xff, 0xff, 0xff, 0xff, 0xff, 0xff,
    0xfe, 0x40, 0x0, 0x0, 0x8, 0xff, 0xff, 0xff,
    0xff, 0xff, 0xff, 0xff, 0xff, 0x40, 0x0, 0x5,
    0xff, 0xff, 0xff, 0xfe, 0xcd, 0xff, 0xff, 0xff,
    0xff, 0x10, 0x0, 0xef, 0xff, 0xff, 0xd4, 0x0,
    0x0, 0x6f, 0xff, 0xff, 0xfa, 0x0, 0x6f, 0xff,
    0xff, 0xc0, 0x0, 0x0, 0x0, 0x3f, 0xff, 0xff,
    0xf1, 0xb, 0xff, 0xff, 0xf2, 0x0, 0x0, 0x0,
    0x0, 0x7f, 0xff, 0xff, 0x60, 0xef, 0xff, 0xfc,
    0x0, 0x0, 0x0, 0x0, 0x1, 0xff, 0xff, 0xf9,
    0xf, 0xff, 0xff, 0x90, 0x0, 0x0, 0x0, 0x0,
    0xe, 0xff, 0xff, 0xa0, 0xff, 0xff, 0xf9, 0x0,
    0x0, 0x0, 0x0, 0x0, 0xef, 0xff, 0xfa, 0xe,
    0xff, 0xff, 0xc0, 0x0, 0x0, 0x0, 0x0, 0x1f,
    0xff, 0xff, 0x90, 0xbf, 0xff, 0xff, 0x20, 0x0,
    0x0, 0x0, 0x7, 0xff, 0xff, 0xf6, 0x6, 0xff,
    0xff, 0xfc, 0x0, 0x0, 0x0, 0x3, 0xff, 0xff,
    0xff, 0x10, 0xe, 0xff, 0xff, 0xfd, 0x40, 0x0,
    0x6, 0xff, 0xff, 0xff, 0xa0, 0x0, 0x5f, 0xff,
    0xff, 0xff, 0xec, 0xdf, 0xff, 0xff, 0xff, 0xf1,
    0x0, 0x0, 0x8f, 0xff, 0xff, 0xff, 0xff, 0xff,
    0xff, 0xff, 0xf4, 0x0, 0x0, 0x0, 0x8f, 0xff,
    0xff, 0xff, 0xff, 0xff, 0xff, 0xe4, 0x0, 0x0,
    0x0, 0x0, 0x4c, 0xff, 0xff, 0xff, 0xff, 0xff,
    0xa1, 0x0, 0x0, 0x0, 0x0, 0x0, 0x3, 0x8c,
    0xef, 0xfd, 0xb7, 0x20, 0x0, 0x0, 0x0,

    /* U+0151 "ő" */
    0x0, 0x0, 0x0, 0x66, 0x66, 0x40, 0x56, 0x66,
    0x50, 0x0, 0x0, 0x3, 0xff, 0xff, 0x42, 0xff,
    0xff, 0x60, 0x0, 0x0, 0xa, 0xff, 0xfa, 0x8,
    0xff, 0xfc, 0x0, 0x0, 0x0, 0x1f, 0xff, 0xe1,
    0xe, 0xff, 0xf2, 0x0, 0x0, 0x0, 0x6f, 0xff,
    0x60, 0x5f, 0xff, 0x70, 0x0, 0x0, 0x0, 0x0,
    0x0, 0x0, 0x0, 0x0, 0x0, 0x0, 0x0, 0x0,
    0x0, 0x0, 0x0, 0x0, 0x0, 0x0, 0x0, 0x0,
    0x0, 0x4, 0x9d, 0xff, 0xec, 0x71, 0x0, 0x0,
    0x0, 0x1, 0xbf, 0xff, 0xff, 0xff, 0xff, 0x70,
    0x0, 0x0, 0x2e, 0xff, 0xff, 0xff, 0xff, 0xff,
    0xfa, 0x0, 0x0, 0xdf, 0xff, 0xff, 0xff, 0xff,
    0xff, 0xff, 0x80, 0x7, 0xff, 0xff, 0xfe, 0x86,
    0xaf, 0xff, 0xff, 0xf2, 0xd, 0xff, 0xff, 0xe1,
    0x0, 0x5, 0xff, 0xff, 0xf8, 0x1f, 0xff, 0xff,
    0x60, 0x0, 0x0, 0xcf, 0xff, 0xfc, 0x3f, 0xff,
    0xff, 0x30, 0x0, 0x0, 0x8f, 0xff, 0xfd, 0x3f,
    0xff, 0xff, 0x30, 0x0, 0x0, 0x9f, 0xff, 0xfd,
    0x1f, 0xff, 0xff, 0x60, 0x0, 0x0, 0xcf, 0xff,
    0xfb, 0xd, 0xff, 0xff, 0xe1, 0x0, 0x5, 0xff,
    0xff, 0xf8, 0x7, 0xff, 0xff, 0xfe, 0x87, 0xaf,
    0xff, 0xff, 0xf2, 0x0, 0xcf, 0xff, 0xff, 0xff,
    0xff, 0xff, 0xff, 0x70, 0x0, 0x1e, 0xff, 0xff,
    0xff, 0xff, 0xff, 0xfa, 0x0, 0x0, 0x1, 0xbf,
    0xff, 0xff, 0xff, 0xff, 0x70, 0x0, 0x0, 0x0,
    0x3, 0x9d, 0xff, 0xec, 0x71, 0x0, 0x0,

    /* U+0152 "Œ" */
    0x0, 0x0, 0x0, 0x4, 0x9c, 0xef, 0xff, 0xff,
    0xff, 0xff, 0xff, 0xff, 0xff, 0xff, 0xff, 0x70,
    0x0, 0x0, 0x6e, 0xff, 0xff, 0xff, 0xff, 0xff,
    0xff, 0xff, 0xff, 0xff, 0xff, 0xff, 0xf7, 0x0,
    0x0, 0xbf, 0xff, 0xff, 0xff, 0xff, 0xff, 0xff,
    0xff, 0xff, 0xff, 0xff, 0xff, 0xff, 0x70, 0x0,
    0xbf, 0xff, 0xff, 0xff, 0xff, 0xff, 0xff, 0xff,
    0xff, 0xff, 0xff, 0xff, 0xff, 0xf7, 0x0, 0x8f,
    0xff, 0xff, 0xfe, 0xa7, 0x77, 0x7e, 0xff, 0xff,
    0xc7, 0x77, 0x77, 0x77, 0x77, 0x30, 0x1f, 0xff,
    0xff, 0xf9, 0x0, 0x0, 0x0, 0xdf, 0xff, 0xf9,
    0x0, 0x0, 0x0, 0x0, 0x0, 0x7, 0xff, 0xff,
    0xf9, 0x0, 0x0, 0x0, 0xd, 0xff, 0xff, 0x90,
    0x0, 0x0, 0x0, 0x0, 0x0, 0xcf, 0xff, 0xff,
    0x10, 0x0, 0x0, 0x0, 0xdf, 0xff, 0xfb, 0x55,
    0x55, 0x55, 0x55, 0x10, 0xf, 0xff, 0xff, 0xb0,
    0x0, 0x0, 0x0, 0xd, 0xff, 0xff, 0xff, 0xff,
    0xff, 0xff, 0xf5, 0x0, 0xff, 0xff, 0xf9, 0x0,
    0x0, 0x0, 0x0, 0xdf, 0xff, 0xff, 0xff, 0xff,
    0xff, 0xff, 0x50, 0xf, 0xff, 0xff, 0x90, 0x0,
    0x0, 0x0, 0xd, 0xff, 0xff, 0xff, 0xff, 0xff,
    0xff, 0xf5, 0x0, 0xff, 0xff, 0xfb, 0x0, 0x0,
    0x0, 0x0, 0xdf, 0xff, 0xff, 0xff, 0xff, 0xff,
    0xff, 0x50, 0xc, 0xff, 0xff, 0xf1, 0x0, 0x0,
    0x0, 0xd, 0xff, 0xff, 0x90, 0x0, 0x0, 0x0,
    0x0, 0x0, 0x7f, 0xff, 0xff, 0x90, 0x0, 0x0,
    0x0, 0xdf, 0xff, 0xf9, 0x0, 0x0, 0x0, 0x0,
    0x0, 0x1, 0xff, 0xff, 0xff, 0x90, 0x0, 0x0,
    0xd, 0xff, 0xff, 0x90, 0x0, 0x0, 0x0, 0x0,
    0x0, 0x8, 0xff, 0xff, 0xff, 0xea, 0x77, 0x77,
    0xef, 0xff, 0xfc, 0x77, 0x77, 0x77, 0x77, 0x76,
    0x0, 0xb, 0xff, 0xff, 0xff, 0xff, 0xff, 0xff,
    0xff, 0xff, 0xff, 0xff, 0xff, 0xff, 0xff, 0xd0,
    0x0, 0xb, 0xff, 0xff, 0xff, 0xff, 0xff, 0xff,
    0xff, 0xff, 0xff, 0xff, 0xff, 0xff, 0xfd, 0x0,
    0x0, 0x6, 0xef, 0xff, 0xff, 0xff, 0xff, 0xff,
    0xff, 0xff, 0xff, 0xff, 0xff, 0xff, 0xd0, 0x0,
    0x0, 0x0, 0x49, 0xce, 0xff, 0xff, 0xff, 0xff,
    0xff, 0xff, 0xff, 0xff, 0xff, 0xfd,

    /* U+0153 "œ" */
    0x0, 0x0, 0x4, 0x9d, 0xff, 0xeb, 0x60, 0x0,
    0x4, 0xad, 0xfe, 0xd9, 0x30, 0x0, 0x0, 0x0,
    0x1, 0xbf, 0xff, 0xff, 0xff, 0xfd, 0x31, 0xcf,
    0xff, 0xff, 0xff, 0xfb, 0x10, 0x0, 0x0, 0x2e,
    0xff, 0xff, 0xff, 0xff, 0xff, 0xfe, 0xff, 0xff,
    0xff, 0xff, 0xff, 0xe1, 0x0, 0x0, 0xdf, 0xff,
    0xff, 0xff, 0xff, 0xff, 0xff, 0xff, 0xff, 0xff,
    0xff, 0xff, 0xfd, 0x0, 0x7, 0xff, 0xff, 0xfe,
    0x86, 0xaf, 0xff, 0xff, 0xff, 0xc3, 0x0, 0x4e,
    0xff, 0xff, 0x60, 0xd, 0xff, 0xff, 0xe1, 0x0,
    0x5, 0xff, 0xff, 0xff, 0x0, 0x0, 0x4, 0xff,
    0xff, 0xb0, 0x1f, 0xff, 0xff, 0x60, 0x0, 0x0,
    0xcf, 0xff, 0xff, 0xee, 0xee, 0xee, 0xff, 0xff,
    0xe0, 0x3f, 0xff, 0xff, 0x30, 0x0, 0x0, 0x9f,
    0xff, 0xff, 0xff, 0xff, 0xff, 0xff, 0xff, 0xf0,
    0x3f, 0xff, 0xff, 0x30, 0x0, 0x0, 0x8f, 0xff,
    0xff, 0xff, 0xff, 0xff, 0xff, 0xff, 0xf0, 0x1f,
    0xff, 0xff, 0x50, 0x0, 0x0, 0xbf, 0xff, 0xff,
    0x10, 0x0, 0x0, 0x0, 0x0, 0x0, 0xd, 0xff,
    0xff, 0xd0, 0x0, 0x3, 0xff, 0xff, 0xff, 0x90,
    0x0, 0x0, 0x44, 0x0, 0x0, 0x7, 0xff, 0xff,
    0xfd, 0x64, 0x7f, 0xff, 0xff, 0xff, 0xfc, 0x53,
    0x5a, 0xff, 0x30, 0x0, 0x0, 0xcf, 0xff, 0xff,
    0xff, 0xff, 0xff, 0xff, 0xff, 0xff, 0xff, 0xff,
    0xff, 0xe2, 0x0, 0x0, 0x1e, 0xff, 0xff, 0xff,
    0xff, 0xff, 0xfd, 0xff, 0xff, 0xff, 0xff, 0xff,
    0xfa, 0x0, 0x0, 0x1, 0xbf, 0xff, 0xff, 0xff,
    0xfd, 0x30, 0xaf, 0xff, 0xff, 0xff, 0xff, 0x90,
    0x0, 0x0, 0x0, 0x4, 0x9d, 0xff, 0xeb, 0x60,
    0x0, 0x3, 0x8d, 0xef, 0xec, 0x82, 0x0, 0x0,

    /* U+0154 "Ŕ" */
    0x0, 0x0, 0x0, 0x0, 0x0, 0x78, 0x88, 0x72,
    0x0, 0x0, 0x0, 0x0, 0x0, 0x0, 0x9, 0xff,
    0xff, 0x60, 0x0, 0x0, 0x0, 0x0, 0x0, 0x0,
    0x6f, 0xff, 0xf4, 0x0, 0x0, 0x0, 0x0, 0x0,
    0x0, 0x4, 0xff, 0xfe, 0x20, 0x0, 0x0, 0x0,
    0x0, 0x0, 0x0, 0x2e, 0xff, 0xc1, 0x0, 0x0,
    0x0, 0x0, 0x0, 0x0, 0x0, 0x0, 0x0, 0x0,
    0x0, 0x0, 0x0, 0x0, 0x0, 0x0, 0x0, 0x0,
    0x0, 0x0, 0x0, 0x0, 0x0, 0x0, 0xf, 0xff,
    0xff, 0xff, 0xff, 0xfe, 0xb7, 0x20, 0x0, 0x0,
    0xf, 0xff, 0xff, 0xff, 0xff, 0xff, 0xff, 0xf9,
    0x0, 0x0, 0xf, 0xff, 0xff, 0xff, 0xff, 0xff,
    0xff, 0xff, 0xc0, 0x0, 0xf, 0xff, 0xff, 0xff,
    0xff, 0xff, 0xff, 0xff, 0xf9, 0x0, 0xf, 0xff,
    0xff, 0xc8, 0x88, 0xae, 0xff, 0xff, 0xff, 0x20,
    0xf, 0xff, 0xff, 0x80, 0x0, 0x0, 0xaf, 0xff,
    0xff, 0x60, 0xf, 0xff, 0xff, 0x80, 0x0, 0x0,
    0x1f, 0xff, 0xff, 0x80, 0xf, 0xff, 0xff, 0x80,
    0x0, 0x0, 0xf, 0xff, 0xff, 0x90, 0xf, 0xff,
    0xff, 0x80, 0x0, 0x0, 0x4f, 0xff, 0xff, 0x80,
    0xf, 0xff, 0xff, 0x80, 0x0, 0x16, 0xef, 0xff,
    0xff, 0x40, 0xf, 0xff, 0xff, 0xff, 0xff, 0xff,
    0xff, 0xff, 0xfd, 0x0, 0xf, 0xff, 0xff, 0xff,
    0xff, 0xff, 0xff, 0xff, 0xf3, 0x0, 0xf, 0xff,
    0xff, 0xff, 0xff, 0xff, 0xff, 0xfe, 0x40, 0x0,
    0xf, 0xff, 0xff, 0xff, 0xff, 0xff, 0xff, 0xf1,
    0x0, 0x0, 0xf, 0xff, 0xff, 0xb7, 0x79, 0xff,
    0xff, 0xf7, 0x0, 0x0, 0xf, 0xff, 0xff, 0x80,
    0x0, 0xcf, 0xff, 0xff, 0x20, 0x0, 0xf, 0xff,
    0xff, 0x80, 0x0, 0x2f, 0xff, 0xff, 0xb0, 0x0,
    0xf, 0xff, 0xff, 0x80, 0x0, 0x8, 0xff, 0xff,
    0xf6, 0x0, 0xf, 0xff, 0xff, 0x80, 0x0, 0x0,
    0xdf, 0xff, 0xff, 0x10, 0xf, 0xff, 0xff, 0x80,
    0x0, 0x0, 0x3f, 0xff, 0xff, 0xb0,

    /* U+0155 "ŕ" */
    0x0, 0x0, 0x0, 0xaf, 0xff, 0xf8, 0x0, 0x0,
    0x0, 0x7f, 0xff, 0xf6, 0x0, 0x0, 0x0, 0x4f,
    0xff, 0xe4, 0x0, 0x0, 0x0, 0x2f, 0xff, 0xd2,
    0x0, 0x0, 0x0, 0x6, 0x88, 0x71, 0x0, 0x0,
    0x0, 0x0, 0x0, 0x0, 0x0, 0x0, 0x0, 0x4f,
    0xff, 0xfc, 0x4, 0xae, 0xd0, 0x4, 0xff, 0xff,
    0xca, 0xff, 0xfe, 0x0, 0x4f, 0xff, 0xff, 0xff,
    0xff, 0xe0, 0x4, 0xff, 0xff, 0xff, 0xff, 0xfe,
    0x0, 0x4f, 0xff, 0xff, 0xff, 0xfe, 0xd0, 0x4,
    0xff, 0xff, 0xff, 0x81, 0x0, 0x0, 0x4f, 0xff,
    0xff, 0x80, 0x0, 0x0, 0x4, 0xff, 0xff, 0xf2,
    0x0, 0x0, 0x0, 0x4f, 0xff, 0xff, 0x0, 0x0,
    0x0, 0x4, 0xff, 0xff, 0xf0, 0x0, 0x0, 0x0,
    0x4f, 0xff, 0xff, 0x0, 0x0, 0x0, 0x4, 0xff,
    0xff, 0xf0, 0x0, 0x0, 0x0, 0x4f, 0xff, 0xff,
    0x0, 0x0, 0x0, 0x4, 0xff, 0xff, 0xf0, 0x0,
    0x0, 0x0, 0x4f, 0xff, 0xff, 0x0, 0x0, 0x0,
    0x4, 0xff, 0xff, 0xf0, 0x0, 0x0, 0x0,

    /* U+0156 "Ŗ" */
    0xf, 0xff, 0xff, 0xff, 0xff, 0xfe, 0xb7, 0x20,
    0x0, 0x0, 0xf, 0xff, 0xff, 0xff, 0xff, 0xff,
    0xff, 0xf9, 0x0, 0x0, 0xf, 0xff, 0xff, 0xff,
    0xff, 0xff, 0xff, 0xff, 0xc0, 0x0, 0xf, 0xff,
    0xff, 0xff, 0xff, 0xff, 0xff, 0xff, 0xf9, 0x0,
    0xf, 0xff, 0xff, 0xc8, 0x88, 0xae, 0xff, 0xff,
    0xff, 0x20, 0xf, 0xff, 0xff, 0x80, 0x0, 0x0,
    0xaf, 0xff, 0xff, 0x60, 0xf, 0xff, 0xff, 0x80,
    0x0, 0x0, 0x1f, 0xff, 0xff, 0x80, 0xf, 0xff,
    0xff, 0x80, 0x0, 0x0, 0xf, 0xff, 0xff, 0x90,
    0xf, 0xff, 0xff, 0x80, 0x0, 0x0, 0x4f, 0xff,
    0xff, 0x80, 0xf, 0xff, 0xff, 0x80, 0x0, 0x16,
    0xef, 0xff, 0xff, 0x40, 0xf, 0xff, 0xff, 0xff,
    0xff, 0xff, 0xff, 0xff, 0xfd, 0x0, 0xf, 0xff,
    0xff, 0xff, 0xff, 0xff, 0xff, 0xff, 0xf3, 0x0,
    0xf, 0xff, 0xff, 0xff, 0xff, 0xff, 0xff, 0xfe,
    0x40, 0x0, 0xf, 0xff, 0xff, 0xff, 0xff, 0xff,
    0xff, 0xf1, 0x0, 0x0, 0xf, 0xff, 0xff, 0xb7,
    0x79, 0xff, 0xff, 0xf7, 0x0, 0x0, 0xf, 0xff,
    0xff, 0x80, 0x0, 0xcf, 0xff, 0xff, 0x20, 0x0,
    0xf, 0xff, 0xff, 0x80, 0x0, 0x2f, 0xff, 0xff,
    0xb0, 0x0, 0xf, 0xff, 0xff, 0x80, 0x0, 0x8,
    0xff, 0xff, 0xf6, 0x0, 0xf, 0xff, 0xff, 0x80,
    0x0, 0x0, 0xdf, 0xff, 0xff, 0x10, 0xf, 0xff,
    0xff, 0x80, 0x0, 0x0, 0x3f, 0xff, 0xff, 0xb0,
    0x0, 0x0, 0x0, 0x0, 0x0, 0x0, 0x0, 0x0,
    0x0, 0x0, 0x0, 0x0, 0x0, 0x0, 0x0, 0x0,
    0x0, 0x0, 0x0, 0x0, 0x0, 0x0, 0x0, 0x4,
    0xdf, 0xa0, 0x0, 0x0, 0x0, 0x0, 0x0, 0x0,
    0x0, 0xe, 0xff, 0xf5, 0x0, 0x0, 0x0, 0x0,
    0x0, 0x0, 0x0, 0xd, 0xff, 0xf6, 0x0, 0x0,
    0x0, 0x0, 0x0, 0x0, 0x0, 0x3, 0xff, 0xf1,
    0x0, 0x0, 0x0, 0x0, 0x0, 0x0, 0x0, 0x1,
    0xff, 0xa0, 0x0, 0x0, 0x0, 0x0, 0x0, 0x0,
    0x0, 0x6, 0xff, 0x20, 0x0, 0x0, 0x0, 0x0,

    /* U+0157 "ŗ" */
    0x4f, 0xff, 0xfc, 0x4, 0xae, 0xd4, 0xff, 0xff,
    0xca, 0xff, 0xfe, 0x4f, 0xff, 0xff, 0xff, 0xff,
    0xe4, 0xff, 0xff, 0xff, 0xff, 0xfe, 0x4f, 0xff,
    0xff, 0xff, 0xfe, 0xd4, 0xff, 0xff, 0xff, 0x81,
    0x0, 0x4f, 0xff, 0xff, 0x80, 0x0, 0x4, 0xff,
    0xff, 0xf2, 0x0, 0x0, 0x4f, 0xff, 0xff, 0x0,
    0x0, 0x4, 0xff, 0xff, 0xf0, 0x0, 0x0, 0x4f,
    0xff, 0xff, 0x0, 0x0, 0x4, 0xff, 0xff, 0xf0,
    0x0, 0x0, 0x4f, 0xff, 0xff, 0x0, 0x0, 0x4,
    0xff, 0xff, 0xf0, 0x0, 0x0, 0x4f, 0xff, 0xff,
    0x0, 0x0, 0x4, 0xff, 0xff, 0xf0, 0x0, 0x0,
    0x0, 0x0, 0x0, 0x0, 0x0, 0x0, 0x0, 0x0,
    0x0, 0x0, 0x0, 0x2, 0xcf, 0xc2, 0x0, 0x0,
    0x0, 0x9f, 0xff, 0xa0, 0x0, 0x0, 0x9, 0xff,
    0xfa, 0x0, 0x0, 0x0, 0x1d, 0xff, 0x50, 0x0,
    0x0, 0x0, 0xdf, 0xd0, 0x0, 0x0, 0x0, 0x2f,
    0xf5, 0x0, 0x0, 0x0,

    /* U+0158 "Ř" */
    0x0, 0x3, 0x88, 0x71, 0x0, 0x4, 0x88, 0x70,
    0x0, 0x0, 0x0, 0x0, 0xdf, 0xfd, 0x10, 0x6f,
    0xff, 0x60, 0x0, 0x0, 0x0, 0x0, 0x2e, 0xff,
    0xd8, 0xff, 0xf9, 0x0, 0x0, 0x0, 0x0, 0x0,
    0x4, 0xff, 0xff, 0xff, 0xb0, 0x0, 0x0, 0x0,
    0x0, 0x0, 0x0, 0x7f, 0xff, 0xfd, 0x10, 0x0,
    0x0, 0x0, 0x0, 0x0, 0x0, 0x0, 0x0, 0x0,
    0x0, 0x0, 0x0, 0x0, 0x0, 0x0, 0x0, 0x0,
    0x0, 0x0, 0x0, 0x0, 0x0, 0x0, 0xf, 0xff,
    0xff, 0xff, 0xff, 0xfe, 0xb7, 0x20, 0x0, 0x0,
    0xf, 0xff, 0xff, 0xff, 0xff, 0xff, 0xff, 0xf9,
    0x0, 0x0, 0xf, 0xff, 0xff, 0xff, 0xff, 0xff,
    0xff, 0xff, 0xc0, 0x0, 0xf, 0xff, 0xff, 0xff,
    0xff, 0xff, 0xff, 0xff, 0xf9, 0x0, 0xf, 0xff,
    0xff, 0xc8, 0x88, 0xae, 0xff, 0xff, 0xff, 0x20,
    0xf, 0xff, 0xff, 0x80, 0x0, 0x0, 0xaf, 0xff,
    0xff, 0x60, 0xf, 0xff, 0xff, 0x80, 0x0, 0x0,
    0x1f, 0xff, 0xff, 0x80, 0xf, 0xff, 0xff, 0x80,
    0x0, 0x0, 0xf, 0xff, 0xff, 0x90, 0xf, 0xff,
    0xff, 0x80, 0x0, 0x0, 0x4f, 0xff, 0xff, 0x80,
    0xf, 0xff, 0xff, 0x80, 0x0, 0x16, 0xef, 0xff,
    0xff, 0x40, 0xf, 0xff, 0xff, 0xff, 0xff, 0xff,
    0xff, 0xff, 0xfd, 0x0, 0xf, 0xff, 0xff, 0xff,
    0xff, 0xff, 0xff, 0xff, 0xf3, 0x0, 0xf, 0xff,
    0xff, 0xff, 0xff, 0xff, 0xff, 0xfe, 0x40, 0x0,
    0xf, 0xff, 0xff, 0xff, 0xff, 0xff, 0xff, 0xf1,
    0x0, 0x0, 0xf, 0xff, 0xff, 0xb7, 0x79, 0xff,
    0xff, 0xf7, 0x0, 0x0, 0xf, 0xff, 0xff, 0x80,
    0x0, 0xcf, 0xff, 0xff, 0x20, 0x0, 0xf, 0xff,
    0xff, 0x80, 0x0, 0x2f, 0xff, 0xff, 0xb0, 0x0,
    0xf, 0xff, 0xff, 0x80, 0x0, 0x8, 0xff, 0xff,
    0xf6, 0x0, 0xf, 0xff, 0xff, 0x80, 0x0, 0x0,
    0xdf, 0xff, 0xff, 0x10, 0xf, 0xff, 0xff, 0x80,
    0x0, 0x0, 0x3f, 0xff, 0xff, 0xb0,

    /* U+0159 "ř" */
    0xb, 0xff, 0xd1, 0x0, 0x5f, 0xff, 0x50, 0x1d,
    0xff, 0xd1, 0x6f, 0xff, 0x80, 0x0, 0x2f, 0xff,
    0xef, 0xff, 0xb0, 0x0, 0x0, 0x5f, 0xff, 0xff,
    0xd0, 0x0, 0x0, 0x0, 0x58, 0x88, 0x82, 0x0,
    0x0, 0x0, 0x0, 0x0, 0x0, 0x0, 0x0, 0x4,
    0xff, 0xff, 0xc0, 0x4a, 0xed, 0x0, 0x4f, 0xff,
    0xfc, 0xaf, 0xff, 0xe0, 0x4, 0xff, 0xff, 0xff,
    0xff, 0xfe, 0x0, 0x4f, 0xff, 0xff, 0xff, 0xff,
    0xe0, 0x4, 0xff, 0xff, 0xff, 0xff, 0xed, 0x0,
    0x4f, 0xff, 0xff, 0xf8, 0x10, 0x0, 0x4, 0xff,
    0xff, 0xf8, 0x0, 0x0, 0x0, 0x4f, 0xff, 0xff,
    0x20, 0x0, 0x0, 0x4, 0xff, 0xff, 0xf0, 0x0,
    0x0, 0x0, 0x4f, 0xff, 0xff, 0x0, 0x0, 0x0,
    0x4, 0xff, 0xff, 0xf0, 0x0, 0x0, 0x0, 0x4f,
    0xff, 0xff, 0x0, 0x0, 0x0, 0x4, 0xff, 0xff,
    0xf0, 0x0, 0x0, 0x0, 0x4f, 0xff, 0xff, 0x0,
    0x0, 0x0, 0x4, 0xff, 0xff, 0xf0, 0x0, 0x0,
    0x0, 0x4f, 0xff, 0xff, 0x0, 0x0, 0x0,

    /* U+015A "Ś" */
    0x0, 0x0, 0x0, 0x0, 0x4, 0xff, 0xff, 0xc1,
    0x0, 0x0, 0x0, 0x0, 0x0, 0x2e, 0xff, 0xfa,
    0x0, 0x0, 0x0, 0x0, 0x0, 0x1, 0xdf, 0xff,
    0x80, 0x0, 0x0, 0x0, 0x0, 0x0, 0xb, 0xff,
    0xf6, 0x0, 0x0, 0x0, 0x0, 0x0, 0x0, 0x38,
    0x88, 0x40, 0x0, 0x0, 0x0, 0x0, 0x0, 0x0,
    0x0, 0x0, 0x0, 0x0, 0x0, 0x0, 0x0, 0x0,
    0x0, 0x0, 0x0, 0x0, 0x0, 0x0, 0x0, 0x0,
    0x0, 0x15, 0xad, 0xef, 0xfd, 0xb8, 0x30, 0x0,
    0x0, 0x6, 0xef, 0xff, 0xff, 0xff, 0xff, 0xfd,
    0x40, 0x0, 0x9f, 0xff, 0xff, 0xff, 0xff, 0xff,
    0xff, 0x60, 0x5, 0xff, 0xff, 0xff, 0xff, 0xff,
    0xff, 0xff, 0x0, 0xc, 0xff, 0xff, 0xfc, 0x87,
    0x8a, 0xef, 0xf9, 0x0, 0xf, 0xff, 0xff, 0xa0,
    0x0, 0x0, 0x3, 0xa2, 0x0, 0xf, 0xff, 0xff,
    0x80, 0x0, 0x0, 0x0, 0x0, 0x0, 0xe, 0xff,
    0xff, 0xf9, 0x40, 0x0, 0x0, 0x0, 0x0, 0x8,
    0xff, 0xff, 0xff, 0xff, 0xd9, 0x50, 0x0, 0x0,
    0x0, 0xbf, 0xff, 0xff, 0xff, 0xff, 0xff, 0x81,
    0x0, 0x0, 0x7, 0xef, 0xff, 0xff, 0xff, 0xff,
    0xfe, 0x30, 0x0, 0x0, 0x4, 0x8c, 0xff, 0xff,
    0xff, 0xff, 0xe0, 0x0, 0x0, 0x0, 0x0, 0x4,
    0x8e, 0xff, 0xff, 0xf5, 0x0, 0x10, 0x0, 0x0,
    0x0, 0x2, 0xff, 0xff, 0xf7, 0x0, 0xeb, 0x40,
    0x0, 0x0, 0x2, 0xff, 0xff, 0xf7, 0x6, 0xff,
    0xff, 0xb9, 0x78, 0xaf, 0xff, 0xff, 0xf3, 0xd,
    0xff, 0xff, 0xff, 0xff, 0xff, 0xff, 0xff, 0xc0,
    0x3f, 0xff, 0xff, 0xff, 0xff, 0xff, 0xff, 0xfe,
    0x20, 0x4, 0xcf, 0xff, 0xff, 0xff, 0xff, 0xff,
    0xb2, 0x0, 0x0, 0x2, 0x7a, 0xde, 0xff, 0xec,
    0x83, 0x0, 0x0,

    /* U+015B "ś" */
    0x0, 0x0, 0x0, 0x0, 0x58, 0x88, 0x84, 0x0,
    0x0, 0x0, 0x0, 0x5f, 0xff, 0xfa, 0x0, 0x0,
    0x0, 0x0, 0x3f, 0xff, 0xf7, 0x0, 0x0, 0x0,
    0x0, 0x1e, 0xff, 0xf5, 0x0, 0x0, 0x0, 0x0,
    0xc, 0xff, 0xe3, 0x0, 0x0, 0x0, 0x0, 0x0,
    0x0, 0x0, 0x0, 0x0, 0x0, 0x0, 0x0, 0x0,
    0x0, 0x0, 0x0, 0x0, 0x0, 0x0, 0x6, 0xbd,
    0xff, 0xec, 0xa6, 0x0, 0x0, 0x5e, 0xff, 0xff,
    0xff, 0xff, 0xfe, 0x0, 0x4f, 0xff, 0xff, 0xff,
    0xff, 0xff, 0xb0, 0xd, 0xff, 0xff, 0xff, 0xff,
    0xff, 0xf4, 0x1, 0xff, 0xff, 0xf3, 0x0, 0x13,
    0x8c, 0x0, 0x2f, 0xff, 0xff, 0x40, 0x0, 0x0,
    0x0, 0x0, 0xff, 0xff, 0xff, 0xfd, 0xa7, 0x20,
    0x0, 0x8, 0xff, 0xff, 0xff, 0xff, 0xff, 0xc2,
    0x0, 0x8, 0xff, 0xff, 0xff, 0xff, 0xff, 0xe1,
    0x0, 0x1, 0x69, 0xce, 0xff, 0xff, 0xff, 0x80,
    0x2, 0x0, 0x0, 0x2, 0x9f, 0xff, 0xfa, 0x4,
    0xfb, 0x52, 0x0, 0x8, 0xff, 0xff, 0xa0, 0xbf,
    0xff, 0xff, 0xff, 0xff, 0xff, 0xf6, 0x2f, 0xff,
    0xff, 0xff, 0xff, 0xff, 0xfc, 0x3, 0xdf, 0xff,
    0xff, 0xff, 0xff, 0xfa, 0x0, 0x0, 0x38, 0xbe,
    0xff, 0xec, 0x83, 0x0, 0x0,

    /* U+015C "Ŝ" */
    0x0, 0x0, 0x0, 0x8f, 0xff, 0xfd, 0x0, 0x0,
    0x0, 0x0, 0x0, 0x5, 0xff, 0xff, 0xff, 0xa0,
    0x0, 0x0, 0x0, 0x0, 0x3f, 0xff, 0xc9, 0xff,
    0xf7, 0x0, 0x0, 0x0, 0x1, 0xef, 0xfc, 0x0,
    0x8f, 0xff, 0x40, 0x0, 0x0, 0x4, 0x88, 0x70,
    0x0, 0x5, 0x88, 0x70, 0x0, 0x0, 0x0, 0x0,
    0x0, 0x0, 0x0, 0x0, 0x0, 0x0, 0x0, 0x0,
    0x0, 0x0, 0x0, 0x0, 0x0, 0x0, 0x0, 0x0,
    0x0, 0x15, 0xad, 0xef, 0xfd, 0xb8, 0x30, 0x0,
    0x0, 0x6, 0xef, 0xff, 0xff, 0xff, 0xff, 0xfd,
    0x40, 0x0, 0x9f, 0xff, 0xff, 0xff, 0xff, 0xff,
    0xff, 0x60, 0x5, 0xff, 0xff, 0xff, 0xff, 0xff,
    0xff, 0xff, 0x0, 0xc, 0xff, 0xff, 0xfc, 0x87,
    0x8a, 0xef, 0xf9, 0x0, 0xf, 0xff, 0xff, 0xa0,
    0x0, 0x0, 0x3, 0xa2, 0x0, 0xf, 0xff, 0xff,
    0x80, 0x0, 0x0, 0x0, 0x0, 0x0, 0xe, 0xff,
    0xff, 0xf9, 0x40, 0x0, 0x0, 0x0, 0x0, 0x8,
    0xff, 0xff, 0xff, 0xff, 0xd9, 0x50, 0x0, 0x0,
    0x0, 0xbf, 0xff, 0xff, 0xff, 0xff, 0xff, 0x81,
    0x0, 0x0, 0x7, 0xef, 0xff, 0xff, 0xff, 0xff,
    0xfe, 0x30, 0x0, 0x0, 0x4, 0x8c, 0xff, 0xff,
    0xff, 0xff, 0xe0, 0x0, 0x0, 0x0, 0x0, 0x4,
    0x8e, 0xff, 0xff, 0xf5, 0x0, 0x10, 0x0, 0x0,
    0x0, 0x2, 0xff, 0xff, 0xf7, 0x0, 0xeb, 0x40,
    0x0, 0x0, 0x2, 0xff, 0xff, 0xf7, 0x6, 0xff,
    0xff, 0xb9, 0x78, 0xaf, 0xff, 0xff, 0xf3, 0xd,
    0xff, 0xff, 0xff, 0xff, 0xff, 0xff, 0xff, 0xc0,
    0x3f, 0xff, 0xff, 0xff, 0xff, 0xff, 0xff, 0xfe,
    0x20, 0x4, 0xcf, 0xff, 0xff, 0xff, 0xff, 0xff,
    0xb2, 0x0, 0x0, 0x2, 0x7a, 0xde, 0xff, 0xec,
    0x83, 0x0, 0x0,

    /* U+015D "ŝ" */
    0x0, 0x0, 0x7, 0x88, 0x87, 0x0, 0x0, 0x0,
    0x0, 0x9, 0xff, 0xff, 0xf9, 0x0, 0x0, 0x0,
    0x6, 0xff, 0xfe, 0xff, 0xf6, 0x0, 0x0, 0x3,
    0xff, 0xfa, 0xa, 0xff, 0xf3, 0x0, 0x1, 0xef,
    0xf9, 0x0, 0x9, 0xff, 0xe1, 0x0, 0x0, 0x0,
    0x0, 0x0, 0x0, 0x0, 0x0, 0x0, 0x0, 0x0,
    0x0, 0x0, 0x0, 0x0, 0x0, 0x0, 0x6, 0xbd,
    0xff, 0xec, 0xa6, 0x0, 0x0, 0x5e, 0xff, 0xff,
    0xff, 0xff, 0xfe, 0x0, 0x4f, 0xff, 0xff, 0xff,
    0xff, 0xff, 0xb0, 0xd, 0xff, 0xff, 0xff, 0xff,
    0xff, 0xf4, 0x1, 0xff, 0xff, 0xf3, 0x0, 0x13,
    0x8c, 0x0, 0x2f, 0xff, 0xff, 0x40, 0x0, 0x0,
    0x0, 0x0, 0xff, 0xff, 0xff, 0xfd, 0xa7, 0x20,
    0x0, 0x8, 0xff, 0xff, 0xff, 0xff, 0xff, 0xc2,
    0x0, 0x8, 0xff, 0xff, 0xff, 0xff, 0xff, 0xe1,
    0x0, 0x1, 0x69, 0xce, 0xff, 0xff, 0xff, 0x80,
    0x2, 0x0, 0x0, 0x2, 0x9f, 0xff, 0xfa, 0x4,
    0xfb, 0x52, 0x0, 0x8, 0xff, 0xff, 0xa0, 0xbf,
    0xff, 0xff, 0xff, 0xff, 0xff, 0xf6, 0x2f, 0xff,
    0xff, 0xff, 0xff, 0xff, 0xfc, 0x3, 0xdf, 0xff,
    0xff, 0xff, 0xff, 0xfa, 0x0, 0x0, 0x38, 0xbe,
    0xff, 0xec, 0x83, 0x0, 0x0,

    /* U+015E "Ş" */
    0x0, 0x0, 0x15, 0xad, 0xef, 0xfd, 0xb8, 0x30,
    0x0, 0x0, 0x6, 0xef, 0xff, 0xff, 0xff, 0xff,
    0xfd, 0x40, 0x0, 0x9f, 0xff, 0xff, 0xff, 0xff,
    0xff, 0xff, 0x60, 0x5, 0xff, 0xff, 0xff, 0xff,
    0xff, 0xff, 0xff, 0x0, 0xc, 0xff, 0xff, 0xfc,
    0x87, 0x8a, 0xef, 0xf9, 0x0, 0xf, 0xff, 0xff,
    0xa0, 0x0, 0x0, 0x3, 0xa2, 0x0, 0xf, 0xff,
    0xff, 0x80, 0x0, 0x0, 0x0, 0x0, 0x0, 0xe,
    0xff, 0xff, 0xf9, 0x40, 0x0, 0x0, 0x0, 0x0,
    0x8, 0xff, 0xff, 0xff, 0xff, 0xd9, 0x50, 0x0,
    0x0, 0x0, 0xbf, 0xff, 0xff, 0xff, 0xff, 0xff,
    0x81, 0x0, 0x0, 0x7, 0xef, 0xff, 0xff, 0xff,
    0xff, 0xfe, 0x30, 0x0, 0x0, 0x4, 0x8c, 0xff,
    0xff, 0xff, 0xff, 0xe0, 0x0, 0x0, 0x0, 0x0,
    0x4, 0x8e, 0xff, 0xff, 0xf5, 0x0, 0x10, 0x0,
    0x0, 0x0, 0x2, 0xff, 0xff, 0xf7, 0x0, 0xeb,
    0x40, 0x0, 0x0, 0x2, 0xff, 0xff, 0xf7, 0x6,
    0xff, 0xff, 0xb9, 0x78, 0xaf, 0xff, 0xff, 0xf3,
    0xd, 0xff, 0xff, 0xff, 0xff, 0xff, 0xff, 0xff,
    0xc0, 0x3f, 0xff, 0xff, 0xff, 0xff, 0xff, 0xff,
    0xfe, 0x20, 0x4, 0xcf, 0xff, 0xff, 0xff, 0xff,
    0xff, 0xb2, 0x0, 0x0, 0x2, 0x7a, 0xdf, 0xff,
    0xfc, 0x83, 0x0, 0x0, 0x0, 0x0, 0x0, 0x8,
    0xff, 0x40, 0x0, 0x0, 0x0, 0x0, 0x0, 0x0,
    0xb, 0xff, 0xd7, 0x0, 0x0, 0x0, 0x0, 0x0,
    0x0, 0x7, 0x8f, 0xff, 0x50, 0x0, 0x0, 0x0,
    0x0, 0x0, 0x30, 0x1d, 0xff, 0x80, 0x0, 0x0,
    0x0, 0x0, 0x1, 0xff, 0xff, 0xff, 0x40, 0x0,
    0x0, 0x0, 0x0, 0x6, 0xff, 0xff, 0xe6, 0x0,
    0x0, 0x0, 0x0, 0x0, 0x0, 0x25, 0x53, 0x0,
    0x0, 0x0, 0x0,

    /* U+015F "ş" */
    0x0, 0x0, 0x6b, 0xdf, 0xfe, 0xca, 0x60, 0x0,
    0x5, 0xef, 0xff, 0xff, 0xff, 0xff, 0xe0, 0x4,
    0xff, 0xff, 0xff, 0xff, 0xff, 0xfb, 0x0, 0xdf,
    0xff, 0xff, 0xff, 0xff, 0xff, 0x40, 0x1f, 0xff,
    0xff, 0x30, 0x1, 0x38, 0xc0, 0x2, 0xff, 0xff,
    0xf4, 0x0, 0x0, 0x0, 0x0, 0xf, 0xff, 0xff,
    0xff, 0xda, 0x72, 0x0, 0x0, 0x8f, 0xff, 0xff,
    0xff, 0xff, 0xfc, 0x20, 0x0, 0x9f, 0xff, 0xff,
    0xff, 0xff, 0xfe, 0x10, 0x0, 0x27, 0xad, 0xff,
    0xff, 0xff, 0xf8, 0x0, 0x10, 0x0, 0x0, 0x3a,
    0xff, 0xff, 0xa0, 0x4f, 0x94, 0x10, 0x0, 0x7f,
    0xff, 0xfa, 0xa, 0xff, 0xff, 0xee, 0xff, 0xff,
    0xff, 0x62, 0xff, 0xff, 0xff, 0xff, 0xff, 0xff,
    0xc0, 0x3d, 0xff, 0xff, 0xff, 0xff, 0xff, 0xa0,
    0x0, 0x3, 0x8b, 0xef, 0xff, 0xc8, 0x30, 0x0,
    0x0, 0x0, 0x2, 0xff, 0xa0, 0x0, 0x0, 0x0,
    0x0, 0x0, 0x6f, 0xfe, 0x80, 0x0, 0x0, 0x0,
    0x0, 0x4, 0x8d, 0xff, 0xa0, 0x0, 0x0, 0x0,
    0x2, 0x10, 0x8f, 0xfd, 0x0, 0x0, 0x0, 0x0,
    0xcf, 0xff, 0xff, 0xa0, 0x0, 0x0, 0x0, 0xf,
    0xff, 0xff, 0xa1, 0x0, 0x0, 0x0, 0x0, 0x14,
    0x54, 0x10, 0x0, 0x0, 0x0,

    /* U+0160 "Š" */
    0x0, 0x6, 0xff, 0xf5, 0x0, 0x1d, 0xff, 0xa0,
    0x0, 0x0, 0x0, 0x9f, 0xff, 0x52, 0xef, 0xfd,
    0x0, 0x0, 0x0, 0x0, 0xb, 0xff, 0xff, 0xff,
    0xe2, 0x0, 0x0, 0x0, 0x0, 0x1, 0xdf, 0xff,
    0xff, 0x40, 0x0, 0x0, 0x0, 0x0, 0x0, 0x28,
    0x88, 0x85, 0x0, 0x0, 0x0, 0x0, 0x0, 0x0,
    0x0, 0x0, 0x0, 0x0, 0x0, 0x0, 0x0, 0x0,
    0x0, 0x0, 0x0, 0x0, 0x0, 0x0, 0x0, 0x0,
    0x0, 0x15, 0xad, 0xef, 0xfd, 0xb8, 0x30, 0x0,
    0x0, 0x6, 0xef, 0xff, 0xff, 0xff, 0xff, 0xfd,
    0x40, 0x0, 0x9f, 0xff, 0xff, 0xff, 0xff, 0xff,
    0xff, 0x60, 0x5, 0xff, 0xff, 0xff, 0xff, 0xff,
    0xff, 0xff, 0x0, 0xc, 0xff, 0xff, 0xfc, 0x87,
    0x8a, 0xef, 0xf9, 0x0, 0xf, 0xff, 0xff, 0xa0,
    0x0, 0x0, 0x3, 0xa2, 0x0, 0xf, 0xff, 0xff,
    0x80, 0x0, 0x0, 0x0, 0x0, 0x0, 0xe, 0xff,
    0xff, 0xf9, 0x40, 0x0, 0x0, 0x0, 0x0, 0x8,
    0xff, 0xff, 0xff, 0xff, 0xd9, 0x50, 0x0, 0x0,
    0x0, 0xbf, 0xff, 0xff, 0xff, 0xff, 0xff, 0x81,
    0x0, 0x0, 0x7, 0xef, 0xff, 0xff, 0xff, 0xff,
    0xfe, 0x30, 0x0, 0x0, 0x4, 0x8c, 0xff, 0xff,
    0xff, 0xff, 0xe0, 0x0, 0x0, 0x0, 0x0, 0x4,
    0x8e, 0xff, 0xff, 0xf5, 0x0, 0x10, 0x0, 0x0,
    0x0, 0x2, 0xff, 0xff, 0xf7, 0x0, 0xeb, 0x40,
    0x0, 0x0, 0x2, 0xff, 0xff, 0xf7, 0x6, 0xff,
    0xff, 0xb9, 0x78, 0xaf, 0xff, 0xff, 0xf3, 0xd,
    0xff, 0xff, 0xff, 0xff, 0xff, 0xff, 0xff, 0xc0,
    0x3f, 0xff, 0xff, 0xff, 0xff, 0xff, 0xff, 0xfe,
    0x20, 0x4, 0xcf, 0xff, 0xff, 0xff, 0xff, 0xff,
    0xb2, 0x0, 0x0, 0x2, 0x7a, 0xde, 0xff, 0xec,
    0x83, 0x0, 0x0,

    /* U+0161 "š" */
    0x1, 0x88, 0x82, 0x0, 0x2, 0x88, 0x81, 0x0,
    0xa, 0xff, 0xe3, 0x3, 0xef, 0xfa, 0x0, 0x0,
    0xc, 0xff, 0xf7, 0xff, 0xfc, 0x0, 0x0, 0x0,
    0x1e, 0xff, 0xff, 0xfe, 0x10, 0x0, 0x0, 0x0,
    0x3f, 0xff, 0xff, 0x30, 0x0, 0x0, 0x0, 0x0,
    0x0, 0x0, 0x0, 0x0, 0x0, 0x0, 0x0, 0x0,
    0x0, 0x0, 0x0, 0x0, 0x0, 0x0, 0x6, 0xbd,
    0xff, 0xec, 0xa6, 0x0, 0x0, 0x5e, 0xff, 0xff,
    0xff, 0xff, 0xfe, 0x0, 0x4f, 0xff, 0xff, 0xff,
    0xff, 0xff, 0xb0, 0xd, 0xff, 0xff, 0xff, 0xff,
    0xff, 0xf4, 0x1, 0xff, 0xff, 0xf3, 0x0, 0x13,
    0x8c, 0x0, 0x2f, 0xff, 0xff, 0x40, 0x0, 0x0,
    0x0, 0x0, 0xff, 0xff, 0xff, 0xfd, 0xa7, 0x20,
    0x0, 0x8, 0xff, 0xff, 0xff, 0xff, 0xff, 0xc2,
    0x0, 0x8, 0xff, 0xff, 0xff, 0xff, 0xff, 0xe1,
    0x0, 0x1, 0x69, 0xce, 0xff, 0xff, 0xff, 0x80,
    0x2, 0x0, 0x0, 0x2, 0x9f, 0xff, 0xfa, 0x4,
    0xfb, 0x52, 0x0, 0x8, 0xff, 0xff, 0xa0, 0xbf,
    0xff, 0xff, 0xff, 0xff, 0xff, 0xf6, 0x2f, 0xff,
    0xff, 0xff, 0xff, 0xff, 0xfc, 0x3, 0xdf, 0xff,
    0xff, 0xff, 0xff, 0xfa, 0x0, 0x0, 0x38, 0xbe,
    0xff, 0xec, 0x83, 0x0, 0x0,

    /* U+0162 "Ţ" */
    0xef, 0xff, 0xff, 0xff, 0xff, 0xff, 0xff, 0xff,
    0xfa, 0xef, 0xff, 0xff, 0xff, 0xff, 0xff, 0xff,
    0xff, 0xfa, 0xef, 0xff, 0xff, 0xff, 0xff, 0xff,
    0xff, 0xff, 0xfa, 0xef, 0xff, 0xff, 0xff, 0xff,
    0xff, 0xff, 0xff, 0xfa, 0x78, 0x88, 0x88, 0xff,
    0xff, 0xfd, 0x88, 0x88, 0x85, 0x0, 0x0, 0x0,
    0xef, 0xff, 0xfa, 0x0, 0x0, 0x0, 0x0, 0x0,
    0x0, 0xef, 0xff, 0xfa, 0x0, 0x0, 0x0, 0x0,
    0x0, 0x0, 0xef, 0xff, 0xfa, 0x0, 0x0, 0x0,
    0x0, 0x0, 0x0, 0xef, 0xff, 0xfa, 0x0, 0x0,
    0x0, 0x0, 0x0, 0x0, 0xef, 0xff, 0xfa, 0x0,
    0x0, 0x0, 0x0, 0x0, 0x0, 0xef, 0xff, 0xfa,
    0x0, 0x0, 0x0, 0x0, 0x0, 0x0, 0xef, 0xff,
    0xfa, 0x0, 0x0, 0x0, 0x0, 0x0, 0x0, 0xef,
    0xff, 0xfa, 0x0, 0x0, 0x0, 0x0, 0x0, 0x0,
    0xef, 0xff, 0xfa, 0x0, 0x0, 0x0, 0x0, 0x0,
    0x0, 0xef, 0xff, 0xfa, 0x0, 0x0, 0x0, 0x0,
    0x0, 0x0, 0xef, 0xff, 0xfa, 0x0, 0x0, 0x0,
    0x0, 0x0, 0x0, 0xef, 0xff, 0xfa, 0x0, 0x0,
    0x0, 0x0, 0x0, 0x0, 0xef, 0xff, 0xfa, 0x0,
    0x0, 0x0, 0x0, 0x0, 0x0, 0xef, 0xff, 0xfa,
    0x0, 0x0, 0x0, 0x0, 0x0, 0x0, 0xef, 0xff,
    0xfa, 0x0, 0x0, 0x0, 0x0, 0x0, 0x0, 0xa,
    0xff, 0x10, 0x0, 0x0, 0x0, 0x0, 0x0, 0x0,
    0xe, 0xff, 0x40, 0x0, 0x0, 0x0, 0x0, 0x0,
    0x0, 0x1f, 0xff, 0xfb, 0x0, 0x0, 0x0, 0x0,
    0x0, 0x0, 0x0, 0x2f, 0xff, 0x30, 0x0, 0x0,
    0x0, 0x0, 0x2, 0x96, 0x8f, 0xff, 0x30, 0x0,
    0x0, 0x0, 0x0, 0x8, 0xff, 0xff, 0xfb, 0x0,
    0x0, 0x0, 0x0, 0x0, 0x6, 0xdf, 0xec, 0x60,
    0x0, 0x0, 0x0,

    /* U+0163 "ţ" */
    0x0, 0x58, 0x88, 0x85, 0x0, 0x0, 0x0, 0xa,
    0xff, 0xff, 0xa0, 0x0, 0x0, 0x0, 0xaf, 0xff,
    0xfa, 0x0, 0x0, 0x0, 0xa, 0xff, 0xff, 0xa0,
    0x0, 0x0, 0xef, 0xff, 0xff, 0xff, 0xff, 0xf1,
    0xe, 0xff, 0xff, 0xff, 0xff, 0xff, 0x10, 0xef,
    0xff, 0xff, 0xff, 0xff, 0xf1, 0xe, 0xff, 0xff,
    0xff, 0xff, 0xff, 0x10, 0x11, 0xbf, 0xff, 0xfa,
    0x11, 0x10, 0x0, 0xa, 0xff, 0xff, 0xa0, 0x0,
    0x0, 0x0, 0xaf, 0xff, 0xfa, 0x0, 0x0, 0x0,
    0xa, 0xff, 0xff, 0xa0, 0x0, 0x0, 0x0, 0xaf,
    0xff, 0xfa, 0x0, 0x0, 0x0, 0xa, 0xff, 0xff,
    0xa0, 0x0, 0x0, 0x0, 0xaf, 0xff, 0xfb, 0x0,
    0x0, 0x0, 0x8, 0xff, 0xff, 0xf7, 0x59, 0x0,
    0x0, 0x4f, 0xff, 0xff, 0xff, 0xf4, 0x0, 0x0,
    0xcf, 0xff, 0xff, 0xff, 0xa0, 0x0, 0x2, 0xdf,
    0xff, 0xff, 0xff, 0x0, 0x0, 0x0, 0x7f, 0xff,
    0xec, 0x60, 0x0, 0x0, 0x2, 0xff, 0xa0, 0x0,
    0x0, 0x0, 0x0, 0x6f, 0xfe, 0x80, 0x0, 0x0,
    0x0, 0x4, 0x8d, 0xff, 0xa0, 0x0, 0x0, 0x2,
    0x10, 0x8f, 0xfd, 0x0, 0x0, 0x0, 0xcf, 0xff,
    0xff, 0xa0, 0x0, 0x0, 0xf, 0xff, 0xff, 0xa1,
    0x0, 0x0, 0x0, 0x14, 0x54, 0x10, 0x0, 0x0,

    /* U+0164 "Ť" */
    0x0, 0x6, 0x88, 0x60, 0x0, 0x7, 0x88, 0x50,
    0x0, 0x0, 0x3, 0xff, 0xf8, 0x0, 0xbf, 0xfe,
    0x10, 0x0, 0x0, 0x0, 0x6f, 0xff, 0xac, 0xff,
    0xf3, 0x0, 0x0, 0x0, 0x0, 0x9, 0xff, 0xff,
    0xff, 0x60, 0x0, 0x0, 0x0, 0x0, 0x0, 0xcf,
    0xff, 0xf9, 0x0, 0x0, 0x0, 0x0, 0x0, 0x0,
    0x0, 0x0, 0x0, 0x0, 0x0, 0x0, 0x0, 0x0,
    0x0, 0x0, 0x0, 0x0, 0x0, 0x0, 0x0, 0xef,
    0xff, 0xff, 0xff, 0xff, 0xff, 0xff, 0xff, 0xfa,
    0xef, 0xff, 0xff, 0xff, 0xff, 0xff, 0xff, 0xff,
    0xfa, 0xef, 0xff, 0xff, 0xff, 0xff, 0xff, 0xff,
    0xff, 0xfa, 0xef, 0xff, 0xff, 0xff, 0xff, 0xff,
    0xff, 0xff, 0xfa, 0x78, 0x88, 0x88, 0xff, 0xff,
    0xfd, 0x88, 0x88, 0x85, 0x0, 0x0, 0x0, 0xef,
    0xff, 0xfa, 0x0, 0x0, 0x0, 0x0, 0x0, 0x0,
    0xef, 0xff, 0xfa, 0x0, 0x0, 0x0, 0x0, 0x0,
    0x0, 0xef, 0xff, 0xfa, 0x0, 0x0, 0x0, 0x0,
    0x0, 0x0, 0xef, 0xff, 0xfa, 0x0, 0x0, 0x0,
    0x0, 0x0, 0x0, 0xef, 0xff, 0xfa, 0x0, 0x0,
    0x0, 0x0, 0x0, 0x0, 0xef, 0xff, 0xfa, 0x0,
    0x0, 0x0, 0x0, 0x0, 0x0, 0xef, 0xff, 0xfa,
    0x0, 0x0, 0x0, 0x0, 0x0, 0x0, 0xef, 0xff,
    0xfa, 0x0, 0x0, 0x0, 0x0, 0x0, 0x0, 0xef,
    0xff, 0xfa, 0x0, 0x0, 0x0, 0x0, 0x0, 0x0,
    0xef, 0xff, 0xfa, 0x0, 0x0, 0x0, 0x0, 0x0,
    0x0, 0xef, 0xff, 0xfa, 0x0, 0x0, 0x0, 0x0,
    0x0, 0x0, 0xef, 0xff, 0xfa, 0x0, 0x0, 0x0,
    0x0, 0x0, 0x0, 0xef, 0xff, 0xfa, 0x0, 0x0,
    0x0, 0x0, 0x0, 0x0, 0xef, 0xff, 0xfa, 0x0,
    0x0, 0x0, 0x0, 0x0, 0x0, 0xef, 0xff, 0xfa,
    0x0, 0x0, 0x0,

    /* U+0165 "ť" */
    0x0, 0x0, 0x0, 0x0, 0xb, 0xff, 0xd0, 0x0,
    0x0, 0x0, 0x0, 0xbf, 0xfb, 0x0, 0x0, 0x0,
    0x0, 0xb, 0xff, 0xa0, 0x5, 0x88, 0x88, 0x50,
    0xbf, 0xf9, 0x0, 0xaf, 0xff, 0xfa, 0xb, 0xff,
    0x70, 0xa, 0xff, 0xff, 0xa0, 0x8c, 0xc4, 0x0,
    0xaf, 0xff, 0xfa, 0x0, 0x0, 0xe, 0xff, 0xff,
    0xff, 0xff, 0xff, 0x10, 0xef, 0xff, 0xff, 0xff,
    0xff, 0xf1, 0xe, 0xff, 0xff, 0xff, 0xff, 0xff,
    0x10, 0xef, 0xff, 0xff, 0xff, 0xff, 0xf1, 0x1,
    0x1b, 0xff, 0xff, 0xa1, 0x11, 0x0, 0x0, 0xaf,
    0xff, 0xfa, 0x0, 0x0, 0x0, 0xa, 0xff, 0xff,
    0xa0, 0x0, 0x0, 0x0, 0xaf, 0xff, 0xfa, 0x0,
    0x0, 0x0, 0xa, 0xff, 0xff, 0xa0, 0x0, 0x0,
    0x0, 0xaf, 0xff, 0xfa, 0x0, 0x0, 0x0, 0xa,
    0xff, 0xff, 0xb0, 0x0, 0x0, 0x0, 0x8f, 0xff,
    0xff, 0x75, 0x90, 0x0, 0x4, 0xff, 0xff, 0xff,
    0xff, 0x40, 0x0, 0xc, 0xff, 0xff, 0xff, 0xfa,
    0x0, 0x0, 0x2d, 0xff, 0xff, 0xff, 0xf0, 0x0,
    0x0, 0x7, 0xce, 0xfe, 0xc6, 0x0,

    /* U+0166 "Ŧ" */
    0xef, 0xff, 0xff, 0xff, 0xff, 0xff, 0xff, 0xff,
    0xfa, 0xef, 0xff, 0xff, 0xff, 0xff, 0xff, 0xff,
    0xff, 0xfa, 0xef, 0xff, 0xff, 0xff, 0xff, 0xff,
    0xff, 0xff, 0xfa, 0xef, 0xff, 0xff, 0xff, 0xff,
    0xff, 0xff, 0xff, 0xfa, 0x78, 0x88, 0x88, 0xff,
    0xff, 0xfd, 0x88, 0x88, 0x85, 0x0, 0x0, 0x0,
    0xef, 0xff, 0xfa, 0x0, 0x0, 0x0, 0x0, 0x0,
    0x0, 0xef, 0xff, 0xfa, 0x0, 0x0, 0x0, 0x0,
    0x0, 0x0, 0xef, 0xff, 0xfa, 0x0, 0x0, 0x0,
    0x0, 0x28, 0x88, 0xff, 0xff, 0xfd, 0x88, 0x80,
    0x0, 0x0, 0x3f, 0xff, 0xff, 0xff, 0xff, 0xff,
    0xf0, 0x0, 0x0, 0x3f, 0xff, 0xff, 0xff, 0xff,
    0xff, 0xf0, 0x0, 0x0, 0x3f, 0xff, 0xff, 0xff,
    0xff, 0xff, 0xf0, 0x0, 0x0, 0x0, 0x0, 0xef,
    0xff, 0xfa, 0x0, 0x0, 0x0, 0x0, 0x0, 0x0,
    0xef, 0xff, 0xfa, 0x0, 0x0, 0x0, 0x0, 0x0,
    0x0, 0xef, 0xff, 0xfa, 0x0, 0x0, 0x0, 0x0,
    0x0, 0x0, 0xef, 0xff, 0xfa, 0x0, 0x0, 0x0,
    0x0, 0x0, 0x0, 0xef, 0xff, 0xfa, 0x0, 0x0,
    0x0, 0x0, 0x0, 0x0, 0xef, 0xff, 0xfa, 0x0,
    0x0, 0x0, 0x0, 0x0, 0x0, 0xef, 0xff, 0xfa,
    0x0, 0x0, 0x0, 0x0, 0x0, 0x0, 0xef, 0xff,
    0xfa, 0x0, 0x0, 0x0,

    /* U+0167 "ŧ" */
    0x0, 0x38, 0x88, 0x87, 0x0, 0x0, 0x0, 0x7,
    0xff, 0xff, 0xe0, 0x0, 0x0, 0x0, 0x7f, 0xff,
    0xfe, 0x0, 0x0, 0x0, 0x7, 0xff, 0xff, 0xe0,
    0x0, 0x0, 0x12, 0x8f, 0xff, 0xfe, 0x22, 0x20,
    0xa, 0xff, 0xff, 0xff, 0xff, 0xff, 0x50, 0xaf,
    0xff, 0xff, 0xff, 0xff, 0xf5, 0xa, 0xff, 0xff,
    0xff, 0xff, 0xff, 0x50, 0xaf, 0xff, 0xff, 0xff,
    0xff, 0xf5, 0x0, 0x7, 0xff, 0xff, 0xe0, 0x0,
    0x0, 0x0, 0x7f, 0xff, 0xfe, 0x0, 0x0, 0x8,
    0xff, 0xff, 0xff, 0xff, 0xf3, 0x0, 0x8f, 0xff,
    0xff, 0xff, 0xff, 0x30, 0x7, 0xef, 0xff, 0xff,
    0xfe, 0xe3, 0x0, 0x0, 0x7f, 0xff, 0xfe, 0x0,
    0x0, 0x0, 0x5, 0xff, 0xff, 0xf9, 0x57, 0x20,
    0x0, 0x2f, 0xff, 0xff, 0xff, 0xf7, 0x0, 0x0,
    0xbf, 0xff, 0xff, 0xff, 0xd0, 0x0, 0x1, 0xcf,
    0xff, 0xff, 0xff, 0x30, 0x0, 0x0, 0x6b, 0xef,
    0xec, 0x81,

    /* U+0168 "Ũ" */
    0x0, 0x0, 0x0, 0x1, 0x0, 0x0, 0x0, 0x0,
    0x0, 0x0, 0x0, 0x0, 0x3, 0xdf, 0xf9, 0x0,
    0x9, 0xca, 0x0, 0x0, 0x0, 0x0, 0xe, 0xff,
    0xff, 0xd4, 0x5f, 0xfb, 0x0, 0x0, 0x0, 0x0,
    0x6f, 0xff, 0xff, 0xff, 0xff, 0xf7, 0x0, 0x0,
    0x0, 0x0, 0xaf, 0xf4, 0x1b, 0xff, 0xff, 0xe1,
    0x0, 0x0, 0x0, 0x0, 0x8b, 0xa0, 0x0, 0x6e,
    0xfc, 0x30, 0x0, 0x0, 0x0, 0x0, 0x0, 0x0,
    0x0, 0x0, 0x0, 0x0, 0x0, 0x0, 0x0, 0x0,
    0x0, 0x0, 0x0, 0x0, 0x0, 0x0, 0x0, 0x0,
    0x3f, 0xff, 0xff, 0x50, 0x0, 0x0, 0x4, 0xff,
    0xff, 0xf3, 0x3f, 0xff, 0xff, 0x50, 0x0, 0x0,
    0x4, 0xff, 0xff, 0xf3, 0x3f, 0xff, 0xff, 0x50,
    0x0, 0x0, 0x4, 0xff, 0xff, 0xf3, 0x3f, 0xff,
    0xff, 0x50, 0x0, 0x0, 0x4, 0xff, 0xff, 0xf3,
    0x3f, 0xff, 0xff, 0x50, 0x0, 0x0, 0x4, 0xff,
    0xff, 0xf3, 0x3f, 0xff, 0xff, 0x50, 0x0, 0x0,
    0x4, 0xff, 0xff, 0xf3, 0x3f, 0xff, 0xff, 0x50,
    0x0, 0x0, 0x4, 0xff, 0xff, 0xf3, 0x3f, 0xff,
    0xff, 0x50, 0x0, 0x0, 0x4, 0xff, 0xff, 0xf3,
    0x3f, 0xff, 0xff, 0x50, 0x0, 0x0, 0x4, 0xff,
    0xff, 0xf3, 0x3f, 0xff, 0xff, 0x50, 0x0, 0x0,
    0x4, 0xff, 0xff, 0xf3, 0x3f, 0xff, 0xff, 0x50,
    0x0, 0x0, 0x4, 0xff, 0xff, 0xf3, 0x2f, 0xff,
    0xff, 0x60, 0x0, 0x0, 0x4, 0xff, 0xff, 0xf2,
    0x1f, 0xff, 0xff, 0x80, 0x0, 0x0, 0x7, 0xff,
    0xff, 0xf1, 0xe, 0xff, 0xff, 0xe0, 0x0, 0x0,
    0xd, 0xff, 0xff, 0xe0, 0xa, 0xff, 0xff, 0xfb,
    0x10, 0x0, 0x9f, 0xff, 0xff, 0xa0, 0x3, 0xff,
    0xff, 0xff, 0xfd, 0xcf, 0xff, 0xff, 0xff, 0x30,
    0x0, 0xaf, 0xff, 0xff, 0xff, 0xff, 0xff, 0xff,
    0xfb, 0x0, 0x0, 0xc, 0xff, 0xff, 0xff, 0xff,
    0xff, 0xff, 0xc0, 0x0, 0x0, 0x0, 0x9f, 0xff,
    0xff, 0xff, 0xff, 0xf9, 0x0, 0x0, 0x0, 0x0,
    0x2, 0x7b, 0xef, 0xfe, 0xb7, 0x20, 0x0, 0x0,

    /* U+0169 "ũ" */
    0x0, 0x0, 0x3c, 0xfb, 0x10, 0x1, 0x77, 0x20,
    0x0, 0x0, 0x1e, 0xff, 0xfc, 0x0, 0x5f, 0xf4,
    0x0, 0x0, 0x8, 0xff, 0xff, 0xfa, 0x1b, 0xff,
    0x20, 0x0, 0x0, 0xdf, 0xf3, 0x7f, 0xff, 0xff,
    0xd0, 0x0, 0x0, 0xf, 0xfa, 0x0, 0x9f, 0xff,
    0xf6, 0x0, 0x0, 0x0, 0xaa, 0x60, 0x0, 0x9f,
    0xf8, 0x0, 0x0, 0x0, 0x0, 0x0, 0x0, 0x0,
    0x0, 0x0, 0x0, 0x5, 0xff, 0xff, 0xf0, 0x0,
    0x0, 0xaf, 0xff, 0xfa, 0x5f, 0xff, 0xff, 0x0,
    0x0, 0xa, 0xff, 0xff, 0xa5, 0xff, 0xff, 0xf0,
    0x0, 0x0, 0xaf, 0xff, 0xfa, 0x5f, 0xff, 0xff,
    0x0, 0x0, 0xa, 0xff, 0xff, 0xa5, 0xff, 0xff,
    0xf0, 0x0, 0x0, 0xaf, 0xff, 0xfa, 0x5f, 0xff,
    0xff, 0x0, 0x0, 0xa, 0xff, 0xff, 0xa5, 0xff,
    0xff, 0xf0, 0x0, 0x0, 0xaf, 0xff, 0xfa, 0x5f,
    0xff, 0xff, 0x0, 0x0, 0xa, 0xff, 0xff, 0xa5,
    0xff, 0xff, 0xf0, 0x0, 0x0, 0xbf, 0xff, 0xfa,
    0x4f, 0xff, 0xff, 0x20, 0x0, 0xe, 0xff, 0xff,
    0xa3, 0xff, 0xff, 0xfa, 0x0, 0xa, 0xff, 0xff,
    0xfa, 0xf, 0xff, 0xff, 0xfe, 0xce, 0xff, 0xff,
    0xff, 0xa0, 0xaf, 0xff, 0xff, 0xff, 0xff, 0xff,
    0xff, 0xfa, 0x2, 0xff, 0xff, 0xff, 0xff, 0xff,
    0xff, 0xff, 0xa0, 0x4, 0xef, 0xff, 0xff, 0xff,
    0xaf, 0xff, 0xfa, 0x0, 0x1, 0x8d, 0xff, 0xd8,
    0x16, 0xff, 0xff, 0xa0,

    /* U+016A "Ū" */
    0x0, 0x0, 0x7f, 0xff, 0xff, 0xff, 0xff, 0xf9,
    0x0, 0x0, 0x0, 0x0, 0x7f, 0xff, 0xff, 0xff,
    0xff, 0xf9, 0x0, 0x0, 0x0, 0x0, 0x7f, 0xff,
    0xff, 0xff, 0xff, 0xf8, 0x0, 0x0, 0x0, 0x0,
    0x0, 0x0, 0x0, 0x0, 0x0, 0x0, 0x0, 0x0,
    0x0, 0x0, 0x0, 0x0, 0x0, 0x0, 0x0, 0x0,
    0x0, 0x0, 0x0, 0x0, 0x0, 0x0, 0x0, 0x0,
    0x0, 0x0, 0x0, 0x0, 0x3f, 0xff, 0xff, 0x50,
    0x0, 0x0, 0x4, 0xff, 0xff, 0xf3, 0x3f, 0xff,
    0xff, 0x50, 0x0, 0x0, 0x4, 0xff, 0xff, 0xf3,
    0x3f, 0xff, 0xff, 0x50, 0x0, 0x0, 0x4, 0xff,
    0xff, 0xf3, 0x3f, 0xff, 0xff, 0x50, 0x0, 0x0,
    0x4, 0xff, 0xff, 0xf3, 0x3f, 0xff, 0xff, 0x50,
    0x0, 0x0, 0x4, 0xff, 0xff, 0xf3, 0x3f, 0xff,
    0xff, 0x50, 0x0, 0x0, 0x4, 0xff, 0xff, 0xf3,
    0x3f, 0xff, 0xff, 0x50, 0x0, 0x0, 0x4, 0xff,
    0xff, 0xf3, 0x3f, 0xff, 0xff, 0x50, 0x0, 0x0,
    0x4, 0xff, 0xff, 0xf3, 0x3f, 0xff, 0xff, 0x50,
    0x0, 0x0, 0x4, 0xff, 0xff, 0xf3, 0x3f, 0xff,
    0xff, 0x50, 0x0, 0x0, 0x4, 0xff, 0xff, 0xf3,
    0x3f, 0xff, 0xff, 0x50, 0x0, 0x0, 0x4, 0xff,
    0xff, 0xf3, 0x2f, 0xff, 0xff, 0x60, 0x0, 0x0,
    0x4, 0xff, 0xff, 0xf2, 0x1f, 0xff, 0xff, 0x80,
    0x0, 0x0, 0x7, 0xff, 0xff, 0xf1, 0xe, 0xff,
    0xff, 0xe0, 0x0, 0x0, 0xd, 0xff, 0xff, 0xe0,
    0xa, 0xff, 0xff, 0xfb, 0x10, 0x0, 0x9f, 0xff,
    0xff, 0xa0, 0x3, 0xff, 0xff, 0xff, 0xfd, 0xcf,
    0xff, 0xff, 0xff, 0x30, 0x0, 0xaf, 0xff, 0xff,
    0xff, 0xff, 0xff, 0xff, 0xfb, 0x0, 0x0, 0xc,
    0xff, 0xff, 0xff, 0xff, 0xff, 0xff, 0xc0, 0x0,
    0x0, 0x0, 0x9f, 0xff, 0xff, 0xff, 0xff, 0xf9,
    0x0, 0x0, 0x0, 0x0, 0x2, 0x7b, 0xef, 0xfe,
    0xb7, 0x20, 0x0, 0x0,

    /* U+016B "ū" */
    0x0, 0xd, 0xff, 0xff, 0xff, 0xff, 0xff, 0x20,
    0x0, 0x0, 0xdf, 0xff, 0xff, 0xff, 0xff, 0xf2,
    0x0, 0x0, 0xd, 0xff, 0xff, 0xff, 0xff, 0xff,
    0x20, 0x0, 0x0, 0x0, 0x0, 0x0, 0x0, 0x0,
    0x0, 0x0, 0x0, 0x0, 0x0, 0x0, 0x0, 0x0,
    0x0, 0x0, 0x0, 0x0, 0x0, 0x0, 0x0, 0x0,
    0x0, 0x0, 0x0, 0x5f, 0xff, 0xff, 0x0, 0x0,
    0xa, 0xff, 0xff, 0xa5, 0xff, 0xff, 0xf0, 0x0,
    0x0, 0xaf, 0xff, 0xfa, 0x5f, 0xff, 0xff, 0x0,
    0x0, 0xa, 0xff, 0xff, 0xa5, 0xff, 0xff, 0xf0,
    0x0, 0x0, 0xaf, 0xff, 0xfa, 0x5f, 0xff, 0xff,
    0x0, 0x0, 0xa, 0xff, 0xff, 0xa5, 0xff, 0xff,
    0xf0, 0x0, 0x0, 0xaf, 0xff, 0xfa, 0x5f, 0xff,
    0xff, 0x0, 0x0, 0xa, 0xff, 0xff, 0xa5, 0xff,
    0xff, 0xf0, 0x0, 0x0, 0xaf, 0xff, 0xfa, 0x5f,
    0xff, 0xff, 0x0, 0x0, 0xb, 0xff, 0xff, 0xa4,
    0xff, 0xff, 0xf2, 0x0, 0x0, 0xef, 0xff, 0xfa,
    0x3f, 0xff, 0xff, 0xa0, 0x0, 0xaf, 0xff, 0xff,
    0xa0, 0xff, 0xff, 0xff, 0xec, 0xef, 0xff, 0xff,
    0xfa, 0xa, 0xff, 0xff, 0xff, 0xff, 0xff, 0xff,
    0xff, 0xa0, 0x2f, 0xff, 0xff, 0xff, 0xff, 0xff,
    0xff, 0xfa, 0x0, 0x4e, 0xff, 0xff, 0xff, 0xfa,
    0xff, 0xff, 0xa0, 0x0, 0x18, 0xdf, 0xfd, 0x81,
    0x6f, 0xff, 0xfa,

    /* U+016C "Ŭ" */
    0x0, 0x0, 0x5f, 0xfe, 0x0, 0x0, 0xdf, 0xf7,
    0x0, 0x0, 0x0, 0x0, 0x2f, 0xff, 0x91, 0x18,
    0xff, 0xf4, 0x0, 0x0, 0x0, 0x0, 0xa, 0xff,
    0xff, 0xff, 0xff, 0xc0, 0x0, 0x0, 0x0, 0x0,
    0x0, 0xbf, 0xff, 0xff, 0xfc, 0x10, 0x0, 0x0,
    0x0, 0x0, 0x0, 0x4, 0x9b, 0xb9, 0x50, 0x0,
    0x0, 0x0, 0x0, 0x0, 0x0, 0x0, 0x0, 0x0,
    0x0, 0x0, 0x0, 0x0, 0x0, 0x0, 0x0, 0x0,
    0x0, 0x0, 0x0, 0x0, 0x0, 0x0, 0x3f, 0xff,
    0xff, 0x50, 0x0, 0x0, 0x4, 0xff, 0xff, 0xf3,
    0x3f, 0xff, 0xff, 0x50, 0x0, 0x0, 0x4, 0xff,
    0xff, 0xf3, 0x3f, 0xff, 0xff, 0x50, 0x0, 0x0,
    0x4, 0xff, 0xff, 0xf3, 0x3f, 0xff, 0xff, 0x50,
    0x0, 0x0, 0x4, 0xff, 0xff, 0xf3, 0x3f, 0xff,
    0xff, 0x50, 0x0, 0x0, 0x4, 0xff, 0xff, 0xf3,
    0x3f, 0xff, 0xff, 0x50, 0x0, 0x0, 0x4, 0xff,
    0xff, 0xf3, 0x3f, 0xff, 0xff, 0x50, 0x0, 0x0,
    0x4, 0xff, 0xff, 0xf3, 0x3f, 0xff, 0xff, 0x50,
    0x0, 0x0, 0x4, 0xff, 0xff, 0xf3, 0x3f, 0xff,
    0xff, 0x50, 0x0, 0x0, 0x4, 0xff, 0xff, 0xf3,
    0x3f, 0xff, 0xff, 0x50, 0x0, 0x0, 0x4, 0xff,
    0xff, 0xf3, 0x3f, 0xff, 0xff, 0x50, 0x0, 0x0,
    0x4, 0xff, 0xff, 0xf3, 0x2f, 0xff, 0xff, 0x60,
    0x0, 0x0, 0x4, 0xff, 0xff, 0xf2, 0x1f, 0xff,
    0xff, 0x80, 0x0, 0x0, 0x7, 0xff, 0xff, 0xf1,
    0xe, 0xff, 0xff, 0xe0, 0x0, 0x0, 0xd, 0xff,
    0xff, 0xe0, 0xa, 0xff, 0xff, 0xfb, 0x10, 0x0,
    0x9f, 0xff, 0xff, 0xa0, 0x3, 0xff, 0xff, 0xff,
    0xfd, 0xcf, 0xff, 0xff, 0xff, 0x30, 0x0, 0xaf,
    0xff, 0xff, 0xff, 0xff, 0xff, 0xff, 0xfb, 0x0,
    0x0, 0xc, 0xff, 0xff, 0xff, 0xff, 0xff, 0xff,
    0xc0, 0x0, 0x0, 0x0, 0x9f, 0xff, 0xff, 0xff,
    0xff, 0xf9, 0x0, 0x0, 0x0, 0x0, 0x2, 0x7b,
    0xef, 0xfe, 0xb7, 0x20, 0x0, 0x0,

    /* U+016D "ŭ" */
    0x0, 0x6, 0x88, 0x30, 0x0, 0x18, 0x88, 0x0,
    0x0, 0x0, 0xbf, 0xfa, 0x0, 0x5, 0xff, 0xf0,
    0x0, 0x0, 0x6, 0xff, 0xf6, 0x3, 0xef, 0xfb,
    0x0, 0x0, 0x0, 0xd, 0xff, 0xff, 0xff, 0xff,
    0x30, 0x0, 0x0, 0x0, 0x2d, 0xff, 0xff, 0xff,
    0x50, 0x0, 0x0, 0x0, 0x0, 0x5, 0xab, 0xa7,
    0x10, 0x0, 0x0, 0x0, 0x0, 0x0, 0x0, 0x0,
    0x0, 0x0, 0x0, 0x5, 0xff, 0xff, 0xf0, 0x0,
    0x0, 0xaf, 0xff, 0xfa, 0x5f, 0xff, 0xff, 0x0,
    0x0, 0xa, 0xff, 0xff, 0xa5, 0xff, 0xff, 0xf0,
    0x0, 0x0, 0xaf, 0xff, 0xfa, 0x5f, 0xff, 0xff,
    0x0, 0x0, 0xa, 0xff, 0xff, 0xa5, 0xff, 0xff,
    0xf0, 0x0, 0x0, 0xaf, 0xff, 0xfa, 0x5f, 0xff,
    0xff, 0x0, 0x0, 0xa, 0xff, 0xff, 0xa5, 0xff,
    0xff, 0xf0, 0x0, 0x0, 0xaf, 0xff, 0xfa, 0x5f,
    0xff, 0xff, 0x0, 0x0, 0xa, 0xff, 0xff, 0xa5,
    0xff, 0xff, 0xf0, 0x0, 0x0, 0xbf, 0xff, 0xfa,
    0x4f, 0xff, 0xff, 0x20, 0x0, 0xe, 0xff, 0xff,
    0xa3, 0xff, 0xff, 0xfa, 0x0, 0xa, 0xff, 0xff,
    0xfa, 0xf, 0xff, 0xff, 0xfe, 0xce, 0xff, 0xff,
    0xff, 0xa0, 0xaf, 0xff, 0xff, 0xff, 0xff, 0xff,
    0xff, 0xfa, 0x2, 0xff, 0xff, 0xff, 0xff, 0xff,
    0xff, 0xff, 0xa0, 0x4, 0xef, 0xff, 0xff, 0xff,
    0xaf, 0xff, 0xfa, 0x0, 0x1, 0x8d, 0xff, 0xd8,
    0x16, 0xff, 0xff, 0xa0,

    /* U+016E "Ů" */
    0x0, 0x0, 0x0, 0x0, 0x0, 0x0, 0x0, 0x0,
    0x0, 0x0, 0x0, 0x0, 0x0, 0x1, 0xaf, 0xfb,
    0x20, 0x0, 0x0, 0x0, 0x0, 0x0, 0x0, 0x1e,
    0xff, 0xff, 0xe2, 0x0, 0x0, 0x0, 0x0, 0x0,
    0x0, 0x7f, 0xd2, 0x1c, 0xf9, 0x0, 0x0, 0x0,
    0x0, 0x0, 0x0, 0x9f, 0x80, 0x6, 0xfb, 0x0,
    0x0, 0x0, 0x0, 0x0, 0x0, 0x7f, 0xd2, 0x1c,
    0xf9, 0x0, 0x0, 0x0, 0x0, 0x0, 0x0, 0x1e,
    0xff, 0xff, 0xf2, 0x0, 0x0, 0x0, 0x0, 0x0,
    0x0, 0x2, 0xaf, 0xfb, 0x20, 0x0, 0x0, 0x0,
    0x0, 0x0, 0x0, 0x0, 0x0, 0x0, 0x0, 0x0,
    0x0, 0x0, 0x0, 0x0, 0x0, 0x0, 0x0, 0x0,
    0x0, 0x0, 0x0, 0x0, 0x3f, 0xff, 0xff, 0x50,
    0x0, 0x0, 0x4, 0xff, 0xff, 0xf3, 0x3f, 0xff,
    0xff, 0x50, 0x0, 0x0, 0x4, 0xff, 0xff, 0xf3,
    0x3f, 0xff, 0xff, 0x50, 0x0, 0x0, 0x4, 0xff,
    0xff, 0xf3, 0x3f, 0xff, 0xff, 0x50, 0x0, 0x0,
    0x4, 0xff, 0xff, 0xf3, 0x3f, 0xff, 0xff, 0x50,
    0x0, 0x0, 0x4, 0xff, 0xff, 0xf3, 0x3f, 0xff,
    0xff, 0x50, 0x0, 0x0, 0x4, 0xff, 0xff, 0xf3,
    0x3f, 0xff, 0xff, 0x50, 0x0, 0x0, 0x4, 0xff,
    0xff, 0xf3, 0x3f, 0xff, 0xff, 0x50, 0x0, 0x0,
    0x4, 0xff, 0xff, 0xf3, 0x3f, 0xff, 0xff, 0x50,
    0x0, 0x0, 0x4, 0xff, 0xff, 0xf3, 0x3f, 0xff,
    0xff, 0x50, 0x0, 0x0, 0x4, 0xff, 0xff, 0xf3,
    0x3f, 0xff, 0xff, 0x50, 0x0, 0x0, 0x4, 0xff,
    0xff, 0xf3, 0x2f, 0xff, 0xff, 0x60, 0x0, 0x0,
    0x4, 0xff, 0xff, 0xf2, 0x1f, 0xff, 0xff, 0x80,
    0x0, 0x0, 0x7, 0xff, 0xff, 0xf1, 0xe, 0xff,
    0xff, 0xe0, 0x0, 0x0, 0xd, 0xff, 0xff, 0xe0,
    0xa, 0xff, 0xff, 0xfb, 0x10, 0x0, 0x9f, 0xff,
    0xff, 0xa0, 0x3, 0xff, 0xff, 0xff, 0xfd, 0xcf,
    0xff, 0xff, 0xff, 0x30, 0x0, 0xaf, 0xff, 0xff,
    0xff, 0xff, 0xff, 0xff, 0xfb, 0x0, 0x0, 0xc,
    0xff, 0xff, 0xff, 0xff, 0xff, 0xff, 0xc0, 0x0,
    0x0, 0x0, 0x9f, 0xff, 0xff, 0xff, 0xff, 0xf9,
    0x0, 0x0, 0x0, 0x0, 0x2, 0x7b, 0xef, 0xfe,
    0xb7, 0x20, 0x0, 0x0,

    /* U+016F "ů" */
    0x0, 0x0, 0x0, 0x3c, 0xfd, 0x60, 0x0, 0x0,
    0x0, 0x0, 0x0, 0x3f, 0xff, 0xff, 0x70, 0x0,
    0x0, 0x0, 0x0, 0xb, 0xfa, 0x16, 0xff, 0x10,
    0x0, 0x0, 0x0, 0x0, 0xff, 0x20, 0xd, 0xf4,
    0x0, 0x0, 0x0, 0x0, 0xf, 0xf2, 0x0, 0xdf,
    0x40, 0x0, 0x0, 0x0, 0x0, 0xbf, 0xa1, 0x6f,
    0xf1, 0x0, 0x0, 0x0, 0x0, 0x3, 0xff, 0xff,
    0xf8, 0x0, 0x0, 0x0, 0x0, 0x0, 0x3, 0xcf,
    0xd7, 0x0, 0x0, 0x0, 0x0, 0x0, 0x0, 0x0,
    0x0, 0x0, 0x0, 0x0, 0x5, 0xff, 0xff, 0xf0,
    0x0, 0x0, 0xaf, 0xff, 0xfa, 0x5f, 0xff, 0xff,
    0x0, 0x0, 0xa, 0xff, 0xff, 0xa5, 0xff, 0xff,
    0xf0, 0x0, 0x0, 0xaf, 0xff, 0xfa, 0x5f, 0xff,
    0xff, 0x0, 0x0, 0xa, 0xff, 0xff, 0xa5, 0xff,
    0xff, 0xf0, 0x0, 0x0, 0xaf, 0xff, 0xfa, 0x5f,
    0xff, 0xff, 0x0, 0x0, 0xa, 0xff, 0xff, 0xa5,
    0xff, 0xff, 0xf0, 0x0, 0x0, 0xaf, 0xff, 0xfa,
    0x5f, 0xff, 0xff, 0x0, 0x0, 0xa, 0xff, 0xff,
    0xa5, 0xff, 0xff, 0xf0, 0x0, 0x0, 0xbf, 0xff,
    0xfa, 0x4f, 0xff, 0xff, 0x20, 0x0, 0xe, 0xff,
    0xff, 0xa3, 0xff, 0xff, 0xfa, 0x0, 0xa, 0xff,
    0xff, 0xfa, 0xf, 0xff, 0xff, 0xfe, 0xce, 0xff,
    0xff, 0xff, 0xa0, 0xaf, 0xff, 0xff, 0xff, 0xff,
    0xff, 0xff, 0xfa, 0x2, 0xff, 0xff, 0xff, 0xff,
    0xff, 0xff, 0xff, 0xa0, 0x4, 0xef, 0xff, 0xff,
    0xff, 0xaf, 0xff, 0xfa, 0x0, 0x1, 0x8d, 0xff,
    0xd8, 0x16, 0xff, 0xff, 0xa0,

    /* U+0170 "Ű" */
    0x0, 0x0, 0x0, 0x4f, 0xff, 0xf5, 0x3f, 0xff,
    0xf7, 0x0, 0x0, 0x0, 0x0, 0xaf, 0xff, 0xb0,
    0x9f, 0xff, 0xc0, 0x0, 0x0, 0x0, 0x1, 0xff,
    0xff, 0x20, 0xff, 0xff, 0x30, 0x0, 0x0, 0x0,
    0x7, 0xff, 0xf7, 0x6, 0xff, 0xf8, 0x0, 0x0,
    0x0, 0x0, 0x5, 0x66, 0x60, 0x4, 0x66, 0x60,
    0x0, 0x0, 0x0, 0x0, 0x0, 0x0, 0x0, 0x0,
    0x0, 0x0, 0x0, 0x0, 0x0, 0x0, 0x0, 0x0,
    0x0, 0x0, 0x0, 0x0, 0x0, 0x0, 0x3f, 0xff,
    0xff, 0x50, 0x0, 0x0, 0x4, 0xff, 0xff, 0xf3,
    0x3f, 0xff, 0xff, 0x50, 0x0, 0x0, 0x4, 0xff,
    0xff, 0xf3, 0x3f, 0xff, 0xff, 0x50, 0x0, 0x0,
    0x4, 0xff, 0xff, 0xf3, 0x3f, 0xff, 0xff, 0x50,
    0x0, 0x0, 0x4, 0xff, 0xff, 0xf3, 0x3f, 0xff,
    0xff, 0x50, 0x0, 0x0, 0x4, 0xff, 0xff, 0xf3,
    0x3f, 0xff, 0xff, 0x50, 0x0, 0x0, 0x4, 0xff,
    0xff, 0xf3, 0x3f, 0xff, 0xff, 0x50, 0x0, 0x0,
    0x4, 0xff, 0xff, 0xf3, 0x3f, 0xff, 0xff, 0x50,
    0x0, 0x0, 0x4, 0xff, 0xff, 0xf3, 0x3f, 0xff,
    0xff, 0x50, 0x0, 0x0, 0x4, 0xff, 0xff, 0xf3,
    0x3f, 0xff, 0xff, 0x50, 0x0, 0x0, 0x4, 0xff,
    0xff, 0xf3, 0x3f, 0xff, 0xff, 0x50, 0x0, 0x0,
    0x4, 0xff, 0xff, 0xf3, 0x2f, 0xff, 0xff, 0x60,
    0x0, 0x0, 0x4, 0xff, 0xff, 0xf2, 0x1f, 0xff,
    0xff, 0x80, 0x0, 0x0, 0x7, 0xff, 0xff, 0xf1,
    0xe, 0xff, 0xff, 0xe0, 0x0, 0x0, 0xd, 0xff,
    0xff, 0xe0, 0xa, 0xff, 0xff, 0xfb, 0x10, 0x0,
    0x9f, 0xff, 0xff, 0xa0, 0x3, 0xff, 0xff, 0xff,
    0xfd, 0xcf, 0xff, 0xff, 0xff, 0x30, 0x0, 0xaf,
    0xff, 0xff, 0xff, 0xff, 0xff, 0xff, 0xfb, 0x0,
    0x0, 0xc, 0xff, 0xff, 0xff, 0xff, 0xff, 0xff,
    0xc0, 0x0, 0x0, 0x0, 0x9f, 0xff, 0xff, 0xff,
    0xff, 0xf9, 0x0, 0x0, 0x0, 0x0, 0x2, 0x7b,
    0xef, 0xfe, 0xb7, 0x20, 0x0, 0x0,

    /* U+0171 "ű" */
    0x0, 0x0, 0x3, 0x66, 0x66, 0x3, 0x66, 0x66,
    0x10, 0x0, 0x0, 0xdf, 0xff, 0xb0, 0xcf, 0xff,
    0xc0, 0x0, 0x0, 0x3f, 0xff, 0xf1, 0x2f, 0xff,
    0xf2, 0x0, 0x0, 0xa, 0xff, 0xf6, 0x8, 0xff,
    0xf8, 0x0, 0x0, 0x1, 0xff, 0xfc, 0x0, 0xef,
    0xfd, 0x0, 0x0, 0x0, 0x0, 0x0, 0x0, 0x0,
    0x0, 0x0, 0x0, 0x0, 0x0, 0x0, 0x0, 0x0,
    0x0, 0x0, 0x0, 0x5, 0xff, 0xff, 0xf0, 0x0,
    0x0, 0xaf, 0xff, 0xfa, 0x5f, 0xff, 0xff, 0x0,
    0x0, 0xa, 0xff, 0xff, 0xa5, 0xff, 0xff, 0xf0,
    0x0, 0x0, 0xaf, 0xff, 0xfa, 0x5f, 0xff, 0xff,
    0x0, 0x0, 0xa, 0xff, 0xff, 0xa5, 0xff, 0xff,
    0xf0, 0x0, 0x0, 0xaf, 0xff, 0xfa, 0x5f, 0xff,
    0xff, 0x0, 0x0, 0xa, 0xff, 0xff, 0xa5, 0xff,
    0xff, 0xf0, 0x0, 0x0, 0xaf, 0xff, 0xfa, 0x5f,
    0xff, 0xff, 0x0, 0x0, 0xa, 0xff, 0xff, 0xa5,
    0xff, 0xff, 0xf0, 0x0, 0x0, 0xbf, 0xff, 0xfa,
    0x4f, 0xff, 0xff, 0x20, 0x0, 0xe, 0xff, 0xff,
    0xa3, 0xff, 0xff, 0xfa, 0x0, 0xa, 0xff, 0xff,
    0xfa, 0xf, 0xff, 0xff, 0xfe, 0xce, 0xff, 0xff,
    0xff, 0xa0, 0xaf, 0xff, 0xff, 0xff, 0xff, 0xff,
    0xff, 0xfa, 0x2, 0xff, 0xff, 0xff, 0xff, 0xff,
    0xff, 0xff, 0xa0, 0x4, 0xef, 0xff, 0xff, 0xff,
    0xaf, 0xff, 0xfa, 0x0, 0x1, 0x8d, 0xff, 0xd8,
    0x16, 0xff, 0xff, 0xa0,

    /* U+0172 "Ų" */
    0x3f, 0xff, 0xff, 0x50, 0x0, 0x0, 0x4, 0xff,
    0xff, 0xf3, 0x3f, 0xff, 0xff, 0x50, 0x0, 0x0,
    0x4, 0xff, 0xff, 0xf3, 0x3f, 0xff, 0xff, 0x50,
    0x0, 0x0, 0x4, 0xff, 0xff, 0xf3, 0x3f, 0xff,
    0xff, 0x50, 0x0, 0x0, 0x4, 0xff, 0xff, 0xf3,
    0x3f, 0xff, 0xff, 0x50, 0x0, 0x0, 0x4, 0xff,
    0xff, 0xf3, 0x3f, 0xff, 0xff, 0x50, 0x0, 0x0,
    0x4, 0xff, 0xff, 0xf3, 0x3f, 0xff, 0xff, 0x50,
    0x0, 0x0, 0x4, 0xff, 0xff, 0xf3, 0x3f, 0xff,
    0xff, 0x50, 0x0, 0x0, 0x4, 0xff, 0xff, 0xf3,
    0x3f, 0xff, 0xff, 0x50, 0x0, 0x0, 0x4, 0xff,
    0xff, 0xf3, 0x3f, 0xff, 0xff, 0x50, 0x0, 0x0,
    0x4, 0xff, 0xff, 0xf3, 0x3f, 0xff, 0xff, 0x50,
    0x0, 0x0, 0x4, 0xff, 0xff, 0xf3, 0x2f, 0xff,
    0xff, 0x50, 0x0, 0x0, 0x4, 0xff, 0xff, 0xf3,
    0x1f, 0xff, 0xff, 0x70, 0x0, 0x0, 0x5, 0xff,
    0xff, 0xf2, 0xf, 0xff, 0xff, 0xb0, 0x0, 0x0,
    0x9, 0xff, 0xff, 0xf0, 0xc, 0xff, 0xff, 0xf3,
    0x0, 0x0, 0x2f, 0xff, 0xff, 0xc0, 0x6, 0xff,
    0xff, 0xff, 0x73, 0x36, 0xef, 0xff, 0xff, 0x70,
    0x0, 0xef, 0xff, 0xff, 0xff, 0xff, 0xff, 0xff,
    0xfe, 0x0, 0x0, 0x4f, 0xff, 0xff, 0xff, 0xff,
    0xff, 0xff, 0xf4, 0x0, 0x0, 0x5, 0xff, 0xff,
    0xff, 0xff, 0xff, 0xff, 0x50, 0x0, 0x0, 0x0,
    0x2a, 0xff, 0xff, 0xff, 0xff, 0xa2, 0x0, 0x0,
    0x0, 0x0, 0x0, 0x14, 0xef, 0xff, 0x92, 0x0,
    0x0, 0x0, 0x0, 0x0, 0x0, 0x8, 0xff, 0xd2,
    0x0, 0x0, 0x0, 0x0, 0x0, 0x0, 0x0, 0xf,
    0xff, 0x30, 0x0, 0x0, 0x0, 0x0, 0x0, 0x0,
    0x0, 0x3f, 0xff, 0x10, 0x0, 0x0, 0x0, 0x0,
    0x0, 0x0, 0x0, 0x1f, 0xff, 0xea, 0xc5, 0x0,
    0x0, 0x0, 0x0, 0x0, 0x0, 0x9, 0xff, 0xff,
    0xfa, 0x0, 0x0, 0x0, 0x0, 0x0, 0x0, 0x0,
    0x6c, 0xfe, 0xc7, 0x0, 0x0, 0x0,

    /* U+0173 "ų" */
    0x5f, 0xff, 0xff, 0x0, 0x0, 0xa, 0xff, 0xff,
    0xa0, 0x5f, 0xff, 0xff, 0x0, 0x0, 0xa, 0xff,
    0xff, 0xa0, 0x5f, 0xff, 0xff, 0x0, 0x0, 0xa,
    0xff, 0xff, 0xa0, 0x5f, 0xff, 0xff, 0x0, 0x0,
    0xa, 0xff, 0xff, 0xa0, 0x5f, 0xff, 0xff, 0x0,
    0x0, 0xa, 0xff, 0xff, 0xa0, 0x5f, 0xff, 0xff,
    0x0, 0x0, 0xa, 0xff, 0xff, 0xa0, 0x5f, 0xff,
    0xff, 0x0, 0x0, 0xa, 0xff, 0xff, 0xa0, 0x5f,
    0xff, 0xff, 0x0, 0x0, 0xa, 0xff, 0xff, 0xa0,
    0x5f, 0xff, 0xff, 0x0, 0x0, 0xb, 0xff, 0xff,
    0xa0, 0x4f, 0xff, 0xff, 0x20, 0x0, 0xe, 0xff,
    0xff, 0xa0, 0x3f, 0xff, 0xff, 0xa0, 0x0, 0xaf,
    0xff, 0xff, 0xa0, 0xf, 0xff, 0xff, 0xfe, 0xce,
    0xff, 0xff, 0xff, 0xa0, 0xa, 0xff, 0xff, 0xff,
    0xff, 0xff, 0xff, 0xff, 0xa0, 0x2, 0xff, 0xff,
    0xff, 0xff, 0xff, 0xff, 0xff, 0xa0, 0x0, 0x4e,
    0xff, 0xff, 0xff, 0xfa, 0xff, 0xff, 0xa0, 0x0,
    0x1, 0x8d, 0xff, 0xd8, 0x16, 0xff, 0xff, 0xd0,
    0x0, 0x0, 0x0, 0x0, 0x0, 0x8, 0xff, 0xf8,
    0x10, 0x0, 0x0, 0x0, 0x0, 0x0, 0x4f, 0xff,
    0x30, 0x0, 0x0, 0x0, 0x0, 0x0, 0x0, 0xaf,
    0xf8, 0x0, 0x0, 0x0, 0x0, 0x0, 0x0, 0x0,
    0xbf, 0xfb, 0x11, 0x30, 0x0, 0x0, 0x0, 0x0,
    0x0, 0x8f, 0xff, 0xff, 0xe0, 0x0, 0x0, 0x0,
    0x0, 0x0, 0x1c, 0xff, 0xff, 0xf3, 0x0, 0x0,
    0x0, 0x0, 0x0, 0x0, 0x58, 0x97, 0x40,

    /* U+0174 "Ŵ" */
    0x0, 0x0, 0x0, 0x0, 0x0, 0x0, 0x0, 0x78,
    0x88, 0x70, 0x0, 0x0, 0x0, 0x0, 0x0, 0x0,
    0x0, 0x0, 0x0, 0x0, 0x0, 0x0, 0x0, 0x8f,
    0xff, 0xff, 0xa0, 0x0, 0x0, 0x0, 0x0, 0x0,
    0x0, 0x0, 0x0, 0x0, 0x0, 0x0, 0x0, 0x5f,
    0xff, 0xef, 0xff, 0x70, 0x0, 0x0, 0x0, 0x0,
    0x0, 0x0, 0x0, 0x0, 0x0, 0x0, 0x0, 0x2f,
    0xff, 0xb0, 0x9f, 0xff, 0x40, 0x0, 0x0, 0x0,
    0x0, 0x0, 0x0, 0x0, 0x0, 0x0, 0x0, 0x1d,
    0xff, 0xa0, 0x0, 0x8f, 0xff, 0x20, 0x0, 0x0,
    0x0, 0x0, 0x0, 0x0, 0x0, 0x0, 0x0, 0x0,
    0x0, 0x0, 0x0, 0x0, 0x0, 0x0, 0x0, 0x0,
    0x0, 0x0, 0x0, 0x0, 0x0, 0x0, 0x0, 0x0,
    0x0, 0x0, 0x0, 0x0, 0x0, 0x0, 0x0, 0x0,
    0x0, 0x0, 0x0, 0x6, 0xff, 0xff, 0xf4, 0x0,
    0x0, 0x0, 0xe, 0xff, 0xff, 0x70, 0x0, 0x0,
    0x0, 0xcf, 0xff, 0xf8, 0x1f, 0xff, 0xff, 0x90,
    0x0, 0x0, 0x3, 0xff, 0xff, 0xfc, 0x0, 0x0,
    0x0, 0x1f, 0xff, 0xff, 0x30, 0xcf, 0xff, 0xfe,
    0x0, 0x0, 0x0, 0x9f, 0xff, 0xff, 0xf1, 0x0,
    0x0, 0x6, 0xff, 0xff, 0xe0, 0x7, 0xff, 0xff,
    0xf3, 0x0, 0x0, 0xe, 0xff, 0xff, 0xff, 0x60,
    0x0, 0x0, 0xbf, 0xff, 0xf9, 0x0, 0x1f, 0xff,
    0xff, 0x80, 0x0, 0x3, 0xff, 0xff, 0xff, 0xfb,
    0x0, 0x0, 0xf, 0xff, 0xff, 0x40, 0x0, 0xcf,
    0xff, 0xfd, 0x0, 0x0, 0x8f, 0xff, 0xff, 0xff,
    0xf0, 0x0, 0x5, 0xff, 0xff, 0xe0, 0x0, 0x7,
    0xff, 0xff, 0xf2, 0x0, 0xd, 0xff, 0xff, 0xff,
    0xff, 0x50, 0x0, 0xaf, 0xff, 0xfa, 0x0, 0x0,
    0x2f, 0xff, 0xff, 0x70, 0x2, 0xff, 0xff, 0xff,
    0xff, 0xfa, 0x0, 0xf, 0xff, 0xff, 0x50, 0x0,
    0x0, 0xdf, 0xff, 0xfc, 0x0, 0x8f, 0xff, 0xf9,
    0xff, 0xff, 0xf0, 0x4, 0xff, 0xff, 0xf0, 0x0,
    0x0, 0x8, 0xff, 0xff, 0xf1, 0xd, 0xff, 0xff,
    0x1d, 0xff, 0xff, 0x40, 0x9f, 0xff, 0xfa, 0x0,
    0x0, 0x0, 0x3f, 0xff, 0xff, 0x62, 0xff, 0xff,
    0xc0, 0x8f, 0xff, 0xf9, 0xe, 0xff, 0xff, 0x50,
    0x0, 0x0, 0x0, 0xef, 0xff, 0xfb, 0x7f, 0xff,
    0xf7, 0x3, 0xff, 0xff, 0xe3, 0xff, 0xff, 0xf1,
    0x0, 0x0, 0x0, 0x9, 0xff, 0xff, 0xfd, 0xff,
    0xff, 0x20, 0xe, 0xff, 0xff, 0xbf, 0xff, 0xfb,
    0x0, 0x0, 0x0, 0x0, 0x4f, 0xff, 0xff, 0xff,
    0xff, 0xd0, 0x0, 0x9f, 0xff, 0xff, 0xff, 0xff,
    0x60, 0x0, 0x0, 0x0, 0x0, 0xef, 0xff, 0xff,
    0xff, 0xf8, 0x0, 0x4, 0xff, 0xff, 0xff, 0xff,
    0xf1, 0x0, 0x0, 0x0, 0x0, 0xa, 0xff, 0xff,
    0xff, 0xff, 0x20, 0x0, 0xf, 0xff, 0xff, 0xff,
    0xfc, 0x0, 0x0, 0x0, 0x0, 0x0, 0x5f, 0xff,
    0xff, 0xff, 0xd0, 0x0, 0x0, 0xaf, 0xff, 0xff,
    0xff, 0x70, 0x0, 0x0, 0x0, 0x0, 0x0, 0xff,
    0xff, 0xff, 0xf8, 0x0, 0x0, 0x5, 0xff, 0xff,
    0xff, 0xf2, 0x0, 0x0, 0x0, 0x0, 0x0, 0xa,
    0xff, 0xff, 0xff, 0x30, 0x0, 0x0, 0x1f, 0xff,
    0xff, 0xfd, 0x0, 0x0, 0x0, 0x0, 0x0, 0x0,
    0x5f, 0xff, 0xff, 0xe0, 0x0, 0x0, 0x0, 0xbf,
    0xff, 0xff, 0x80, 0x0, 0x0, 0x0,

    /* U+0175 "ŵ" */
    0x0, 0x0, 0x0, 0x0, 0x0, 0x5, 0xff, 0xff,
    0xf2, 0x0, 0x0, 0x0, 0x0, 0x0, 0x0, 0x0,
    0x0, 0x0, 0x0, 0x2f, 0xff, 0xff, 0xfd, 0x0,
    0x0, 0x0, 0x0, 0x0, 0x0, 0x0, 0x0, 0x0,
    0x1, 0xdf, 0xfe, 0x7f, 0xff, 0xb0, 0x0, 0x0,
    0x0, 0x0, 0x0, 0x0, 0x0, 0x0, 0xb, 0xff,
    0xe2, 0x4, 0xff, 0xf8, 0x0, 0x0, 0x0, 0x0,
    0x0, 0x0, 0x0, 0x0, 0x28, 0x87, 0x10, 0x0,
    0x38, 0x87, 0x0, 0x0, 0x0, 0x0, 0x0, 0x0,
    0x0, 0x0, 0x0, 0x0, 0x0, 0x0, 0x0, 0x0,
    0x0, 0x0, 0x0, 0x0, 0xe, 0xff, 0xff, 0x10,
    0x0, 0x0, 0xef, 0xff, 0xf0, 0x0, 0x0, 0xf,
    0xff, 0xfb, 0x9, 0xff, 0xff, 0x60, 0x0, 0x3,
    0xff, 0xff, 0xf4, 0x0, 0x0, 0x5f, 0xff, 0xf5,
    0x3, 0xff, 0xff, 0xc0, 0x0, 0x8, 0xff, 0xff,
    0xf9, 0x0, 0x0, 0xaf, 0xff, 0xf0, 0x0, 0xef,
    0xff, 0xf1, 0x0, 0xe, 0xff, 0xff, 0xfe, 0x0,
    0x0, 0xff, 0xff, 0xa0, 0x0, 0x9f, 0xff, 0xf6,
    0x0, 0x3f, 0xff, 0xff, 0xff, 0x40, 0x5, 0xff,
    0xff, 0x50, 0x0, 0x3f, 0xff, 0xfb, 0x0, 0x8f,
    0xff, 0xff, 0xff, 0x90, 0xa, 0xff, 0xff, 0x0,
    0x0, 0xe, 0xff, 0xff, 0x0, 0xef, 0xff, 0xff,
    0xff, 0xe0, 0xf, 0xff, 0xfa, 0x0, 0x0, 0x8,
    0xff, 0xff, 0x53, 0xff, 0xff, 0xdf, 0xff, 0xf3,
    0x4f, 0xff, 0xf5, 0x0, 0x0, 0x3, 0xff, 0xff,
    0xa8, 0xff, 0xff, 0x3f, 0xff, 0xf8, 0xaf, 0xff,
    0xf0, 0x0, 0x0, 0x0, 0xef, 0xff, 0xfe, 0xff,
    0xfa, 0xd, 0xff, 0xfd, 0xef, 0xff, 0xa0, 0x0,
    0x0, 0x0, 0x8f, 0xff, 0xff, 0xff, 0xf5, 0x8,
    0xff, 0xff, 0xff, 0xff, 0x40, 0x0, 0x0, 0x0,
    0x3f, 0xff, 0xff, 0xff, 0xf0, 0x2, 0xff, 0xff,
    0xff, 0xff, 0x0, 0x0, 0x0, 0x0, 0xd, 0xff,
    0xff, 0xff, 0xa0, 0x0, 0xdf, 0xff, 0xff, 0xfa,
    0x0, 0x0, 0x0, 0x0, 0x8, 0xff, 0xff, 0xff,
    0x50, 0x0, 0x8f, 0xff, 0xff, 0xf4, 0x0, 0x0,
    0x0, 0x0, 0x3, 0xff, 0xff, 0xff, 0x0, 0x0,
    0x3f, 0xff, 0xff, 0xe0, 0x0, 0x0, 0x0, 0x0,
    0x0, 0xdf, 0xff, 0xfa, 0x0, 0x0, 0xd, 0xff,
    0xff, 0x90, 0x0, 0x0,

    /* U+0176 "Ŷ" */
    0x0, 0x0, 0x0, 0x0, 0x56, 0x66, 0x60, 0x0,
    0x0, 0x0, 0x0, 0x0, 0x0, 0x0, 0x5f, 0xff,
    0xff, 0xa0, 0x0, 0x0, 0x0, 0x0, 0x0, 0x0,
    0x2f, 0xff, 0xff, 0xff, 0x70, 0x0, 0x0, 0x0,
    0x0, 0x0, 0xd, 0xff, 0xe3, 0xbf, 0xff, 0x40,
    0x0, 0x0, 0x0, 0x0, 0xa, 0xff, 0xe2, 0x0,
    0xaf, 0xfe, 0x10, 0x0, 0x0, 0x0, 0x0, 0x44,
    0x41, 0x0, 0x0, 0x34, 0x42, 0x0, 0x0, 0x0,
    0x0, 0x0, 0x0, 0x0, 0x0, 0x0, 0x0, 0x0,
    0x0, 0x4, 0xff, 0xff, 0xf9, 0x0, 0x0, 0x0,
    0x0, 0xbf, 0xff, 0xfa, 0xa, 0xff, 0xff, 0xf2,
    0x0, 0x0, 0x0, 0x4f, 0xff, 0xff, 0x20, 0x2f,
    0xff, 0xff, 0xb0, 0x0, 0x0, 0xd, 0xff, 0xff,
    0x80, 0x0, 0x8f, 0xff, 0xff, 0x50, 0x0, 0x7,
    0xff, 0xff, 0xe0, 0x0, 0x0, 0xef, 0xff, 0xfd,
    0x0, 0x1, 0xff, 0xff, 0xf5, 0x0, 0x0, 0x5,
    0xff, 0xff, 0xf7, 0x0, 0xaf, 0xff, 0xfb, 0x0,
    0x0, 0x0, 0xc, 0xff, 0xff, 0xf1, 0x3f, 0xff,
    0xff, 0x20, 0x0, 0x0, 0x0, 0x2f, 0xff, 0xff,
    0xad, 0xff, 0xff, 0x90, 0x0, 0x0, 0x0, 0x0,
    0x9f, 0xff, 0xff, 0xff, 0xff, 0xe1, 0x0, 0x0,
    0x0, 0x0, 0x1, 0xef, 0xff, 0xff, 0xff, 0xf6,
    0x0, 0x0, 0x0, 0x0, 0x0, 0x6, 0xff, 0xff,
    0xff, 0xfc, 0x0, 0x0, 0x0, 0x0, 0x0, 0x0,
    0xc, 0xff, 0xff, 0xff, 0x30, 0x0, 0x0, 0x0,
    0x0, 0x0, 0x0, 0x4f, 0xff, 0xff, 0xa0, 0x0,
    0x0, 0x0, 0x0, 0x0, 0x0, 0x1, 0xff, 0xff,
    0xf7, 0x0, 0x0, 0x0, 0x0, 0x0, 0x0, 0x0,
    0x1f, 0xff, 0xff, 0x70, 0x0, 0x0, 0x0, 0x0,
    0x0, 0x0, 0x1, 0xff, 0xff, 0xf7, 0x0, 0x0,
    0x0, 0x0, 0x0, 0x0, 0x0, 0x1f, 0xff, 0xff,
    0x70, 0x0, 0x0, 0x0, 0x0, 0x0, 0x0, 0x1,
    0xff, 0xff, 0xf7, 0x0, 0x0, 0x0, 0x0, 0x0,
    0x0, 0x0, 0x1f, 0xff, 0xff, 0x70, 0x0, 0x0,
    0x0, 0x0, 0x0, 0x0, 0x1, 0xff, 0xff, 0xf7,
    0x0, 0x0, 0x0, 0x0,

    /* U+0177 "ŷ" */
    0x0, 0x0, 0x0, 0x4f, 0xff, 0xff, 0x20, 0x0,
    0x0, 0x0, 0x0, 0x0, 0x2f, 0xff, 0xff, 0xfd,
    0x10, 0x0, 0x0, 0x0, 0x0, 0x1d, 0xff, 0xe7,
    0xff, 0xfb, 0x0, 0x0, 0x0, 0x0, 0xb, 0xff,
    0xe2, 0x4, 0xff, 0xf8, 0x0, 0x0, 0x0, 0x2,
    0x88, 0x72, 0x0, 0x3, 0x88, 0x71, 0x0, 0x0,
    0x0, 0x0, 0x0, 0x0, 0x0, 0x0, 0x0, 0x0,
    0x0, 0x1f, 0xff, 0xff, 0x50, 0x0, 0x0, 0x9,
    0xff, 0xff, 0x80, 0xbf, 0xff, 0xfb, 0x0, 0x0,
    0x0, 0xef, 0xff, 0xf1, 0x5, 0xff, 0xff, 0xf1,
    0x0, 0x0, 0x5f, 0xff, 0xfb, 0x0, 0xe, 0xff,
    0xff, 0x70, 0x0, 0xb, 0xff, 0xff, 0x50, 0x0,
    0x8f, 0xff, 0xfd, 0x0, 0x1, 0xff, 0xff, 0xe0,
    0x0, 0x2, 0xff, 0xff, 0xf3, 0x0, 0x7f, 0xff,
    0xf8, 0x0, 0x0, 0xb, 0xff, 0xff, 0x90, 0xd,
    0xff, 0xff, 0x20, 0x0, 0x0, 0x5f, 0xff, 0xff,
    0x3, 0xff, 0xff, 0xb0, 0x0, 0x0, 0x0, 0xef,
    0xff, 0xf5, 0x9f, 0xff, 0xf5, 0x0, 0x0, 0x0,
    0x8, 0xff, 0xff, 0xcf, 0xff, 0xfe, 0x0, 0x0,
    0x0, 0x0, 0x2f, 0xff, 0xff, 0xff, 0xff, 0x90,
    0x0, 0x0, 0x0, 0x0, 0xbf, 0xff, 0xff, 0xff,
    0xf2, 0x0, 0x0, 0x0, 0x0, 0x5, 0xff, 0xff,
    0xff, 0xfc, 0x0, 0x0, 0x0, 0x0, 0x0, 0xe,
    0xff, 0xff, 0xff, 0x60, 0x0, 0x0, 0x0, 0x0,
    0x0, 0x8f, 0xff, 0xff, 0xf0, 0x0, 0x0, 0x0,
    0x0, 0x0, 0x2, 0xff, 0xff, 0xf9, 0x0, 0x0,
    0x0, 0x0, 0x10, 0x0, 0xe, 0xff, 0xff, 0x30,
    0x0, 0x0, 0x0, 0x9, 0xc7, 0x6c, 0xff, 0xff,
    0xc0, 0x0, 0x0, 0x0, 0x1, 0xff, 0xff, 0xff,
    0xff, 0xf4, 0x0, 0x0, 0x0, 0x0, 0x9f, 0xff,
    0xff, 0xff, 0xf9, 0x0, 0x0, 0x0, 0x0, 0xd,
    0xff, 0xff, 0xff, 0xfa, 0x0, 0x0, 0x0, 0x0,
    0x0, 0x17, 0xce, 0xfe, 0xa4, 0x0, 0x0, 0x0,
    0x0, 0x0,

    /* U+0178 "Ÿ" */
    0x0, 0x0, 0x0, 0x27, 0x50, 0x0, 0x37, 0x50,
    0x0, 0x0, 0x0, 0x0, 0x0, 0x2f, 0xff, 0x80,
    0x3f, 0xff, 0x70, 0x0, 0x0, 0x0, 0x0, 0x6,
    0xff, 0xfe, 0x8, 0xff, 0xfd, 0x0, 0x0, 0x0,
    0x0, 0x0, 0x5f, 0xff, 0xc0, 0x6f, 0xff, 0xb0,
    0x0, 0x0, 0x0, 0x0, 0x0, 0x9f, 0xd3, 0x0,
    0xaf, 0xc2, 0x0, 0x0, 0x0, 0x0, 0x0, 0x0,
    0x0, 0x0, 0x0, 0x0, 0x0, 0x0, 0x0, 0x0,
    0x0, 0x0, 0x0, 0x0, 0x0, 0x0, 0x0, 0x0,
    0x0, 0x4, 0xff, 0xff, 0xf9, 0x0, 0x0, 0x0,
    0x0, 0xbf, 0xff, 0xfa, 0xa, 0xff, 0xff, 0xf2,
    0x0, 0x0, 0x0, 0x4f, 0xff, 0xff, 0x20, 0x2f,
    0xff, 0xff, 0xb0, 0x0, 0x0, 0xd, 0xff, 0xff,
    0x80, 0x0, 0x8f, 0xff, 0xff, 0x50, 0x0, 0x7,
    0xff, 0xff, 0xe0, 0x0, 0x0, 0xef, 0xff, 0xfd,
    0x0, 0x1, 0xff, 0xff, 0xf5, 0x0, 0x0, 0x5,
    0xff, 0xff, 0xf7, 0x0, 0xaf, 0xff, 0xfb, 0x0,
    0x0, 0x0, 0xc, 0xff, 0xff, 0xf1, 0x3f, 0xff,
    0xff, 0x20, 0x0, 0x0, 0x0, 0x2f, 0xff, 0xff,
    0xad, 0xff, 0xff, 0x90, 0x0, 0x0, 0x0, 0x0,
    0x9f, 0xff, 0xff, 0xff, 0xff, 0xe1, 0x0, 0x0,
    0x0, 0x0, 0x1, 0xef, 0xff, 0xff, 0xff, 0xf6,
    0x0, 0x0, 0x0, 0x0, 0x0, 0x6, 0xff, 0xff,
    0xff, 0xfc, 0x0, 0x0, 0x0, 0x0, 0x0, 0x0,
    0xc, 0xff, 0xff, 0xff, 0x30, 0x0, 0x0, 0x0,
    0x0, 0x0, 0x0, 0x4f, 0xff, 0xff, 0xa0, 0x0,
    0x0, 0x0, 0x0, 0x0, 0x0, 0x1, 0xff, 0xff,
    0xf7, 0x0, 0x0, 0x0, 0x0, 0x0, 0x0, 0x0,
    0x1f, 0xff, 0xff, 0x70, 0x0, 0x0, 0x0, 0x0,
    0x0, 0x0, 0x1, 0xff, 0xff, 0xf7, 0x0, 0x0,
    0x0, 0x0, 0x0, 0x0, 0x0, 0x1f, 0xff, 0xff,
    0x70, 0x0, 0x0, 0x0, 0x0, 0x0, 0x0, 0x1,
    0xff, 0xff, 0xf7, 0x0, 0x0, 0x0, 0x0, 0x0,
    0x0, 0x0, 0x1f, 0xff, 0xff, 0x70, 0x0, 0x0,
    0x0, 0x0, 0x0, 0x0, 0x1, 0xff, 0xff, 0xf7,
    0x0, 0x0, 0x0, 0x0,

    /* U+0179 "Ź" */
    0x0, 0x0, 0x0, 0x0, 0x0, 0x38, 0x88, 0x86,
    0x0, 0x0, 0x0, 0x0, 0x0, 0x0, 0x2e, 0xff,
    0xfd, 0x10, 0x0, 0x0, 0x0, 0x0, 0x0, 0xd,
    0xff, 0xfb, 0x0, 0x0, 0x0, 0x0, 0x0, 0x0,
    0xb, 0xff, 0xf9, 0x0, 0x0, 0x0, 0x0, 0x0,
    0x0, 0x8, 0xff, 0xf7, 0x0, 0x0, 0x0, 0x0,
    0x0, 0x0, 0x0, 0x0, 0x0, 0x0, 0x0, 0x0,
    0x0, 0x0, 0x0, 0x0, 0x0, 0x0, 0x0, 0x0,
    0x0, 0x0, 0x0, 0xcf, 0xff, 0xff, 0xff, 0xff,
    0xff, 0xff, 0xff, 0xf1, 0xc, 0xff, 0xff, 0xff,
    0xff, 0xff, 0xff, 0xff, 0xff, 0x10, 0xcf, 0xff,
    0xff, 0xff, 0xff, 0xff, 0xff, 0xff, 0xf1, 0xc,
    0xff, 0xff, 0xff, 0xff, 0xff, 0xff, 0xff, 0xff,
    0x10, 0x68, 0x88, 0x88, 0x88, 0x8b, 0xff, 0xff,
    0xff, 0x50, 0x0, 0x0, 0x0, 0x0, 0x1, 0xdf,
    0xff, 0xff, 0x80, 0x0, 0x0, 0x0, 0x0, 0x0,
    0xbf, 0xff, 0xff, 0xa0, 0x0, 0x0, 0x0, 0x0,
    0x0, 0x9f, 0xff, 0xff, 0xc0, 0x0, 0x0, 0x0,
    0x0, 0x0, 0x7f, 0xff, 0xff, 0xe1, 0x0, 0x0,
    0x0, 0x0, 0x0, 0x4f, 0xff, 0xff, 0xf3, 0x0,
    0x0, 0x0, 0x0, 0x0, 0x2f, 0xff, 0xff, 0xf5,
    0x0, 0x0, 0x0, 0x0, 0x0, 0x1d, 0xff, 0xff,
    0xf8, 0x0, 0x0, 0x0, 0x0, 0x0, 0xb, 0xff,
    0xff, 0xfa, 0x0, 0x0, 0x0, 0x0, 0x0, 0x9,
    0xff, 0xff, 0xfc, 0x0, 0x0, 0x0, 0x0, 0x0,
    0x7, 0xff, 0xff, 0xfe, 0x10, 0x0, 0x0, 0x0,
    0x0, 0x4, 0xff, 0xff, 0xff, 0xb9, 0x99, 0x99,
    0x99, 0x99, 0x40, 0xff, 0xff, 0xff, 0xff, 0xff,
    0xff, 0xff, 0xff, 0xf8, 0xf, 0xff, 0xff, 0xff,
    0xff, 0xff, 0xff, 0xff, 0xff, 0x80, 0xff, 0xff,
    0xff, 0xff, 0xff, 0xff, 0xff, 0xff, 0xf8, 0xf,
    0xff, 0xff, 0xff, 0xff, 0xff, 0xff, 0xff, 0xff,
    0x80,

    /* U+017A "ź" */
    0x0, 0x0, 0x0, 0x0, 0x8f, 0xff, 0xf9, 0x0,
    0x0, 0x0, 0x0, 0x5f, 0xff, 0xf7, 0x0, 0x0,
    0x0, 0x0, 0x3f, 0xff, 0xf5, 0x0, 0x0, 0x0,
    0x0, 0x1e, 0xff, 0xe3, 0x0, 0x0, 0x0, 0x0,
    0x5, 0x88, 0x71, 0x0, 0x0, 0x0, 0x0, 0x0,
    0x0, 0x0, 0x0, 0x0, 0x0, 0xe, 0xff, 0xff,
    0xff, 0xff, 0xff, 0xff, 0xa0, 0xef, 0xff, 0xff,
    0xff, 0xff, 0xff, 0xfa, 0xe, 0xff, 0xff, 0xff,
    0xff, 0xff, 0xff, 0xa0, 0xef, 0xff, 0xff, 0xff,
    0xff, 0xff, 0xf6, 0x1, 0x11, 0x11, 0x17, 0xff,
    0xff, 0xf9, 0x0, 0x0, 0x0, 0x3, 0xff, 0xff,
    0xfc, 0x0, 0x0, 0x0, 0x1, 0xef, 0xff, 0xfe,
    0x10, 0x0, 0x0, 0x0, 0xcf, 0xff, 0xff, 0x30,
    0x0, 0x0, 0x0, 0xaf, 0xff, 0xff, 0x50, 0x0,
    0x0, 0x0, 0x7f, 0xff, 0xff, 0x80, 0x0, 0x0,
    0x0, 0x4f, 0xff, 0xff, 0xb0, 0x0, 0x0, 0x0,
    0x2e, 0xff, 0xff, 0xe2, 0x22, 0x22, 0x21, 0xd,
    0xff, 0xff, 0xff, 0xff, 0xff, 0xff, 0xe1, 0xff,
    0xff, 0xff, 0xff, 0xff, 0xff, 0xfe, 0x1f, 0xff,
    0xff, 0xff, 0xff, 0xff, 0xff, 0xe1, 0xff, 0xff,
    0xff, 0xff, 0xff, 0xff, 0xfe,

    /* U+017B "Ż" */
    0x0, 0x0, 0x0, 0x0, 0x6a, 0x92, 0x0, 0x0,
    0x0, 0x0, 0x0, 0x0, 0x0, 0x7f, 0xff, 0xe1,
    0x0, 0x0, 0x0, 0x0, 0x0, 0x0, 0xe, 0xff,
    0xff, 0x60, 0x0, 0x0, 0x0, 0x0, 0x0, 0x0,
    0xef, 0xff, 0xf7, 0x0, 0x0, 0x0, 0x0, 0x0,
    0x0, 0xa, 0xff, 0xff, 0x30, 0x0, 0x0, 0x0,
    0x0, 0x0, 0x0, 0x1a, 0xfd, 0x50, 0x0, 0x0,
    0x0, 0x0, 0x0, 0x0, 0x0, 0x0, 0x0, 0x0,
    0x0, 0x0, 0x0, 0x0, 0x0, 0x0, 0x0, 0x0,
    0x0, 0x0, 0x0, 0x0, 0xc, 0xff, 0xff, 0xff,
    0xff, 0xff, 0xff, 0xff, 0xff, 0x10, 0xcf, 0xff,
    0xff, 0xff, 0xff, 0xff, 0xff, 0xff, 0xf1, 0xc,
    0xff, 0xff, 0xff, 0xff, 0xff, 0xff, 0xff, 0xff,
    0x10, 0xcf, 0xff, 0xff, 0xff, 0xff, 0xff, 0xff,
    0xff, 0xf1, 0x6, 0x88, 0x88, 0x88, 0x88, 0xbf,
    0xff, 0xff, 0xf5, 0x0, 0x0, 0x0, 0x0, 0x0,
    0x1d, 0xff, 0xff, 0xf8, 0x0, 0x0, 0x0, 0x0,
    0x0, 0xb, 0xff, 0xff, 0xfa, 0x0, 0x0, 0x0,
    0x0, 0x0, 0x9, 0xff, 0xff, 0xfc, 0x0, 0x0,
    0x0, 0x0, 0x0, 0x7, 0xff, 0xff, 0xfe, 0x10,
    0x0, 0x0, 0x0, 0x0, 0x4, 0xff, 0xff, 0xff,
    0x30, 0x0, 0x0, 0x0, 0x0, 0x2, 0xff, 0xff,
    0xff, 0x50, 0x0, 0x0, 0x0, 0x0, 0x1, 0xdf,
    0xff, 0xff, 0x80, 0x0, 0x0, 0x0, 0x0, 0x0,
    0xbf, 0xff, 0xff, 0xa0, 0x0, 0x0, 0x0, 0x0,
    0x0, 0x9f, 0xff, 0xff, 0xc0, 0x0, 0x0, 0x0,
    0x0, 0x0, 0x7f, 0xff, 0xff, 0xe1, 0x0, 0x0,
    0x0, 0x0, 0x0, 0x4f, 0xff, 0xff, 0xfb, 0x99,
    0x99, 0x99, 0x99, 0x94, 0xf, 0xff, 0xff, 0xff,
    0xff, 0xff, 0xff, 0xff, 0xff, 0x80, 0xff, 0xff,
    0xff, 0xff, 0xff, 0xff, 0xff, 0xff, 0xf8, 0xf,
    0xff, 0xff, 0xff, 0xff, 0xff, 0xff, 0xff, 0xff,
    0x80, 0xff, 0xff, 0xff, 0xff, 0xff, 0xff, 0xff,
    0xff, 0xf8,

    /* U+017C "ż" */
    0x0, 0x0, 0x0, 0x9e, 0xe7, 0x0, 0x0, 0x0,
    0x0, 0x0, 0x8f, 0xff, 0xf5, 0x0, 0x0, 0x0,
    0x0, 0xc, 0xff, 0xff, 0x90, 0x0, 0x0, 0x0,
    0x0, 0xcf, 0xff, 0xf8, 0x0, 0x0, 0x0, 0x0,
    0x5, 0xff, 0xff, 0x20, 0x0, 0x0, 0x0, 0x0,
    0x5, 0xa9, 0x30, 0x0, 0x0, 0x0, 0x0, 0x0,
    0x0, 0x0, 0x0, 0x0, 0x0, 0xef, 0xff, 0xff,
    0xff, 0xff, 0xff, 0xfa, 0xe, 0xff, 0xff, 0xff,
    0xff, 0xff, 0xff, 0xa0, 0xef, 0xff, 0xff, 0xff,
    0xff, 0xff, 0xfa, 0xe, 0xff, 0xff, 0xff, 0xff,
    0xff, 0xff, 0x60, 0x11, 0x11, 0x11, 0x7f, 0xff,
    0xff, 0x90, 0x0, 0x0, 0x0, 0x3f, 0xff, 0xff,
    0xc0, 0x0, 0x0, 0x0, 0x1e, 0xff, 0xff, 0xe1,
    0x0, 0x0, 0x0, 0xc, 0xff, 0xff, 0xf3, 0x0,
    0x0, 0x0, 0xa, 0xff, 0xff, 0xf5, 0x0, 0x0,
    0x0, 0x7, 0xff, 0xff, 0xf8, 0x0, 0x0, 0x0,
    0x4, 0xff, 0xff, 0xfb, 0x0, 0x0, 0x0, 0x2,
    0xef, 0xff, 0xfe, 0x22, 0x22, 0x22, 0x10, 0xdf,
    0xff, 0xff, 0xff, 0xff, 0xff, 0xfe, 0x1f, 0xff,
    0xff, 0xff, 0xff, 0xff, 0xff, 0xe1, 0xff, 0xff,
    0xff, 0xff, 0xff, 0xff, 0xfe, 0x1f, 0xff, 0xff,
    0xff, 0xff, 0xff, 0xff, 0xe0,

    /* U+017D "Ž" */
    0x0, 0x0, 0x78, 0x85, 0x0, 0x0, 0x78, 0x84,
    0x0, 0x0, 0x0, 0x5, 0xff, 0xf6, 0x1, 0xcf,
    0xfd, 0x0, 0x0, 0x0, 0x0, 0x8, 0xff, 0xf8,
    0xdf, 0xfe, 0x20, 0x0, 0x0, 0x0, 0x0, 0xb,
    0xff, 0xff, 0xff, 0x40, 0x0, 0x0, 0x0, 0x0,
    0x0, 0x1d, 0xff, 0xff, 0x70, 0x0, 0x0, 0x0,
    0x0, 0x0, 0x0, 0x0, 0x0, 0x0, 0x0, 0x0,
    0x0, 0x0, 0x0, 0x0, 0x0, 0x0, 0x0, 0x0,
    0x0, 0x0, 0x0, 0xcf, 0xff, 0xff, 0xff, 0xff,
    0xff, 0xff, 0xff, 0xf1, 0xc, 0xff, 0xff, 0xff,
    0xff, 0xff, 0xff, 0xff, 0xff, 0x10, 0xcf, 0xff,
    0xff, 0xff, 0xff, 0xff, 0xff, 0xff, 0xf1, 0xc,
    0xff, 0xff, 0xff, 0xff, 0xff, 0xff, 0xff, 0xff,
    0x10, 0x68, 0x88, 0x88, 0x88, 0x8b, 0xff, 0xff,
    0xff, 0x50, 0x0, 0x0, 0x0, 0x0, 0x1, 0xdf,
    0xff, 0xff, 0x80, 0x0, 0x0, 0x0, 0x0, 0x0,
    0xbf, 0xff, 0xff, 0xa0, 0x0, 0x0, 0x0, 0x0,
    0x0, 0x9f, 0xff, 0xff, 0xc0, 0x0, 0x0, 0x0,
    0x0, 0x0, 0x7f, 0xff, 0xff, 0xe1, 0x0, 0x0,
    0x0, 0x0, 0x0, 0x4f, 0xff, 0xff, 0xf3, 0x0,
    0x0, 0x0, 0x0, 0x0, 0x2f, 0xff, 0xff, 0xf5,
    0x0, 0x0, 0x0, 0x0, 0x0, 0x1d, 0xff, 0xff,
    0xf8, 0x0, 0x0, 0x0, 0x0, 0x0, 0xb, 0xff,
    0xff, 0xfa, 0x0, 0x0, 0x0, 0x0, 0x0, 0x9,
    0xff, 0xff, 0xfc, 0x0, 0x0, 0x0, 0x0, 0x0,
    0x7, 0xff, 0xff, 0xfe, 0x10, 0x0, 0x0, 0x0,
    0x0, 0x4, 0xff, 0xff, 0xff, 0xb9, 0x99, 0x99,
    0x99, 0x99, 0x40, 0xff, 0xff, 0xff, 0xff, 0xff,
    0xff, 0xff, 0xff, 0xf8, 0xf, 0xff, 0xff, 0xff,
    0xff, 0xff, 0xff, 0xff, 0xff, 0x80, 0xff, 0xff,
    0xff, 0xff, 0xff, 0xff, 0xff, 0xff, 0xf8, 0xf,
    0xff, 0xff, 0xff, 0xff, 0xff, 0xff, 0xff, 0xff,
    0x80,

    /* U+017E "ž" */
    0x0, 0xaf, 0xfd, 0x20, 0x4, 0xff, 0xf6, 0x0,
    0x0, 0xcf, 0xfe, 0x25, 0xff, 0xf9, 0x0, 0x0,
    0x1, 0xef, 0xff, 0xff, 0xfc, 0x0, 0x0, 0x0,
    0x3, 0xff, 0xff, 0xfe, 0x10, 0x0, 0x0, 0x0,
    0x4, 0x88, 0x88, 0x30, 0x0, 0x0, 0x0, 0x0,
    0x0, 0x0, 0x0, 0x0, 0x0, 0xe, 0xff, 0xff,
    0xff, 0xff, 0xff, 0xff, 0xa0, 0xef, 0xff, 0xff,
    0xff, 0xff, 0xff, 0xfa, 0xe, 0xff, 0xff, 0xff,
    0xff, 0xff, 0xff, 0xa0, 0xef, 0xff, 0xff, 0xff,
    0xff, 0xff, 0xf6, 0x1, 0x11, 0x11, 0x17, 0xff,
    0xff, 0xf9, 0x0, 0x0, 0x0, 0x3, 0xff, 0xff,
    0xfc, 0x0, 0x0, 0x0, 0x1, 0xef, 0xff, 0xfe,
    0x10, 0x0, 0x0, 0x0, 0xcf, 0xff, 0xff, 0x30,
    0x0, 0x0, 0x0, 0xaf, 0xff, 0xff, 0x50, 0x0,
    0x0, 0x0, 0x7f, 0xff, 0xff, 0x80, 0x0, 0x0,
    0x0, 0x4f, 0xff, 0xff, 0xb0, 0x0, 0x0, 0x0,
    0x2e, 0xff, 0xff, 0xe2, 0x22, 0x22, 0x21, 0xd,
    0xff, 0xff, 0xff, 0xff, 0xff, 0xff, 0xe1, 0xff,
    0xff, 0xff, 0xff, 0xff, 0xff, 0xfe, 0x1f, 0xff,
    0xff, 0xff, 0xff, 0xff, 0xff, 0xe1, 0xff, 0xff,
    0xff, 0xff, 0xff, 0xff, 0xfe,

    /* U+017F "ſ" */
    0x0, 0x0, 0x2, 0x9d, 0xff, 0xd9, 0x20, 0x0,
    0x6, 0xff, 0xff, 0xff, 0xf4, 0x0, 0x4, 0xff,
    0xff, 0xff, 0xfe, 0x0, 0x0, 0xcf, 0xff, 0xff,
    0xff, 0x90, 0x0, 0x1f, 0xff, 0xff, 0xb4, 0x73,
    0x0, 0x4, 0xff, 0xff, 0xf1, 0x0, 0x0, 0x12,
    0x6f, 0xff, 0xff, 0x0, 0x0, 0x8, 0xff, 0xff,
    0xff, 0xf0, 0x0, 0x0, 0x8f, 0xff, 0xff, 0xff,
    0x0, 0x0, 0x8, 0xff, 0xff, 0xff, 0xf0, 0x0,
    0x0, 0x8f, 0xff, 0xff, 0xff, 0x0, 0x0, 0x0,
    0x5, 0xff, 0xff, 0xf0, 0x0, 0x0, 0x0, 0x5f,
    0xff, 0xff, 0x0, 0x0, 0x0, 0x5, 0xff, 0xff,
    0xf0, 0x0, 0x0, 0x0, 0x5f, 0xff, 0xff, 0x0,
    0x0, 0x0, 0x5, 0xff, 0xff, 0xf0, 0x0, 0x0,
    0x0, 0x5f, 0xff, 0xff, 0x0, 0x0, 0x0, 0x5,
    0xff, 0xff, 0xf0, 0x0, 0x0, 0x0, 0x5f, 0xff,
    0xff, 0x0, 0x0, 0x0, 0x5, 0xff, 0xff, 0xf0,
    0x0, 0x0, 0x0, 0x5f, 0xff, 0xff, 0x0, 0x0,
    0x0, 0x5, 0xff, 0xff, 0xf0, 0x0, 0x0,

    /* U+2026 "…" */
    0x0, 0x27, 0x72, 0x0, 0x0, 0x27, 0x72, 0x0,
    0x0, 0x27, 0x72, 0x0, 0x6, 0xff, 0xff, 0x40,
    0x5, 0xff, 0xff, 0x50, 0x4, 0xff, 0xff, 0x60,
    0xf, 0xff, 0xff, 0xe0, 0xe, 0xff, 0xff, 0xf0,
    0xe, 0xff, 0xff, 0xf0, 0x3f, 0xff, 0xff, 0xf1,
    0x2f, 0xff, 0xff, 0xf2, 0x1f, 0xff, 0xff, 0xf2,
    0x1f, 0xff, 0xff, 0xf0, 0xf, 0xff, 0xff, 0xf1,
    0xf, 0xff, 0xff, 0xf1, 0xb, 0xff, 0xff, 0x90,
    0xa, 0xff, 0xff, 0xa0, 0x9, 0xff, 0xff, 0xb0,
    0x1, 0x9e, 0xe8, 0x0, 0x0, 0x9e, 0xe9, 0x0,
    0x0, 0x8e, 0xe9, 0x10
};


/*---------------------
 *  GLYPH DESCRIPTION
 *--------------------*/

static const lv_font_fmt_txt_glyph_dsc_t glyph_dsc[] = {
    {.bitmap_index = 0, .adv_w = 0, .box_w = 0, .box_h = 0, .ofs_x = 0, .ofs_y = 0} /* id = 0 reserved */,
    {.bitmap_index = 0, .adv_w = 130, .box_w = 0, .box_h = 0, .ofs_x = 0, .ofs_y = 0},
    {.bitmap_index = 0, .adv_w = 135, .box_w = 7, .box_h = 20, .ofs_x = 1, .ofs_y = 0},
    {.bitmap_index = 70, .adv_w = 207, .box_w = 11, .box_h = 9, .ofs_x = 1, .ofs_y = 11},
    {.bitmap_index = 120, .adv_w = 327, .box_w = 20, .box_h = 20, .ofs_x = 0, .ofs_y = 0},
    {.bitmap_index = 320, .adv_w = 290, .box_w = 18, .box_h = 27, .ofs_x = 0, .ofs_y = -3},
    {.bitmap_index = 563, .adv_w = 402, .box_w = 25, .box_h = 20, .ofs_x = 0, .ofs_y = 0},
    {.bitmap_index = 813, .adv_w = 337, .box_w = 21, .box_h = 20, .ofs_x = 0, .ofs_y = 0},
    {.bitmap_index = 1023, .adv_w = 108, .box_w = 5, .box_h = 9, .ofs_x = 1, .ofs_y = 11},
    {.bitmap_index = 1046, .adv_w = 165, .box_w = 10, .box_h = 28, .ofs_x = 1, .ofs_y = -6},
    {.bitmap_index = 1186, .adv_w = 165, .box_w = 10, .box_h = 28, .ofs_x = -1, .ofs_y = -6},
    {.bitmap_index = 1326, .adv_w = 203, .box_w = 13, .box_h = 12, .ofs_x = 0, .ofs_y = 10},
    {.bitmap_index = 1404, .adv_w = 273, .box_w = 15, .box_h = 14, .ofs_x = 1, .ofs_y = 3},
    {.bitmap_index = 1509, .adv_w = 127, .box_w = 8, .box_h = 11, .ofs_x = 0, .ofs_y = -5},
    {.bitmap_index = 1553, .adv_w = 174, .box_w = 9, .box_h = 5, .ofs_x = 1, .ofs_y = 6},
    {.bitmap_index = 1576, .adv_w = 127, .box_w = 8, .box_h = 7, .ofs_x = 0, .ofs_y = 0},
    {.bitmap_index = 1604, .adv_w = 186, .box_w = 15, .box_h = 28, .ofs_x = -2, .ofs_y = -3},
    {.bitmap_index = 1814, .adv_w = 307, .box_w = 19, .box_h = 20, .ofs_x = 0, .ofs_y = 0},
    {.bitmap_index = 2004, .adv_w = 181, .box_w = 10, .box_h = 20, .ofs_x = 0, .ofs_y = 0},
    {.bitmap_index = 2104, .adv_w = 268, .box_w = 18, .box_h = 20, .ofs_x = -1, .ofs_y = 0},
    {.bitmap_index = 2284, .adv_w = 270, .box_w = 18, .box_h = 20, .ofs_x = -1, .ofs_y = 0},
    {.bitmap_index = 2464, .adv_w = 314, .box_w = 20, .box_h = 20, .ofs_x = 0, .ofs_y = 0},
    {.bitmap_index = 2664, .adv_w = 272, .box_w = 17, .box_h = 20, .ofs_x = 0, .ofs_y = 0},
    {.bitmap_index = 2834, .adv_w = 291, .box_w = 18, .box_h = 20, .ofs_x = 0, .ofs_y = 0},
    {.bitmap_index = 3014, .adv_w = 283, .box_w = 17, .box_h = 20, .ofs_x = 0, .ofs_y = 0},
    {.bitmap_index = 3184, .adv_w = 300, .box_w = 18, .box_h = 20, .ofs_x = 0, .ofs_y = 0},
    {.bitmap_index = 3364, .adv_w = 291, .box_w = 18, .box_h = 20, .ofs_x = 0, .ofs_y = 0},
    {.bitmap_index = 3544, .adv_w = 127, .box_w = 8, .box_h = 16, .ofs_x = 0, .ofs_y = 0},
    {.bitmap_index = 3608, .adv_w = 127, .box_w = 8, .box_h = 21, .ofs_x = 0, .ofs_y = -5},
    {.bitmap_index = 3692, .adv_w = 273, .box_w = 15, .box_h = 16, .ofs_x = 1, .ofs_y = 2},
    {.bitmap_index = 3812, .adv_w = 273, .box_w = 15, .box_h = 12, .ofs_x = 1, .ofs_y = 4},
    {.bitmap_index = 3902, .adv_w = 273, .box_w = 15, .box_h = 16, .ofs_x = 1, .ofs_y = 2},
    {.bitmap_index = 4022, .adv_w = 267, .box_w = 17, .box_h = 20, .ofs_x = -1, .ofs_y = 0},
    {.bitmap_index = 4192, .adv_w = 464, .box_w = 29, .box_h = 26, .ofs_x = 0, .ofs_y = -6},
    {.bitmap_index = 4569, .adv_w = 352, .box_w = 24, .box_h = 20, .ofs_x = -1, .ofs_y = 0},
    {.bitmap_index = 4809, .adv_w = 345, .box_w = 20, .box_h = 20, .ofs_x = 1, .ofs_y = 0},
    {.bitmap_index = 5009, .adv_w = 327, .box_w = 21, .box_h = 20, .ofs_x = 0, .ofs_y = 0},
    {.bitmap_index = 5219, .adv_w = 370, .box_w = 22, .box_h = 20, .ofs_x = 1, .ofs_y = 0},
    {.bitmap_index = 5439, .adv_w = 301, .box_w = 17, .box_h = 20, .ofs_x = 1, .ofs_y = 0},
    {.bitmap_index = 5609, .adv_w = 288, .box_w = 17, .box_h = 20, .ofs_x = 1, .ofs_y = 0},
    {.bitmap_index = 5779, .adv_w = 345, .box_w = 21, .box_h = 20, .ofs_x = 0, .ofs_y = 0},
    {.bitmap_index = 5989, .adv_w = 361, .box_w = 20, .box_h = 20, .ofs_x = 1, .ofs_y = 0},
    {.bitmap_index = 6189, .adv_w = 152, .box_w = 7, .box_h = 20, .ofs_x = 1, .ofs_y = 0},
    {.bitmap_index = 6259, .adv_w = 250, .box_w = 15, .box_h = 20, .ofs_x = -1, .ofs_y = 0},
    {.bitmap_index = 6409, .adv_w = 337, .box_w = 21, .box_h = 20, .ofs_x = 1, .ofs_y = 0},
    {.bitmap_index = 6619, .adv_w = 273, .box_w = 16, .box_h = 20, .ofs_x = 1, .ofs_y = 0},
    {.bitmap_index = 6779, .adv_w = 427, .box_w = 24, .box_h = 20, .ofs_x = 1, .ofs_y = 0},
    {.bitmap_index = 7019, .adv_w = 361, .box_w = 20, .box_h = 20, .ofs_x = 1, .ofs_y = 0},
    {.bitmap_index = 7219, .adv_w = 379, .box_w = 23, .box_h = 20, .ofs_x = 0, .ofs_y = 0},
    {.bitmap_index = 7449, .adv_w = 330, .box_w = 19, .box_h = 20, .ofs_x = 1, .ofs_y = 0},
    {.bitmap_index = 7639, .adv_w = 379, .box_w = 24, .box_h = 26, .ofs_x = 0, .ofs_y = -6},
    {.bitmap_index = 7951, .adv_w = 332, .box_w = 20, .box_h = 20, .ofs_x = 1, .ofs_y = 0},
    {.bitmap_index = 8151, .adv_w = 290, .box_w = 18, .box_h = 20, .ofs_x = 0, .ofs_y = 0},
    {.bitmap_index = 8331, .adv_w = 284, .box_w = 18, .box_h = 20, .ofs_x = 0, .ofs_y = 0},
    {.bitmap_index = 8511, .adv_w = 352, .box_w = 20, .box_h = 20, .ofs_x = 1, .ofs_y = 0},
    {.bitmap_index = 8711, .adv_w = 343, .box_w = 23, .box_h = 20, .ofs_x = -1, .ofs_y = 0},
    {.bitmap_index = 8941, .adv_w = 530, .box_w = 33, .box_h = 20, .ofs_x = 0, .ofs_y = 0},
    {.bitmap_index = 9271, .adv_w = 330, .box_w = 22, .box_h = 20, .ofs_x = -1, .ofs_y = 0},
    {.bitmap_index = 9491, .adv_w = 310, .box_w = 21, .box_h = 20, .ofs_x = -1, .ofs_y = 0},
    {.bitmap_index = 9701, .adv_w = 304, .box_w = 19, .box_h = 20, .ofs_x = 0, .ofs_y = 0},
    {.bitmap_index = 9891, .adv_w = 174, .box_w = 10, .box_h = 28, .ofs_x = 1, .ofs_y = -6},
    {.bitmap_index = 10031, .adv_w = 186, .box_w = 15, .box_h = 28, .ofs_x = -2, .ofs_y = -3},
    {.bitmap_index = 10241, .adv_w = 174, .box_w = 9, .box_h = 28, .ofs_x = 0, .ofs_y = -6},
    {.bitmap_index = 10367, .adv_w = 273, .box_w = 15, .box_h = 12, .ofs_x = 1, .ofs_y = 4},
    {.bitmap_index = 10457, .adv_w = 224, .box_w = 14, .box_h = 4, .ofs_x = 0, .ofs_y = -3},
    {.bitmap_index = 10485, .adv_w = 269, .box_w = 10, .box_h = 5, .ofs_x = 2, .ofs_y = 18},
    {.bitmap_index = 10510, .adv_w = 281, .box_w = 16, .box_h = 16, .ofs_x = 0, .ofs_y = 0},
    {.bitmap_index = 10638, .adv_w = 311, .box_w = 18, .box_h = 22, .ofs_x = 1, .ofs_y = 0},
    {.bitmap_index = 10836, .adv_w = 270, .box_w = 17, .box_h = 16, .ofs_x = 0, .ofs_y = 0},
    {.bitmap_index = 10972, .adv_w = 313, .box_w = 18, .box_h = 22, .ofs_x = 0, .ofs_y = 0},
    {.bitmap_index = 11170, .adv_w = 288, .box_w = 18, .box_h = 16, .ofs_x = 0, .ofs_y = 0},
    {.bitmap_index = 11314, .adv_w = 182, .box_w = 13, .box_h = 22, .ofs_x = 0, .ofs_y = 0},
    {.bitmap_index = 11457, .adv_w = 316, .box_w = 19, .box_h = 22, .ofs_x = 0, .ofs_y = -6},
    {.bitmap_index = 11666, .adv_w = 312, .box_w = 17, .box_h = 22, .ofs_x = 1, .ofs_y = 0},
    {.bitmap_index = 11853, .adv_w = 140, .box_w = 7, .box_h = 23, .ofs_x = 1, .ofs_y = 0},
    {.bitmap_index = 11934, .adv_w = 143, .box_w = 11, .box_h = 29, .ofs_x = -3, .ofs_y = -6},
    {.bitmap_index = 12094, .adv_w = 303, .box_w = 19, .box_h = 22, .ofs_x = 1, .ofs_y = 0},
    {.bitmap_index = 12303, .adv_w = 140, .box_w = 7, .box_h = 22, .ofs_x = 1, .ofs_y = 0},
    {.bitmap_index = 12380, .adv_w = 468, .box_w = 27, .box_h = 16, .ofs_x = 1, .ofs_y = 0},
    {.bitmap_index = 12596, .adv_w = 312, .box_w = 17, .box_h = 16, .ofs_x = 1, .ofs_y = 0},
    {.bitmap_index = 12732, .adv_w = 298, .box_w = 18, .box_h = 16, .ofs_x = 0, .ofs_y = 0},
    {.bitmap_index = 12876, .adv_w = 311, .box_w = 18, .box_h = 22, .ofs_x = 1, .ofs_y = -6},
    {.bitmap_index = 13074, .adv_w = 311, .box_w = 18, .box_h = 22, .ofs_x = 0, .ofs_y = -6},
    {.bitmap_index = 13272, .adv_w = 198, .box_w = 11, .box_h = 16, .ofs_x = 1, .ofs_y = 0},
    {.bitmap_index = 13360, .adv_w = 245, .box_w = 15, .box_h = 16, .ofs_x = 0, .ofs_y = 0},
    {.bitmap_index = 13480, .adv_w = 200, .box_w = 13, .box_h = 20, .ofs_x = 0, .ofs_y = 0},
    {.bitmap_index = 13610, .adv_w = 310, .box_w = 17, .box_h = 16, .ofs_x = 1, .ofs_y = 0},
    {.bitmap_index = 13746, .adv_w = 278, .box_w = 19, .box_h = 16, .ofs_x = -1, .ofs_y = 0},
    {.bitmap_index = 13898, .adv_w = 428, .box_w = 28, .box_h = 16, .ofs_x = -1, .ofs_y = 0},
    {.bitmap_index = 14122, .adv_w = 277, .box_w = 19, .box_h = 16, .ofs_x = -1, .ofs_y = 0},
    {.bitmap_index = 14274, .adv_w = 278, .box_w = 19, .box_h = 22, .ofs_x = -1, .ofs_y = -6},
    {.bitmap_index = 14483, .adv_w = 249, .box_w = 15, .box_h = 16, .ofs_x = 0, .ofs_y = 0},
    {.bitmap_index = 14603, .adv_w = 185, .box_w = 11, .box_h = 28, .ofs_x = 1, .ofs_y = -6},
    {.bitmap_index = 14757, .adv_w = 141, .box_w = 6, .box_h = 28, .ofs_x = 1, .ofs_y = -6},
    {.bitmap_index = 14841, .adv_w = 185, .box_w = 11, .box_h = 28, .ofs_x = 0, .ofs_y = -6},
    {.bitmap_index = 14995, .adv_w = 273, .box_w = 15, .box_h = 6, .ofs_x = 1, .ofs_y = 7},
    {.bitmap_index = 15040, .adv_w = 130, .box_w = 0, .box_h = 0, .ofs_x = 0, .ofs_y = 0},
    {.bitmap_index = 15040, .adv_w = 135, .box_w = 7, .box_h = 21, .ofs_x = 1, .ofs_y = -5},
    {.bitmap_index = 15114, .adv_w = 270, .box_w = 17, .box_h = 23, .ofs_x = 0, .ofs_y = -3},
    {.bitmap_index = 15310, .adv_w = 305, .box_w = 19, .box_h = 20, .ofs_x = 0, .ofs_y = 0},
    {.bitmap_index = 15500, .adv_w = 314, .box_w = 19, .box_h = 20, .ofs_x = 0, .ofs_y = -1},
    {.bitmap_index = 15690, .adv_w = 337, .box_w = 23, .box_h = 20, .ofs_x = -1, .ofs_y = 0},
    {.bitmap_index = 15920, .adv_w = 141, .box_w = 6, .box_h = 28, .ofs_x = 1, .ofs_y = -6},
    {.bitmap_index = 16004, .adv_w = 240, .box_w = 15, .box_h = 24, .ofs_x = 0, .ofs_y = -4},
    {.bitmap_index = 16184, .adv_w = 269, .box_w = 11, .box_h = 5, .ofs_x = 3, .ofs_y = 18},
    {.bitmap_index = 16212, .adv_w = 347, .box_w = 21, .box_h = 21, .ofs_x = 0, .ofs_y = 0},
    {.bitmap_index = 16433, .adv_w = 187, .box_w = 11, .box_h = 10, .ofs_x = 0, .ofs_y = 11},
    {.bitmap_index = 16488, .adv_w = 271, .box_w = 17, .box_h = 12, .ofs_x = 0, .ofs_y = 2},
    {.bitmap_index = 16590, .adv_w = 273, .box_w = 15, .box_h = 10, .ofs_x = 1, .ofs_y = 3},
    {.bitmap_index = 16665, .adv_w = 347, .box_w = 21, .box_h = 21, .ofs_x = 0, .ofs_y = 0},
    {.bitmap_index = 16886, .adv_w = 269, .box_w = 12, .box_h = 3, .ofs_x = 2, .ofs_y = 18},
    {.bitmap_index = 16904, .adv_w = 187, .box_w = 11, .box_h = 10, .ofs_x = 0, .ofs_y = 10},
    {.bitmap_index = 16959, .adv_w = 273, .box_w = 15, .box_h = 20, .ofs_x = 1, .ofs_y = 0},
    {.bitmap_index = 17109, .adv_w = 193, .box_w = 12, .box_h = 12, .ofs_x = 0, .ofs_y = 9},
    {.bitmap_index = 17181, .adv_w = 193, .box_w = 12, .box_h = 12, .ofs_x = 0, .ofs_y = 9},
    {.bitmap_index = 17253, .adv_w = 269, .box_w = 10, .box_h = 5, .ofs_x = 5, .ofs_y = 18},
    {.bitmap_index = 17278, .adv_w = 311, .box_w = 17, .box_h = 22, .ofs_x = 1, .ofs_y = -6},
    {.bitmap_index = 17465, .adv_w = 317, .box_w = 18, .box_h = 25, .ofs_x = 0, .ofs_y = -3},
    {.bitmap_index = 17690, .adv_w = 145, .box_w = 7, .box_h = 7, .ofs_x = 1, .ofs_y = 5},
    {.bitmap_index = 17715, .adv_w = 269, .box_w = 8, .box_h = 8, .ofs_x = 4, .ofs_y = -7},
    {.bitmap_index = 17747, .adv_w = 193, .box_w = 10, .box_h = 12, .ofs_x = 1, .ofs_y = 9},
    {.bitmap_index = 17807, .adv_w = 194, .box_w = 12, .box_h = 9, .ofs_x = 0, .ofs_y = 12},
    {.bitmap_index = 17861, .adv_w = 271, .box_w = 17, .box_h = 12, .ofs_x = 0, .ofs_y = 2},
    {.bitmap_index = 17963, .adv_w = 470, .box_w = 28, .box_h = 20, .ofs_x = 1, .ofs_y = 0},
    {.bitmap_index = 18243, .adv_w = 470, .box_w = 28, .box_h = 20, .ofs_x = 1, .ofs_y = 0},
    {.bitmap_index = 18523, .adv_w = 470, .box_w = 29, .box_h = 20, .ofs_x = 0, .ofs_y = 0},
    {.bitmap_index = 18813, .adv_w = 267, .box_w = 16, .box_h = 21, .ofs_x = 1, .ofs_y = -5},
    {.bitmap_index = 18981, .adv_w = 352, .box_w = 24, .box_h = 27, .ofs_x = -1, .ofs_y = 0},
    {.bitmap_index = 19305, .adv_w = 352, .box_w = 24, .box_h = 27, .ofs_x = -1, .ofs_y = 0},
    {.bitmap_index = 19629, .adv_w = 352, .box_w = 24, .box_h = 27, .ofs_x = -1, .ofs_y = 0},
    {.bitmap_index = 19953, .adv_w = 352, .box_w = 24, .box_h = 27, .ofs_x = -1, .ofs_y = 0},
    {.bitmap_index = 20277, .adv_w = 352, .box_w = 24, .box_h = 27, .ofs_x = -1, .ofs_y = 0},
    {.bitmap_index = 20601, .adv_w = 352, .box_w = 24, .box_h = 29, .ofs_x = -1, .ofs_y = 0},
    {.bitmap_index = 20949, .adv_w = 492, .box_w = 31, .box_h = 20, .ofs_x = -1, .ofs_y = 0},
    {.bitmap_index = 21259, .adv_w = 327, .box_w = 21, .box_h = 27, .ofs_x = 0, .ofs_y = -7},
    {.bitmap_index = 21543, .adv_w = 301, .box_w = 17, .box_h = 27, .ofs_x = 1, .ofs_y = 0},
    {.bitmap_index = 21773, .adv_w = 301, .box_w = 17, .box_h = 27, .ofs_x = 1, .ofs_y = 0},
    {.bitmap_index = 22003, .adv_w = 301, .box_w = 17, .box_h = 27, .ofs_x = 1, .ofs_y = 0},
    {.bitmap_index = 22233, .adv_w = 301, .box_w = 17, .box_h = 27, .ofs_x = 1, .ofs_y = 0},
    {.bitmap_index = 22463, .adv_w = 152, .box_w = 10, .box_h = 27, .ofs_x = -2, .ofs_y = 0},
    {.bitmap_index = 22598, .adv_w = 152, .box_w = 11, .box_h = 27, .ofs_x = 1, .ofs_y = 0},
    {.bitmap_index = 22747, .adv_w = 152, .box_w = 13, .box_h = 27, .ofs_x = -2, .ofs_y = 0},
    {.bitmap_index = 22923, .adv_w = 152, .box_w = 11, .box_h = 27, .ofs_x = -1, .ofs_y = 0},
    {.bitmap_index = 23072, .adv_w = 378, .box_w = 24, .box_h = 20, .ofs_x = -1, .ofs_y = 0},
    {.bitmap_index = 23312, .adv_w = 361, .box_w = 20, .box_h = 27, .ofs_x = 1, .ofs_y = 0},
    {.bitmap_index = 23582, .adv_w = 379, .box_w = 23, .box_h = 27, .ofs_x = 0, .ofs_y = 0},
    {.bitmap_index = 23893, .adv_w = 379, .box_w = 23, .box_h = 27, .ofs_x = 0, .ofs_y = 0},
    {.bitmap_index = 24204, .adv_w = 379, .box_w = 23, .box_h = 27, .ofs_x = 0, .ofs_y = 0},
    {.bitmap_index = 24515, .adv_w = 379, .box_w = 23, .box_h = 28, .ofs_x = 0, .ofs_y = 0},
    {.bitmap_index = 24837, .adv_w = 379, .box_w = 23, .box_h = 27, .ofs_x = 0, .ofs_y = 0},
    {.bitmap_index = 25148, .adv_w = 273, .box_w = 13, .box_h = 14, .ofs_x = 2, .ofs_y = 3},
    {.bitmap_index = 25239, .adv_w = 379, .box_w = 23, .box_h = 25, .ofs_x = 0, .ofs_y = -2},
    {.bitmap_index = 25527, .adv_w = 352, .box_w = 20, .box_h = 27, .ofs_x = 1, .ofs_y = 0},
    {.bitmap_index = 25797, .adv_w = 352, .box_w = 20, .box_h = 27, .ofs_x = 1, .ofs_y = 0},
    {.bitmap_index = 26067, .adv_w = 352, .box_w = 20, .box_h = 27, .ofs_x = 1, .ofs_y = 0},
    {.bitmap_index = 26337, .adv_w = 352, .box_w = 20, .box_h = 27, .ofs_x = 1, .ofs_y = 0},
    {.bitmap_index = 26607, .adv_w = 310, .box_w = 21, .box_h = 27, .ofs_x = -1, .ofs_y = 0},
    {.bitmap_index = 26891, .adv_w = 330, .box_w = 19, .box_h = 20, .ofs_x = 1, .ofs_y = 0},
    {.bitmap_index = 27081, .adv_w = 315, .box_w = 18, .box_h = 22, .ofs_x = 1, .ofs_y = 0},
    {.bitmap_index = 27279, .adv_w = 281, .box_w = 16, .box_h = 23, .ofs_x = 0, .ofs_y = 0},
    {.bitmap_index = 27463, .adv_w = 281, .box_w = 16, .box_h = 23, .ofs_x = 0, .ofs_y = 0},
    {.bitmap_index = 27647, .adv_w = 281, .box_w = 16, .box_h = 23, .ofs_x = 0, .ofs_y = 0},
    {.bitmap_index = 27831, .adv_w = 281, .box_w = 16, .box_h = 23, .ofs_x = 0, .ofs_y = 0},
    {.bitmap_index = 28015, .adv_w = 281, .box_w = 16, .box_h = 23, .ofs_x = 0, .ofs_y = 0},
    {.bitmap_index = 28199, .adv_w = 281, .box_w = 16, .box_h = 25, .ofs_x = 0, .ofs_y = 0},
    {.bitmap_index = 28399, .adv_w = 448, .box_w = 28, .box_h = 16, .ofs_x = 0, .ofs_y = 0},
    {.bitmap_index = 28623, .adv_w = 270, .box_w = 17, .box_h = 23, .ofs_x = 0, .ofs_y = -7},
    {.bitmap_index = 28819, .adv_w = 288, .box_w = 18, .box_h = 23, .ofs_x = 0, .ofs_y = 0},
    {.bitmap_index = 29026, .adv_w = 288, .box_w = 18, .box_h = 23, .ofs_x = 0, .ofs_y = 0},
    {.bitmap_index = 29233, .adv_w = 288, .box_w = 18, .box_h = 23, .ofs_x = 0, .ofs_y = 0},
    {.bitmap_index = 29440, .adv_w = 288, .box_w = 18, .box_h = 23, .ofs_x = 0, .ofs_y = 0},
    {.bitmap_index = 29647, .adv_w = 140, .box_w = 10, .box_h = 22, .ofs_x = -2, .ofs_y = 0},
    {.bitmap_index = 29757, .adv_w = 140, .box_w = 10, .box_h = 22, .ofs_x = 1, .ofs_y = 0},
    {.bitmap_index = 29867, .adv_w = 140, .box_w = 11, .box_h = 22, .ofs_x = -1, .ofs_y = 0},
    {.bitmap_index = 29988, .adv_w = 140, .box_w = 10, .box_h = 22, .ofs_x = -1, .ofs_y = 0},
    {.bitmap_index = 30098, .adv_w = 279, .box_w = 17, .box_h = 22, .ofs_x = 0, .ofs_y = 0},
    {.bitmap_index = 30285, .adv_w = 312, .box_w = 17, .box_h = 23, .ofs_x = 1, .ofs_y = 0},
    {.bitmap_index = 30481, .adv_w = 298, .box_w = 18, .box_h = 23, .ofs_x = 0, .ofs_y = 0},
    {.bitmap_index = 30688, .adv_w = 298, .box_w = 18, .box_h = 23, .ofs_x = 0, .ofs_y = 0},
    {.bitmap_index = 30895, .adv_w = 298, .box_w = 18, .box_h = 23, .ofs_x = 0, .ofs_y = 0},
    {.bitmap_index = 31102, .adv_w = 298, .box_w = 18, .box_h = 23, .ofs_x = 0, .ofs_y = 0},
    {.bitmap_index = 31309, .adv_w = 298, .box_w = 18, .box_h = 23, .ofs_x = 0, .ofs_y = 0},
    {.bitmap_index = 31516, .adv_w = 273, .box_w = 15, .box_h = 18, .ofs_x = 1, .ofs_y = 1},
    {.bitmap_index = 31651, .adv_w = 298, .box_w = 18, .box_h = 20, .ofs_x = 0, .ofs_y = -2},
    {.bitmap_index = 31831, .adv_w = 310, .box_w = 17, .box_h = 23, .ofs_x = 1, .ofs_y = 0},
    {.bitmap_index = 32027, .adv_w = 310, .box_w = 17, .box_h = 23, .ofs_x = 1, .ofs_y = 0},
    {.bitmap_index = 32223, .adv_w = 310, .box_w = 17, .box_h = 23, .ofs_x = 1, .ofs_y = 0},
    {.bitmap_index = 32419, .adv_w = 310, .box_w = 17, .box_h = 23, .ofs_x = 1, .ofs_y = 0},
    {.bitmap_index = 32615, .adv_w = 278, .box_w = 19, .box_h = 28, .ofs_x = -1, .ofs_y = -6},
    {.bitmap_index = 32881, .adv_w = 311, .box_w = 18, .box_h = 28, .ofs_x = 1, .ofs_y = -6},
    {.bitmap_index = 33133, .adv_w = 278, .box_w = 19, .box_h = 28, .ofs_x = -1, .ofs_y = -6},
    {.bitmap_index = 33399, .adv_w = 352, .box_w = 24, .box_h = 26, .ofs_x = -1, .ofs_y = 0},
    {.bitmap_index = 33711, .adv_w = 281, .box_w = 16, .box_h = 22, .ofs_x = 0, .ofs_y = 0},
    {.bitmap_index = 33887, .adv_w = 352, .box_w = 24, .box_h = 27, .ofs_x = -1, .ofs_y = 0},
    {.bitmap_index = 34211, .adv_w = 281, .box_w = 16, .box_h = 23, .ofs_x = 0, .ofs_y = 0},
    {.bitmap_index = 34395, .adv_w = 352, .box_w = 25, .box_h = 27, .ofs_x = -1, .ofs_y = -7},
    {.bitmap_index = 34733, .adv_w = 281, .box_w = 17, .box_h = 23, .ofs_x = 0, .ofs_y = -7},
    {.bitmap_index = 34929, .adv_w = 327, .box_w = 21, .box_h = 27, .ofs_x = 0, .ofs_y = 0},
    {.bitmap_index = 35213, .adv_w = 270, .box_w = 17, .box_h = 23, .ofs_x = 0, .ofs_y = 0},
    {.bitmap_index = 35409, .adv_w = 327, .box_w = 21, .box_h = 27, .ofs_x = 0, .ofs_y = 0},
    {.bitmap_index = 35693, .adv_w = 270, .box_w = 17, .box_h = 23, .ofs_x = 0, .ofs_y = 0},
    {.bitmap_index = 35889, .adv_w = 327, .box_w = 21, .box_h = 28, .ofs_x = 0, .ofs_y = 0},
    {.bitmap_index = 36183, .adv_w = 270, .box_w = 17, .box_h = 24, .ofs_x = 0, .ofs_y = 0},
    {.bitmap_index = 36387, .adv_w = 327, .box_w = 21, .box_h = 27, .ofs_x = 0, .ofs_y = 0},
    {.bitmap_index = 36671, .adv_w = 270, .box_w = 17, .box_h = 23, .ofs_x = 0, .ofs_y = 0},
    {.bitmap_index = 36867, .adv_w = 370, .box_w = 22, .box_h = 27, .ofs_x = 1, .ofs_y = 0},
    {.bitmap_index = 37164, .adv_w = 313, .box_w = 24, .box_h = 23, .ofs_x = 0, .ofs_y = 0},
    {.bitmap_index = 37440, .adv_w = 378, .box_w = 24, .box_h = 20, .ofs_x = -1, .ofs_y = 0},
    {.bitmap_index = 37680, .adv_w = 313, .box_w = 20, .box_h = 22, .ofs_x = 0, .ofs_y = 0},
    {.bitmap_index = 37900, .adv_w = 301, .box_w = 17, .box_h = 26, .ofs_x = 1, .ofs_y = 0},
    {.bitmap_index = 38121, .adv_w = 288, .box_w = 18, .box_h = 22, .ofs_x = 0, .ofs_y = 0},
    {.bitmap_index = 38319, .adv_w = 301, .box_w = 17, .box_h = 27, .ofs_x = 1, .ofs_y = 0},
    {.bitmap_index = 38549, .adv_w = 288, .box_w = 18, .box_h = 23, .ofs_x = 0, .ofs_y = 0},
    {.bitmap_index = 38756, .adv_w = 301, .box_w = 17, .box_h = 28, .ofs_x = 1, .ofs_y = 0},
    {.bitmap_index = 38994, .adv_w = 288, .box_w = 18, .box_h = 24, .ofs_x = 0, .ofs_y = 0},
    {.bitmap_index = 39210, .adv_w = 301, .box_w = 18, .box_h = 27, .ofs_x = 1, .ofs_y = -7},
    {.bitmap_index = 39453, .adv_w = 288, .box_w = 18, .box_h = 23, .ofs_x = 0, .ofs_y = -7},
    {.bitmap_index = 39660, .adv_w = 301, .box_w = 17, .box_h = 27, .ofs_x = 1, .ofs_y = 0},
    {.bitmap_index = 39890, .adv_w = 288, .box_w = 18, .box_h = 23, .ofs_x = 0, .ofs_y = 0},
    {.bitmap_index = 40097, .adv_w = 345, .box_w = 21, .box_h = 27, .ofs_x = 0, .ofs_y = 0},
    {.bitmap_index = 40381, .adv_w = 316, .box_w = 19, .box_h = 28, .ofs_x = 0, .ofs_y = -6},
    {.bitmap_index = 40647, .adv_w = 345, .box_w = 21, .box_h = 27, .ofs_x = 0, .ofs_y = 0},
    {.bitmap_index = 40931, .adv_w = 316, .box_w = 19, .box_h = 28, .ofs_x = 0, .ofs_y = -6},
    {.bitmap_index = 41197, .adv_w = 345, .box_w = 21, .box_h = 28, .ofs_x = 0, .ofs_y = 0},
    {.bitmap_index = 41491, .adv_w = 316, .box_w = 19, .box_h = 29, .ofs_x = 0, .ofs_y = -6},
    {.bitmap_index = 41767, .adv_w = 345, .box_w = 21, .box_h = 27, .ofs_x = 0, .ofs_y = -7},
    {.bitmap_index = 42051, .adv_w = 316, .box_w = 19, .box_h = 30, .ofs_x = 0, .ofs_y = -6},
    {.bitmap_index = 42336, .adv_w = 361, .box_w = 20, .box_h = 27, .ofs_x = 1, .ofs_y = 0},
    {.bitmap_index = 42606, .adv_w = 312, .box_w = 20, .box_h = 28, .ofs_x = -2, .ofs_y = 0},
    {.bitmap_index = 42886, .adv_w = 376, .box_w = 24, .box_h = 20, .ofs_x = 0, .ofs_y = 0},
    {.bitmap_index = 43126, .adv_w = 317, .box_w = 20, .box_h = 22, .ofs_x = -1, .ofs_y = 0},
    {.bitmap_index = 43346, .adv_w = 152, .box_w = 11, .box_h = 27, .ofs_x = -1, .ofs_y = 0},
    {.bitmap_index = 43495, .adv_w = 140, .box_w = 11, .box_h = 22, .ofs_x = -1, .ofs_y = 0},
    {.bitmap_index = 43616, .adv_w = 152, .box_w = 10, .box_h = 26, .ofs_x = 0, .ofs_y = 0},
    {.bitmap_index = 43746, .adv_w = 140, .box_w = 10, .box_h = 21, .ofs_x = -1, .ofs_y = 0},
    {.bitmap_index = 43851, .adv_w = 152, .box_w = 12, .box_h = 27, .ofs_x = -1, .ofs_y = 0},
    {.bitmap_index = 44013, .adv_w = 140, .box_w = 11, .box_h = 22, .ofs_x = -1, .ofs_y = 0},
    {.bitmap_index = 44134, .adv_w = 152, .box_w = 8, .box_h = 27, .ofs_x = 1, .ofs_y = -7},
    {.bitmap_index = 44242, .adv_w = 140, .box_w = 7, .box_h = 30, .ofs_x = 1, .ofs_y = -7},
    {.bitmap_index = 44347, .adv_w = 152, .box_w = 7, .box_h = 28, .ofs_x = 1, .ofs_y = 0},
    {.bitmap_index = 44445, .adv_w = 140, .box_w = 7, .box_h = 16, .ofs_x = 1, .ofs_y = 0},
    {.bitmap_index = 44501, .adv_w = 326, .box_w = 18, .box_h = 20, .ofs_x = 1, .ofs_y = 0},
    {.bitmap_index = 44681, .adv_w = 284, .box_w = 16, .box_h = 29, .ofs_x = 1, .ofs_y = -6},
    {.bitmap_index = 44913, .adv_w = 250, .box_w = 15, .box_h = 27, .ofs_x = -1, .ofs_y = 0},
    {.bitmap_index = 45116, .adv_w = 143, .box_w = 13, .box_h = 28, .ofs_x = -3, .ofs_y = -6},
    {.bitmap_index = 45298, .adv_w = 337, .box_w = 21, .box_h = 28, .ofs_x = 1, .ofs_y = -8},
    {.bitmap_index = 45592, .adv_w = 303, .box_w = 19, .box_h = 30, .ofs_x = 1, .ofs_y = -8},
    {.bitmap_index = 45877, .adv_w = 303, .box_w = 19, .box_h = 16, .ofs_x = 1, .ofs_y = 0},
    {.bitmap_index = 46029, .adv_w = 273, .box_w = 16, .box_h = 27, .ofs_x = 1, .ofs_y = 0},
    {.bitmap_index = 46245, .adv_w = 140, .box_w = 10, .box_h = 28, .ofs_x = 1, .ofs_y = 0},
    {.bitmap_index = 46385, .adv_w = 273, .box_w = 16, .box_h = 28, .ofs_x = 1, .ofs_y = -8},
    {.bitmap_index = 46609, .adv_w = 140, .box_w = 7, .box_h = 30, .ofs_x = 1, .ofs_y = -8},
    {.bitmap_index = 46714, .adv_w = 273, .box_w = 16, .box_h = 22, .ofs_x = 1, .ofs_y = 0},
    {.bitmap_index = 46890, .adv_w = 140, .box_w = 12, .box_h = 23, .ofs_x = 1, .ofs_y = 0},
    {.bitmap_index = 47028, .adv_w = 273, .box_w = 16, .box_h = 20, .ofs_x = 1, .ofs_y = 0},
    {.bitmap_index = 47188, .adv_w = 220, .box_w = 13, .box_h = 22, .ofs_x = 1, .ofs_y = 0},
    {.bitmap_index = 47331, .adv_w = 281, .box_w = 19, .box_h = 20, .ofs_x = -1, .ofs_y = 0},
    {.bitmap_index = 47521, .adv_w = 155, .box_w = 13, .box_h = 22, .ofs_x = -2, .ofs_y = 0},
    {.bitmap_index = 47664, .adv_w = 361, .box_w = 20, .box_h = 27, .ofs_x = 1, .ofs_y = 0},
    {.bitmap_index = 47934, .adv_w = 312, .box_w = 17, .box_h = 22, .ofs_x = 1, .ofs_y = 0},
    {.bitmap_index = 48121, .adv_w = 361, .box_w = 20, .box_h = 28, .ofs_x = 1, .ofs_y = -8},
    {.bitmap_index = 48401, .adv_w = 312, .box_w = 17, .box_h = 24, .ofs_x = 1, .ofs_y = -8},
    {.bitmap_index = 48605, .adv_w = 361, .box_w = 20, .box_h = 27, .ofs_x = 1, .ofs_y = 0},
    {.bitmap_index = 48875, .adv_w = 312, .box_w = 17, .box_h = 22, .ofs_x = 1, .ofs_y = 0},
    {.bitmap_index = 49062, .adv_w = 375, .box_w = 23, .box_h = 22, .ofs_x = -1, .ofs_y = 0},
    {.bitmap_index = 49315, .adv_w = 361, .box_w = 20, .box_h = 26, .ofs_x = 1, .ofs_y = -6},
    {.bitmap_index = 49575, .adv_w = 312, .box_w = 17, .box_h = 22, .ofs_x = 1, .ofs_y = -6},
    {.bitmap_index = 49762, .adv_w = 379, .box_w = 23, .box_h = 26, .ofs_x = 0, .ofs_y = 0},
    {.bitmap_index = 50061, .adv_w = 298, .box_w = 18, .box_h = 22, .ofs_x = 0, .ofs_y = 0},
    {.bitmap_index = 50259, .adv_w = 379, .box_w = 23, .box_h = 27, .ofs_x = 0, .ofs_y = 0},
    {.bitmap_index = 50570, .adv_w = 298, .box_w = 18, .box_h = 23, .ofs_x = 0, .ofs_y = 0},
    {.bitmap_index = 50777, .adv_w = 379, .box_w = 23, .box_h = 27, .ofs_x = 0, .ofs_y = 0},
    {.bitmap_index = 51088, .adv_w = 298, .box_w = 18, .box_h = 23, .ofs_x = 0, .ofs_y = 0},
    {.bitmap_index = 51295, .adv_w = 512, .box_w = 31, .box_h = 20, .ofs_x = 0, .ofs_y = 0},
    {.bitmap_index = 51605, .adv_w = 476, .box_w = 30, .box_h = 16, .ofs_x = 0, .ofs_y = 0},
    {.bitmap_index = 51845, .adv_w = 332, .box_w = 20, .box_h = 27, .ofs_x = 1, .ofs_y = 0},
    {.bitmap_index = 52115, .adv_w = 198, .box_w = 13, .box_h = 22, .ofs_x = 1, .ofs_y = 0},
    {.bitmap_index = 52258, .adv_w = 332, .box_w = 20, .box_h = 28, .ofs_x = 1, .ofs_y = -8},
    {.bitmap_index = 52538, .adv_w = 198, .box_w = 11, .box_h = 24, .ofs_x = 1, .ofs_y = -8},
    {.bitmap_index = 52670, .adv_w = 332, .box_w = 20, .box_h = 27, .ofs_x = 1, .ofs_y = 0},
    {.bitmap_index = 52940, .adv_w = 198, .box_w = 13, .box_h = 22, .ofs_x = 0, .ofs_y = 0},
    {.bitmap_index = 53083, .adv_w = 290, .box_w = 18, .box_h = 27, .ofs_x = 0, .ofs_y = 0},
    {.bitmap_index = 53326, .adv_w = 245, .box_w = 15, .box_h = 23, .ofs_x = 0, .ofs_y = 0},
    {.bitmap_index = 53499, .adv_w = 290, .box_w = 18, .box_h = 27, .ofs_x = 0, .ofs_y = 0},
    {.bitmap_index = 53742, .adv_w = 245, .box_w = 15, .box_h = 23, .ofs_x = 0, .ofs_y = 0},
    {.bitmap_index = 53915, .adv_w = 290, .box_w = 18, .box_h = 27, .ofs_x = 0, .ofs_y = -7},
    {.bitmap_index = 54158, .adv_w = 245, .box_w = 15, .box_h = 23, .ofs_x = 0, .ofs_y = -7},
    {.bitmap_index = 54331, .adv_w = 290, .box_w = 18, .box_h = 27, .ofs_x = 0, .ofs_y = 0},
    {.bitmap_index = 54574, .adv_w = 245, .box_w = 15, .box_h = 23, .ofs_x = 0, .ofs_y = 0},
    {.bitmap_index = 54747, .adv_w = 284, .box_w = 18, .box_h = 27, .ofs_x = 0, .ofs_y = -7},
    {.bitmap_index = 54990, .adv_w = 200, .box_w = 13, .box_h = 27, .ofs_x = 0, .ofs_y = -7},
    {.bitmap_index = 55166, .adv_w = 284, .box_w = 18, .box_h = 27, .ofs_x = 0, .ofs_y = 0},
    {.bitmap_index = 55409, .adv_w = 200, .box_w = 13, .box_h = 23, .ofs_x = 0, .ofs_y = 0},
    {.bitmap_index = 55559, .adv_w = 284, .box_w = 18, .box_h = 20, .ofs_x = 0, .ofs_y = 0},
    {.bitmap_index = 55739, .adv_w = 204, .box_w = 13, .box_h = 20, .ofs_x = 0, .ofs_y = 0},
    {.bitmap_index = 55869, .adv_w = 352, .box_w = 20, .box_h = 28, .ofs_x = 1, .ofs_y = 0},
    {.bitmap_index = 56149, .adv_w = 310, .box_w = 17, .box_h = 23, .ofs_x = 1, .ofs_y = 0},
    {.bitmap_index = 56345, .adv_w = 352, .box_w = 20, .box_h = 26, .ofs_x = 1, .ofs_y = 0},
    {.bitmap_index = 56605, .adv_w = 310, .box_w = 17, .box_h = 22, .ofs_x = 1, .ofs_y = 0},
    {.bitmap_index = 56792, .adv_w = 352, .box_w = 20, .box_h = 27, .ofs_x = 1, .ofs_y = 0},
    {.bitmap_index = 57062, .adv_w = 310, .box_w = 17, .box_h = 23, .ofs_x = 1, .ofs_y = 0},
    {.bitmap_index = 57258, .adv_w = 352, .box_w = 20, .box_h = 30, .ofs_x = 1, .ofs_y = 0},
    {.bitmap_index = 57558, .adv_w = 310, .box_w = 17, .box_h = 25, .ofs_x = 1, .ofs_y = 0},
    {.bitmap_index = 57771, .adv_w = 352, .box_w = 20, .box_h = 27, .ofs_x = 1, .ofs_y = 0},
    {.bitmap_index = 58041, .adv_w = 310, .box_w = 17, .box_h = 23, .ofs_x = 1, .ofs_y = 0},
    {.bitmap_index = 58237, .adv_w = 352, .box_w = 20, .box_h = 27, .ofs_x = 1, .ofs_y = -7},
    {.bitmap_index = 58507, .adv_w = 310, .box_w = 18, .box_h = 23, .ofs_x = 1, .ofs_y = -7},
    {.bitmap_index = 58714, .adv_w = 530, .box_w = 33, .box_h = 27, .ofs_x = 0, .ofs_y = 0},
    {.bitmap_index = 59160, .adv_w = 428, .box_w = 28, .box_h = 22, .ofs_x = -1, .ofs_y = 0},
    {.bitmap_index = 59468, .adv_w = 310, .box_w = 21, .box_h = 27, .ofs_x = -1, .ofs_y = 0},
    {.bitmap_index = 59752, .adv_w = 278, .box_w = 19, .box_h = 28, .ofs_x = -1, .ofs_y = -6},
    {.bitmap_index = 60018, .adv_w = 310, .box_w = 21, .box_h = 27, .ofs_x = -1, .ofs_y = 0},
    {.bitmap_index = 60302, .adv_w = 304, .box_w = 19, .box_h = 27, .ofs_x = 0, .ofs_y = 0},
    {.bitmap_index = 60559, .adv_w = 249, .box_w = 15, .box_h = 22, .ofs_x = 0, .ofs_y = 0},
    {.bitmap_index = 60724, .adv_w = 304, .box_w = 19, .box_h = 28, .ofs_x = 0, .ofs_y = 0},
    {.bitmap_index = 60990, .adv_w = 249, .box_w = 15, .box_h = 23, .ofs_x = 0, .ofs_y = 0},
    {.bitmap_index = 61163, .adv_w = 304, .box_w = 19, .box_h = 27, .ofs_x = 0, .ofs_y = 0},
    {.bitmap_index = 61420, .adv_w = 249, .box_w = 15, .box_h = 22, .ofs_x = 0, .ofs_y = 0},
    {.bitmap_index = 61585, .adv_w = 161, .box_w = 13, .box_h = 22, .ofs_x = 0, .ofs_y = 0},
    {.bitmap_index = 61728, .adv_w = 384, .box_w = 24, .box_h = 7, .ofs_x = 0, .ofs_y = 0}
};

/*---------------------
 *  CHARACTER MAPPING
 *--------------------*/



/*Collect the unicode lists and glyph_id offsets*/
static const lv_font_fmt_txt_cmap_t cmaps[] =
{
    {
        .range_start = 32, .range_length = 95, .glyph_id_start = 1,
        .unicode_list = NULL, .glyph_id_ofs_list = NULL, .list_length = 0, .type = LV_FONT_FMT_TXT_CMAP_FORMAT0_TINY
    },
    {
        .range_start = 160, .range_length = 13, .glyph_id_start = 96,
        .unicode_list = NULL, .glyph_id_ofs_list = NULL, .list_length = 0, .type = LV_FONT_FMT_TXT_CMAP_FORMAT0_TINY
    },
    {
        .range_start = 174, .range_length = 210, .glyph_id_start = 109,
        .unicode_list = NULL, .glyph_id_ofs_list = NULL, .list_length = 0, .type = LV_FONT_FMT_TXT_CMAP_FORMAT0_TINY
    },
    {
        .range_start = 8230, .range_length = 1, .glyph_id_start = 319,
        .unicode_list = NULL, .glyph_id_ofs_list = NULL, .list_length = 0, .type = LV_FONT_FMT_TXT_CMAP_FORMAT0_TINY
    }
};

/*-----------------
 *    KERNING
 *----------------*/


/*Map glyph_ids to kern left classes*/
static const uint8_t kern_left_class_mapping[] =
{
    0, 0, 1, 2, 0, 3, 4, 5,
    2, 6, 0, 7, 8, 9, 8, 9,
    10, 11, 0, 12, 13, 14, 15, 16,
    17, 18, 11, 19, 19, 0, 0, 0,
    20, 21, 0, 0, 0, 0, 0, 0,
    0, 0, 0, 0, 0, 0, 0, 0,
    0, 0, 0, 0, 0, 0, 0, 0,
    0, 0, 0, 0, 22, 23, 0, 0,
    24, 0, 0, 0, 0, 0, 0, 0,
    0, 0, 0, 0, 0, 0, 0, 0,
    0, 0, 0, 0, 0, 0, 0, 0,
    0, 0, 0, 0, 22, 0, 0, 8,
    0, 25, 26, 27, 28, 29, 0, 30,
    0, 21, 0, 31, 0, 21, 0, 32,
    8, 0, 0, 0, 33, 0, 8, 0,
    0, 0, 8, 0, 0, 0, 34, 0,
    0, 0, 0, 0, 0, 0, 0, 0,
    0, 0, 0, 0, 0, 0, 0, 0,
    0, 0, 0, 0, 0, 0, 0, 0,
    0, 0, 0, 0, 0, 0, 0, 0,
    0, 0, 0, 0, 0, 0, 0, 0,
    0, 0, 0, 0, 0, 0, 0, 0,
    0, 0, 0, 0, 0, 0, 8, 0,
    0, 0, 0, 0, 0, 0, 0, 0,
    0, 0, 0, 0, 0, 0, 0, 0,
    0, 0, 0, 0, 0, 0, 0, 0,
    0, 0, 0, 0, 0, 0, 0, 0,
    0, 0, 0, 0, 0, 0, 0, 0,
    0, 0, 0, 0, 0, 0, 0, 0,
    0, 0, 0, 0, 0, 0, 0, 0,
    0, 0, 0, 0, 0, 0, 0, 0,
    0, 0, 0, 0, 0, 0, 0, 0,
    0, 0, 0, 0, 0, 0, 0, 0,
    0, 0, 0, 0, 0, 0, 0, 0,
    0, 0, 0, 0, 0, 0, 0, 0,
    0, 0, 0, 0, 0, 0, 0, 0,
    0, 0, 0, 0, 0, 0, 0, 0,
    0, 0, 0, 0, 0, 0, 0, 0,
    0, 0, 0, 0, 0, 0, 0, 0,
    0, 0, 0, 0, 0, 0, 0, 9
};

/*Map glyph_ids to kern right classes*/
static const uint8_t kern_right_class_mapping[] =
{
    0, 0, 1, 2, 0, 3, 4, 5,
    2, 0, 6, 7, 8, 9, 8, 9,
    10, 11, 12, 13, 14, 15, 16, 11,
    17, 18, 19, 20, 20, 0, 0, 0,
    21, 22, 0, 0, 0, 0, 0, 0,
    0, 0, 0, 0, 0, 0, 0, 0,
    0, 0, 0, 0, 0, 0, 0, 0,
    0, 0, 0, 0, 23, 24, 25, 0,
    26, 0, 0, 0, 0, 0, 0, 0,
    0, 0, 0, 0, 0, 0, 0, 0,
    0, 0, 0, 0, 0, 0, 0, 0,
    0, 0, 0, 0, 0, 0, 25, 8,
    0, 27, 28, 29, 30, 31, 0, 32,
    0, 22, 0, 8, 8, 22, 0, 33,
    8, 0, 0, 0, 34, 35, 8, 0,
    0, 0, 36, 0, 0, 0, 37, 0,
    0, 0, 0, 0, 0, 0, 0, 0,
    0, 0, 0, 0, 0, 0, 0, 0,
    0, 0, 0, 0, 0, 0, 0, 0,
    0, 0, 0, 0, 0, 0, 0, 0,
    0, 0, 0, 0, 0, 0, 0, 0,
    0, 0, 0, 0, 0, 0, 0, 0,
    0, 0, 0, 0, 0, 0, 8, 0,
    0, 0, 0, 0, 0, 0, 0, 0,
    0, 0, 0, 0, 0, 0, 0, 0,
    0, 0, 0, 0, 0, 0, 0, 0,
    0, 0, 0, 0, 0, 0, 0, 0,
    0, 0, 0, 0, 0, 0, 0, 0,
    0, 0, 0, 0, 0, 0, 0, 0,
    0, 0, 0, 0, 0, 0, 0, 0,
    0, 0, 0, 0, 0, 0, 0, 0,
    0, 0, 0, 0, 0, 0, 0, 0,
    0, 0, 0, 0, 0, 0, 0, 0,
    0, 0, 0, 0, 0, 0, 0, 0,
    0, 0, 0, 0, 0, 0, 0, 0,
    0, 0, 0, 0, 0, 0, 0, 0,
    0, 0, 0, 0, 0, 0, 0, 0,
    0, 0, 0, 0, 0, 0, 0, 0,
    0, 0, 0, 0, 0, 0, 0, 0,
    0, 0, 0, 0, 0, 0, 0, 9
};

/*Kern values between classes*/
static const int8_t kern_class_values[] =
{
    0, 3, 0, 0, 0, 0, 4, 0,
    3, 0, 0, 4, 0, 0, 0, 0,
    1, 0, 0, 0, 0, 0, 0, 0,
    3, 0, 0, 0, 0, 0, 11, 0,
    0, 0, 0, 0, 0, 3, 20, 0,
    10, -6, 0, 9, 0, -25, -27, 1,
    19, 6, 5, -18, 1, 16, 0, 15,
    4, 10, -7, 0, 27, 8, -1, 0,
    -7, 0, -9, 9, 0, 9, 0, 12,
    0, -10, 0, -13, 0, 0, 0, 0,
    -9, 5, 9, 0, 0, -4, 0, -1,
    4, 0, -4, 0, -4, -2, -9, 0,
    0, -4, 0, -9, -1, 0, 0, 0,
    0, 0, -7, 0, 0, 0, -4, 0,
    -10, 0, -57, 0, -9, -22, 9, 13,
    0, 0, -9, 4, 4, 14, 9, -5,
    9, 0, 0, -23, 0, 0, -14, 0,
    0, 0, 13, 0, 0, 0, 0, -10,
    0, 0, 0, 0, -6, -16, 0, -18,
    -1, 0, -13, 0, -3, 11, 0, -13,
    -8, -3, 3, 0, -5, 0, 0, -4,
    -27, 0, 0, -36, -8, 5, -4, 0,
    0, 0, 0, 0, -25, 0, -28, 0,
    -3, 0, 0, 0, 0, 0, 0, 0,
    0, 0, 17, 0, 4, 0, 0, -9,
    0, 0, 0, 0, 0, 0, 0, 0,
    21, 8, 3, 0, 0, 0, 0, 15,
    0, 0, 0, 0, 0, 0, 4, 9,
    4, 13, -4, 0, 9, -4, -17, -57,
    1, 10, 9, -1, -5, 0, 8, 0,
    10, 0, 10, 0, 0, 0, 3, -4,
    0, -5, 0, 1, 0, 0, 13, 0,
    14, 8, -33, 0, 0, -5, -14, 0,
    0, -4, 3, -4, 0, 1, -10, -8,
    -9, 1, 0, -4, 0, 0, 0, -18,
    1, 0, -29, 0, 0, 0, 4, 0,
    1, -13, 4, 0, 0, -37, -4, 0,
    3, -25, 4, -30, 0, 0, -17, -4,
    0, 38, -6, -8, 4, 4, 2, 0,
    -8, 4, 0, 0, -26, -9, 0, -41,
    0, 4, 3, -1, 0, -4, -13, 0,
    -30, 0, -68, 3, 4, 0, 27, -9,
    0, -14, 17, 0, -33, -41, -34, -9,
    13, 0, 0, -28, 0, 1, -13, 0,
    -7, 0, -9, 0, 3, 13, -51, -29,
    -28, -4, 0, 18, -9, 19, -28, 0,
    -16, -34, 0, 1, 0, 0, 0, 0,
    1, 1, -6, -9, 0, -3, -3, -4,
    0, 0, -1, 0, 0, 0, -9, 0,
    0, -9, 0, -9, 0, 0, 0, 0,
    -6, 0, 0, 0, 0, 0, -13, 0,
    0, 0, 4, -1, 0, 0, -1, 4,
    4, 0, 0, 0, 0, -2, 0, 0,
    0, 0, 0, 0, 0, 0, -1, 0,
    13, 0, -4, 0, 0, 0, 0, 0,
    0, 0, 0, 0, 0, -4, 0, -4,
    0, 0, 0, 0, 0, 0, 0, 0,
    -2, -2, 0, -4, -3, 0, 0, 0,
    0, 0, 0, 0, 0, 0, 0, 0,
    0, 0, 0, 0, -7, 0, 0, 0,
    0, 0, -13, -1, -13, 9, 0, -9,
    4, 9, 10, 0, -11, 0, -1, 0,
    0, -17, 4, -1, 4, -26, 4, 0,
    -22, 0, 9, 0, 8, 4, 4, -4,
    13, -13, 0, -12, 0, 4, 0, 0,
    0, -4, 0, 0, -4, 0, 0, 0,
    0, 0, -2, -2, 0, -2, -5, 0,
    0, 0, 0, 0, 0, -4, 0, 0,
    0, 0, 0, 0, 0, 0, -1, 0,
    0, 0, 0, 0, -1, 0, -9, 4,
    0, -1, 2, 4, 4, 0, 0, 0,
    0, 0, 0, -1, 0, 0, 0, 0,
    0, 0, 0, 0, 0, 0, 3, 0,
    4, 0, 9, -5, 0, 0, 0, 0,
    0, 13, -1, 3, -10, 0, 10, -22,
    -21, -17, -9, 4, 0, -3, -29, -7,
    0, -7, 0, -9, 7, -7, 0, 4,
    6, -13, -10, -22, -5, -9, 8, -4,
    6, -8, 10, -5, -24, 0, 0, 0,
    -4, 0, 0, 1, 0, 4, 0, 0,
    0, 0, 0, 0, 0, 0, 0, 0,
    0, -4, 0, 0, -13, 0, 0, 0,
    0, 0, 0, -4, 4, 0, 0, 0,
    0, -9, 0, 4, 0, 0, 0, 0,
    0, 0, 0, 26, 0, 0, 0, 0,
    0, 0, 1, 0, 0, 0, -4, 0,
    0, -10, 0, 4, 0, 0, 0, 0,
    -18, 0, 0, 0, 0, 0, 0, -1,
    0, 0, 0, -2, 0, 1, 0, -22,
    -13, 0, 0, 0, -7, -22, 0, 0,
    -4, 4, 0, -8, -3, -2, 0, 0,
    -5, -1, -4, 0, 0, -7, 0, 4,
    0, 0, 4, -44, 0, -7, 0, 0,
    0, 1, 0, 1, -9, -9, 0, -4,
    -4, -6, 0, 0, 0, 0, 0, 0,
    -13, 0, 0, -9, 8, -13, 0, 0,
    0, 0, 0, 0, 4, 0, 0, 0,
    -9, 3, 8, 0, 0, 0, 8, 3,
    -1, 0, 21, 0, 12, 3, 3, -8,
    0, 9, 0, 0, 0, 8, 0, 0,
    13, 0, 17, 3, 0, 0, 0, 15,
    0, 0, 0, 3, 0, 0, 0, -27,
    0, -4, 5, 13, -57, 0, 38, 1,
    -9, -9, 4, 4, -1, 3, -22, 0,
    0, 26, -27, -9, 0, -34, 21, 63,
    18, 0, 0, 0, 0, 13, -27, 0,
    -13, 1, 13, 0, -1, 9, -10, 0,
    3, -4, 0, 4, 52, -9, -3, 10,
    10, -10, 4, 0, 0, 4, 4, -10,
    -13, 0, -58, 17, 0, 11, -10, 5,
    -1, -4, 10, 0, 0, -18, 4, 0,
    0, 0, 0, 0, 0, 0, 0, 0,
    3, 18, 0, -9, 0, 0, 0, 0,
    0, 0, 0, 0, -3, 0, 0, -25,
    3, 11, 0, 0, 0, 0, -9, 0,
    0, 0, 0, 0, 0, 0, 0, 0,
    0, -6, -11, 8, -11, 9, 0, -1,
    -9, -1, -5, -2, 0, -1, -2, -1,
    4, -10, -3, -1, -19, -1, 0, 0,
    -3, 0, 0, 0, -1, 9, 0, 0,
    0, -1, 0, 0, -4, 0, -13, 0,
    3, -13, -3, 6, -14, 5, -4, -4,
    -9, -8, 1, -14, -9, -13, 0, -5,
    0, 5, 3, 5, -11, -13, 0, 0,
    0, -4, 0, -9, 1, -8, -8, 0,
    0, 0, 0, 0, 0, 1, 1, -4,
    0, 0, 0, -3, 0, 0, 0, -1,
    0, 0, 0, 0, 0, 0, 0, 0,
    -1, 0, 0, 0, 0, 0, 0, 0,
    0, 0, 0, -1, 11, 9, 0, 0,
    0, 15, 0, -13, -13, -13, -6, 13,
    0, 4, -4, 0, 10, -4, 0, -18,
    0, 0, 0, 22, 15, -4, -9, 0,
    0, 0, 0, 0, 0, 0, 0, 0,
    -18, 0, 0, 0, 0, 0, 0, 0,
    9, 0, 6, 0, 0, 0, 0, 5,
    0, 1, 4, 0, 0, 0, 0, 0,
    0, 0, 1, 0, 1, 0, 0, 0,
    0, 0, 1, 0, 0, 0, 0, 0,
    0, 0, 0, 0, 8, -4, 3, 1,
    0, -3, 0, 0, 1, 1, 0, 0,
    0, 0, -4, 0, 0, -23, 0, 4,
    0, 0, 0, 0, 0, 0, 0, 0,
    0, 0, 1, 0, 9, 9, 13, 0,
    0, 13, 0, -30, -23, 0, 22, 13,
    9, -18, 1, 15, 0, 14, 0, 9,
    4, 0, 26, 0, 0, 0, -9, 0,
    0, 0, 0, 0, 0, 0, 0, -24,
    0, 0, -2, 0, 0, 0, 0, 0,
    0, 0, 0, -1, 0, 0, 0, 0,
    0, 0, 0, 0, 15, 0, 0, -28,
    0, 0, 0, 0, 0, 0, 0, 0,
    0, 0, 0, 0, 0, -3, -24, 0,
    -27, -5, 0, -39, -18, 3, 18, -26,
    -22, 0, 0, -22, 0, -22, -22, 0,
    -3, -62, -26, 0, -36, 8, 22, 0,
    -24, 8, -2, -22, 3, -30, -1, -42,
    -4, -3
};


/*Collect the kern class' data in one place*/
static const lv_font_fmt_txt_kern_classes_t kern_classes =
{
    .class_pair_values   = kern_class_values,
    .left_class_mapping  = kern_left_class_mapping,
    .right_class_mapping = kern_right_class_mapping,
    .left_class_cnt      = 34,
    .right_class_cnt     = 37,
};

/*--------------------
 *  ALL CUSTOM DATA
 *--------------------*/

#if LVGL_VERSION_MAJOR == 8
/*Store all the custom data of the font*/
static  lv_font_fmt_txt_glyph_cache_t cache;
#endif

#if LVGL_VERSION_MAJOR >= 8
static const lv_font_fmt_txt_dsc_t font_dsc = {
#else
static lv_font_fmt_txt_dsc_t font_dsc = {
#endif
    .glyph_bitmap = glyph_bitmap,
    .glyph_dsc = glyph_dsc,
    .cmaps = cmaps,
    .kern_dsc = &kern_classes,
    .kern_scale = 16,
    .cmap_num = 4,
    .bpp = 4,
    .kern_classes = 1,
    .bitmap_format = 0,
#if LVGL_VERSION_MAJOR == 8
    .cache = &cache
#endif
};



/*-----------------
 *  PUBLIC FONT
 *----------------*/

/*Initialize a public general font descriptor*/
#if LVGL_VERSION_MAJOR >= 8
const lv_font_t family_font_28 = {
#else
lv_font_t family_font_28 = {
#endif
    .get_glyph_dsc = lv_font_get_glyph_dsc_fmt_txt,    /*Function pointer to get glyph's data*/
    .get_glyph_bitmap = lv_font_get_bitmap_fmt_txt,    /*Function pointer to get glyph's bitmap*/
    .line_height = 38,          /*The maximum line height required by the font*/
    .base_line = 8,             /*Baseline measured from the bottom of the line*/
#if !(LVGL_VERSION_MAJOR == 6 && LVGL_VERSION_MINOR == 0)
    .subpx = LV_FONT_SUBPX_NONE,
#endif
#if LV_VERSION_CHECK(7, 4, 0) || LVGL_VERSION_MAJOR >= 8
    .underline_position = -3,
    .underline_thickness = 1,
#endif
    .dsc = &font_dsc,          /*The custom font data. Will be accessed by `get_glyph_bitmap/dsc` */
#if LV_VERSION_CHECK(8, 2, 0) || LVGL_VERSION_MAJOR >= 9
    .fallback = NULL,
#endif
    .user_data = NULL,
};



#endif /*#if FAMILY_FONT_28*/

#endif
