// Montserrat SemiBold 20 px for the family screen, generated by scripts/gen-family-assets.py.
// Font: assets/fonts/Montserrat-SemiBold.ttf, SIL Open Font License 1.1 (assets/fonts/OFL.txt).
#if defined(FAMILY_UI) && defined(VIEW_320x240)

/*******************************************************************************
 * Size: 20 px
 * Bpp: 4
 * Opts: --bpp 4 --size 20 --no-compress --font Montserrat-SemiBold.ttf --range 0x20-0x7F,0xA0-0x17F,0x2026 --format lvgl --lv-include lvgl.h -o family_font_20.c
 ******************************************************************************/

#ifdef LV_LVGL_H_INCLUDE_SIMPLE
#include "lvgl.h"
#else
#include "lvgl.h"
#endif

#ifndef FAMILY_FONT_20
#define FAMILY_FONT_20 1
#endif

#if FAMILY_FONT_20

/*-----------------
 *    BITMAPS
 *----------------*/

/*Store the image of the glyphs*/
static LV_ATTRIBUTE_LARGE_CONST const uint8_t glyph_bitmap[] = {
    /* U+0020 " " */

    /* U+0021 "!" */
    0xaf, 0xf4, 0x9f, 0xf3, 0x8f, 0xf2, 0x8f, 0xf1,
    0x7f, 0xf0, 0x6f, 0xf0, 0x5f, 0xf0, 0x4f, 0xe0,
    0x4f, 0xd0, 0x18, 0x60, 0x1, 0x0, 0x7f, 0xe1,
    0xcf, 0xf5, 0x5e, 0xc0,

    /* U+0022 "\"" */
    0xdf, 0x40, 0xff, 0x1d, 0xf3, 0xf, 0xf1, 0xcf,
    0x30, 0xff, 0xc, 0xf2, 0xe, 0xf0, 0xcf, 0x20,
    0xef, 0x7, 0xa1, 0x8, 0x90,

    /* U+0023 "#" */
    0x0, 0x0, 0x9f, 0x30, 0x6, 0xf6, 0x0, 0x0,
    0x0, 0xbf, 0x10, 0x8, 0xf4, 0x0, 0x0, 0x0,
    0xdf, 0x0, 0xb, 0xf2, 0x0, 0xd, 0xff, 0xff,
    0xff, 0xff, 0xff, 0xfb, 0xb, 0xde, 0xff, 0xdd,
    0xdf, 0xfd, 0xda, 0x0, 0x3, 0xf9, 0x0, 0xf,
    0xc0, 0x0, 0x0, 0x5, 0xf7, 0x0, 0x2f, 0xa0,
    0x0, 0x0, 0x7, 0xf6, 0x0, 0x4f, 0x90, 0x0,
    0x0, 0x9, 0xf4, 0x0, 0x5f, 0x70, 0x0, 0x8f,
    0xff, 0xff, 0xff, 0xff, 0xff, 0xf1, 0x7d, 0xdf,
    0xfd, 0xdd, 0xff, 0xdd, 0xd1, 0x0, 0xe, 0xe0,
    0x0, 0xbf, 0x10, 0x0, 0x0, 0x1f, 0xc0, 0x0,
    0xdf, 0x0, 0x0, 0x0, 0x3f, 0xa0, 0x0, 0xfd,
    0x0, 0x0,

    /* U+0024 "$" */
    0x0, 0x0, 0x6, 0xf3, 0x0, 0x0, 0x0, 0x0,
    0x6, 0xf3, 0x0, 0x0, 0x0, 0x0, 0x6, 0xf3,
    0x0, 0x0, 0x0, 0x7, 0xcf, 0xff, 0xea, 0x30,
    0x1, 0xdf, 0xff, 0xff, 0xff, 0xf2, 0xa, 0xff,
    0x88, 0xf5, 0x5b, 0xb0, 0xe, 0xfb, 0x6, 0xf3,
    0x0, 0x0, 0xf, 0xfc, 0x6, 0xf3, 0x0, 0x0,
    0xb, 0xff, 0xca, 0xf3, 0x0, 0x0, 0x1, 0xdf,
    0xff, 0xfe, 0x93, 0x0, 0x0, 0x5, 0xbf, 0xff,
    0xff, 0xb0, 0x0, 0x0, 0x6, 0xfa, 0xef, 0xf8,
    0x0, 0x0, 0x6, 0xf3, 0xe, 0xfd, 0x3, 0x10,
    0x6, 0xf3, 0xc, 0xfc, 0xd, 0xe8, 0x47, 0xf6,
    0x9f, 0xf8, 0x1e, 0xff, 0xff, 0xff, 0xff, 0xc0,
    0x0, 0x6b, 0xef, 0xff, 0xc6, 0x0, 0x0, 0x0,
    0x6, 0xf3, 0x0, 0x0, 0x0, 0x0, 0x6, 0xf3,
    0x0, 0x0, 0x0, 0x0, 0x0, 0x20, 0x0, 0x0,

    /* U+0025 "%" */
    0x1, 0xaf, 0xe9, 0x0, 0x0, 0x0, 0xee, 0x10,
    0x0, 0xbf, 0x88, 0xfb, 0x0, 0x0, 0x9f, 0x50,
    0x0, 0x2f, 0x80, 0x8, 0xf2, 0x0, 0x4f, 0xa0,
    0x0, 0x4, 0xf5, 0x0, 0x5f, 0x50, 0x1e, 0xe1,
    0x0, 0x0, 0x3f, 0x60, 0x6, 0xf3, 0xa, 0xf4,
    0x0, 0x0, 0x0, 0xde, 0x43, 0xdd, 0x5, 0xf9,
    0x0, 0x10, 0x0, 0x3, 0xef, 0xfe, 0x31, 0xed,
    0x19, 0xff, 0xd2, 0x0, 0x0, 0x33, 0x0, 0xbf,
    0x38, 0xf8, 0x6e, 0xd0, 0x0, 0x0, 0x0, 0x6f,
    0x80, 0xeb, 0x0, 0x5f, 0x50, 0x0, 0x0, 0x2f,
    0xd0, 0x1f, 0x70, 0x2, 0xf7, 0x0, 0x0, 0xc,
    0xf3, 0x1, 0xf8, 0x0, 0x2f, 0x70, 0x0, 0x7,
    0xf8, 0x0, 0xe, 0xb0, 0x6, 0xf4, 0x0, 0x2,
    0xfc, 0x0, 0x0, 0x7f, 0xa8, 0xfc, 0x0, 0x0,
    0xcf, 0x20, 0x0, 0x0, 0x8e, 0xfb, 0x10,

    /* U+0026 "&" */
    0x0, 0x1, 0x9d, 0xfe, 0x91, 0x0, 0x0, 0x0,
    0xe, 0xff, 0xdf, 0xfd, 0x0, 0x0, 0x0, 0x6f,
    0xf2, 0x1, 0xff, 0x30, 0x0, 0x0, 0x7f, 0xd0,
    0x0, 0xef, 0x30, 0x0, 0x0, 0x3f, 0xf3, 0x9,
    0xfd, 0x0, 0x0, 0x0, 0x9, 0xfe, 0xdf, 0xd1,
    0x0, 0x0, 0x0, 0x6, 0xff, 0xfc, 0x0, 0x0,
    0x0, 0x0, 0xbf, 0xfb, 0xff, 0x70, 0xc, 0x91,
    0xa, 0xfe, 0x20, 0x7f, 0xf9, 0x3f, 0xf0, 0xf,
    0xf6, 0x0, 0x6, 0xff, 0xef, 0xa0, 0x2f, 0xf6,
    0x0, 0x0, 0x5f, 0xff, 0x20, 0xe, 0xff, 0x62,
    0x14, 0xbf, 0xff, 0xc0, 0x4, 0xff, 0xff, 0xff,
    0xff, 0x7f, 0xf8, 0x0, 0x29, 0xdf, 0xfd, 0x81,
    0x3, 0xb0, 0x0, 0x0, 0x0, 0x0, 0x0, 0x0,
    0x0,

    /* U+0027 "'" */
    0xdf, 0x4d, 0xf3, 0xcf, 0x3c, 0xf2, 0xcf, 0x27,
    0xa1,

    /* U+0028 "(" */
    0x0, 0x2f, 0xf4, 0x0, 0xaf, 0xc0, 0x1, 0xff,
    0x50, 0x6, 0xff, 0x0, 0xb, 0xfb, 0x0, 0xe,
    0xf8, 0x0, 0x1f, 0xf5, 0x0, 0x3f, 0xf4, 0x0,
    0x4f, 0xf3, 0x0, 0x4f, 0xf2, 0x0, 0x4f, 0xf3,
    0x0, 0x3f, 0xf4, 0x0, 0x1f, 0xf5, 0x0, 0xe,
    0xf8, 0x0, 0xb, 0xfb, 0x0, 0x6, 0xff, 0x0,
    0x1, 0xff, 0x50, 0x0, 0xaf, 0xc0, 0x0, 0x2f,
    0xf4,

    /* U+0029 ")" */
    0x5f, 0xf1, 0x0, 0xd, 0xf9, 0x0, 0x6, 0xff,
    0x0, 0x1, 0xff, 0x50, 0x0, 0xcf, 0xa0, 0x0,
    0x9f, 0xd0, 0x0, 0x6f, 0xf0, 0x0, 0x4f, 0xf2,
    0x0, 0x3f, 0xf3, 0x0, 0x3f, 0xf4, 0x0, 0x3f,
    0xf3, 0x0, 0x4f, 0xf2, 0x0, 0x6f, 0xf0, 0x0,
    0x9f, 0xd0, 0x0, 0xcf, 0xa0, 0x1, 0xff, 0x50,
    0x6, 0xff, 0x0, 0xd, 0xf9, 0x0, 0x5f, 0xf1,
    0x0,

    /* U+002A "*" */
    0x0, 0x9, 0xe0, 0x0, 0x18, 0x9, 0xe0, 0x55,
    0x7f, 0xec, 0xfb, 0xfc, 0x4, 0xdf, 0xff, 0x70,
    0x7, 0xff, 0xff, 0xa1, 0x7f, 0xcb, 0xe9, 0xfc,
    0x5, 0x9, 0xe0, 0x23, 0x0, 0x7, 0xc0, 0x0,

    /* U+002B "+" */
    0x0, 0x0, 0x22, 0x0, 0x0, 0x0, 0x2, 0xff,
    0x0, 0x0, 0x0, 0x2, 0xff, 0x0, 0x0, 0x0,
    0x2, 0xff, 0x0, 0x0, 0xbf, 0xff, 0xff, 0xff,
    0xf8, 0xbf, 0xff, 0xff, 0xff, 0xf8, 0x0, 0x3,
    0xff, 0x0, 0x0, 0x0, 0x2, 0xff, 0x0, 0x0,
    0x0, 0x2, 0xff, 0x0, 0x0, 0x0, 0x2, 0xff,
    0x0, 0x0,

    /* U+002C "," */
    0x1, 0x40, 0x0, 0xdf, 0xc0, 0x1f, 0xff, 0x0,
    0xaf, 0xd0, 0x6, 0xf7, 0x0, 0xaf, 0x20, 0xe,
    0xc0, 0x0,

    /* U+002D "-" */
    0x11, 0x11, 0x11, 0xef, 0xff, 0xf9, 0xef, 0xff,
    0xf9,

    /* U+002E "." */
    0x1, 0x51, 0x0, 0xef, 0xd0, 0x2f, 0xff, 0x0,
    0xaf, 0x80,

    /* U+002F "/" */
    0x0, 0x0, 0x0, 0x2f, 0xf1, 0x0, 0x0, 0x0,
    0x8f, 0xb0, 0x0, 0x0, 0x0, 0xdf, 0x50, 0x0,
    0x0, 0x3, 0xff, 0x0, 0x0, 0x0, 0x9, 0xfa,
    0x0, 0x0, 0x0, 0xe, 0xf5, 0x0, 0x0, 0x0,
    0x4f, 0xf0, 0x0, 0x0, 0x0, 0x9f, 0xa0, 0x0,
    0x0, 0x0, 0xef, 0x40, 0x0, 0x0, 0x4, 0xfe,
    0x0, 0x0, 0x0, 0xa, 0xf9, 0x0, 0x0, 0x0,
    0xf, 0xf3, 0x0, 0x0, 0x0, 0x5f, 0xe0, 0x0,
    0x0, 0x0, 0xaf, 0x80, 0x0, 0x0, 0x0, 0xff,
    0x30, 0x0, 0x0, 0x6, 0xfd, 0x0, 0x0, 0x0,
    0xb, 0xf8, 0x0, 0x0, 0x0, 0x1f, 0xf2, 0x0,
    0x0, 0x0, 0x6f, 0xd0, 0x0, 0x0, 0x0,

    /* U+0030 "0" */
    0x0, 0x1, 0x8d, 0xfe, 0xb4, 0x0, 0x0, 0x2,
    0xef, 0xff, 0xff, 0xf8, 0x0, 0x0, 0xdf, 0xf9,
    0x56, 0xdf, 0xf5, 0x0, 0x7f, 0xf6, 0x0, 0x1,
    0xef, 0xe0, 0xc, 0xfd, 0x0, 0x0, 0x6, 0xff,
    0x30, 0xff, 0x90, 0x0, 0x0, 0x2f, 0xf7, 0x1f,
    0xf8, 0x0, 0x0, 0x1, 0xff, 0x81, 0xff, 0x80,
    0x0, 0x0, 0x1f, 0xf8, 0xf, 0xf9, 0x0, 0x0,
    0x2, 0xff, 0x70, 0xcf, 0xd0, 0x0, 0x0, 0x6f,
    0xf3, 0x7, 0xff, 0x60, 0x0, 0x1e, 0xfe, 0x0,
    0xd, 0xff, 0x95, 0x6d, 0xff, 0x50, 0x0, 0x2e,
    0xff, 0xff, 0xff, 0x80, 0x0, 0x0, 0x18, 0xdf,
    0xeb, 0x40, 0x0,

    /* U+0031 "1" */
    0xdf, 0xff, 0xfb, 0xdf, 0xff, 0xfb, 0x23, 0x3e,
    0xfb, 0x0, 0xe, 0xfb, 0x0, 0xe, 0xfb, 0x0,
    0xe, 0xfb, 0x0, 0xe, 0xfb, 0x0, 0xe, 0xfb,
    0x0, 0xe, 0xfb, 0x0, 0xe, 0xfb, 0x0, 0xe,
    0xfb, 0x0, 0xe, 0xfb, 0x0, 0xe, 0xfb, 0x0,
    0xe, 0xfb,

    /* U+0032 "2" */
    0x0, 0x6b, 0xef, 0xeb, 0x40, 0x0, 0x1d, 0xff,
    0xff, 0xff, 0xf8, 0x0, 0x8f, 0xfa, 0x55, 0x8f,
    0xff, 0x20, 0x5, 0x40, 0x0, 0x5, 0xff, 0x60,
    0x0, 0x0, 0x0, 0x2, 0xff, 0x60, 0x0, 0x0,
    0x0, 0x7, 0xff, 0x30, 0x0, 0x0, 0x0, 0x3f,
    0xfb, 0x0, 0x0, 0x0, 0x3, 0xff, 0xd1, 0x0,
    0x0, 0x0, 0x4f, 0xfd, 0x10, 0x0, 0x0, 0x5,
    0xff, 0xc1, 0x0, 0x0, 0x0, 0x6f, 0xfb, 0x0,
    0x0, 0x0, 0x8, 0xff, 0xd4, 0x33, 0x33, 0x30,
    0x4f, 0xff, 0xff, 0xff, 0xff, 0xf0, 0x4f, 0xff,
    0xff, 0xff, 0xff, 0xf0,

    /* U+0033 "3" */
    0x4f, 0xff, 0xff, 0xff, 0xff, 0x34, 0xff, 0xff,
    0xff, 0xff, 0xf3, 0x13, 0x33, 0x33, 0x7f, 0xf9,
    0x0, 0x0, 0x0, 0x2e, 0xfb, 0x0, 0x0, 0x0,
    0x1d, 0xfd, 0x0, 0x0, 0x0, 0xc, 0xff, 0x30,
    0x0, 0x0, 0x2, 0xff, 0xff, 0xc3, 0x0, 0x0,
    0x1a, 0xac, 0xff, 0xf2, 0x0, 0x0, 0x0, 0x4,
    0xff, 0x90, 0x0, 0x0, 0x0, 0xd, 0xfc, 0x6,
    0x0, 0x0, 0x1, 0xff, 0xb8, 0xfd, 0x85, 0x57,
    0xef, 0xf5, 0xaf, 0xff, 0xff, 0xff, 0xf9, 0x0,
    0x39, 0xdf, 0xfe, 0xb4, 0x0,

    /* U+0034 "4" */
    0x0, 0x0, 0x0, 0xc, 0xfe, 0x10, 0x0, 0x0,
    0x0, 0x0, 0x8f, 0xf4, 0x0, 0x0, 0x0, 0x0,
    0x4, 0xff, 0x80, 0x0, 0x0, 0x0, 0x0, 0x1e,
    0xfb, 0x0, 0x0, 0x0, 0x0, 0x0, 0xcf, 0xe1,
    0x0, 0x0, 0x0, 0x0, 0x9, 0xff, 0x40, 0x1,
    0x10, 0x0, 0x0, 0x5f, 0xf8, 0x0, 0x9f, 0xe0,
    0x0, 0x2, 0xef, 0xc0, 0x0, 0x9f, 0xe0, 0x0,
    0xc, 0xff, 0x54, 0x44, 0xaf, 0xe4, 0x41, 0x4f,
    0xff, 0xff, 0xff, 0xff, 0xff, 0xf5, 0x5f, 0xff,
    0xff, 0xff, 0xff, 0xff, 0xf5, 0x0, 0x0, 0x0,
    0x0, 0xaf, 0xe0, 0x0, 0x0, 0x0, 0x0, 0x0,
    0xaf, 0xe0, 0x0, 0x0, 0x0, 0x0, 0x0, 0xaf,
    0xe0, 0x0,

    /* U+0035 "5" */
    0x0, 0xff, 0xff, 0xff, 0xff, 0x30, 0x2, 0xff,
    0xff, 0xff, 0xff, 0x30, 0x3, 0xff, 0x53, 0x33,
    0x33, 0x0, 0x5, 0xff, 0x10, 0x0, 0x0, 0x0,
    0x6, 0xff, 0x0, 0x0, 0x0, 0x0, 0x8, 0xff,
    0xff, 0xeb, 0x70, 0x0, 0xa, 0xff, 0xff, 0xff,
    0xfd, 0x10, 0x2, 0x33, 0x34, 0x6c, 0xff, 0xa0,
    0x0, 0x0, 0x0, 0x0, 0xdf, 0xf0, 0x0, 0x0,
    0x0, 0x0, 0x9f, 0xf0, 0x7, 0x10, 0x0, 0x0,
    0xdf, 0xe0, 0x4f, 0xf9, 0x65, 0x6d, 0xff, 0x80,
    0x6f, 0xff, 0xff, 0xff, 0xfb, 0x0, 0x2, 0x8c,
    0xef, 0xeb, 0x60, 0x0,

    /* U+0036 "6" */
    0x0, 0x0, 0x4a, 0xdf, 0xec, 0x81, 0x0, 0x0,
    0xaf, 0xff, 0xff, 0xff, 0x20, 0x0, 0xaf, 0xfb,
    0x53, 0x47, 0x70, 0x0, 0x4f, 0xf7, 0x0, 0x0,
    0x0, 0x0, 0xb, 0xfd, 0x0, 0x0, 0x0, 0x0,
    0x0, 0xff, 0x94, 0xbe, 0xfd, 0x80, 0x0, 0xf,
    0xfe, 0xff, 0xff, 0xff, 0xd1, 0x1, 0xff, 0xfe,
    0x51, 0x39, 0xff, 0x90, 0xf, 0xff, 0x30, 0x0,
    0xb, 0xff, 0x0, 0xdf, 0xf0, 0x0, 0x0, 0x8f,
    0xf0, 0x9, 0xff, 0x20, 0x0, 0xb, 0xfe, 0x0,
    0x2f, 0xfd, 0x52, 0x29, 0xff, 0x80, 0x0, 0x4f,
    0xff, 0xff, 0xff, 0xb0, 0x0, 0x0, 0x29, 0xdf,
    0xfc, 0x60, 0x0,

    /* U+0037 "7" */
    0x7f, 0xff, 0xff, 0xff, 0xff, 0xf7, 0x7f, 0xff,
    0xff, 0xff, 0xff, 0xf6, 0x7f, 0xf4, 0x44, 0x44,
    0xcf, 0xf2, 0x7f, 0xf0, 0x0, 0x1, 0xff, 0xa0,
    0x4a, 0x90, 0x0, 0x8, 0xff, 0x30, 0x0, 0x0,
    0x0, 0xe, 0xfc, 0x0, 0x0, 0x0, 0x0, 0x6f,
    0xf5, 0x0, 0x0, 0x0, 0x0, 0xdf, 0xe0, 0x0,
    0x0, 0x0, 0x4, 0xff, 0x70, 0x0, 0x0, 0x0,
    0xc, 0xff, 0x0, 0x0, 0x0, 0x0, 0x3f, 0xf8,
    0x0, 0x0, 0x0, 0x0, 0xaf, 0xf2, 0x0, 0x0,
    0x0, 0x1, 0xff, 0xa0, 0x0, 0x0, 0x0, 0x8,
    0xff, 0x30, 0x0, 0x0,

    /* U+0038 "8" */
    0x0, 0x7, 0xce, 0xfe, 0xc7, 0x0, 0x0, 0x1d,
    0xff, 0xff, 0xff, 0xfd, 0x10, 0x8, 0xff, 0x93,
    0x13, 0x9f, 0xf8, 0x0, 0xaf, 0xe0, 0x0, 0x0,
    0xef, 0xb0, 0x6, 0xff, 0x70, 0x0, 0x6f, 0xf7,
    0x0, 0x9, 0xff, 0xff, 0xff, 0xf9, 0x0, 0x0,
    0xbf, 0xff, 0xff, 0xff, 0xb0, 0x0, 0xaf, 0xf8,
    0x20, 0x28, 0xff, 0xa0, 0x1f, 0xfa, 0x0, 0x0,
    0xa, 0xff, 0x12, 0xff, 0x70, 0x0, 0x0, 0x6f,
    0xf3, 0x1f, 0xfb, 0x0, 0x0, 0xa, 0xff, 0x10,
    0xbf, 0xf9, 0x31, 0x39, 0xff, 0xb0, 0x1, 0xdf,
    0xff, 0xff, 0xff, 0xd1, 0x0, 0x0, 0x7c, 0xef,
    0xec, 0x70, 0x0,

    /* U+0039 "9" */
    0x0, 0x3a, 0xef, 0xeb, 0x50, 0x0, 0x6, 0xff,
    0xff, 0xff, 0xfb, 0x0, 0x2f, 0xfd, 0x41, 0x27,
    0xff, 0x90, 0x6f, 0xf2, 0x0, 0x0, 0x8f, 0xf1,
    0x7f, 0xf1, 0x0, 0x0, 0x7f, 0xf6, 0x3f, 0xfc,
    0x30, 0x16, 0xff, 0xf9, 0xa, 0xff, 0xff, 0xff,
    0xef, 0xfa, 0x0, 0x6d, 0xff, 0xfa, 0x2f, 0xf9,
    0x0, 0x0, 0x1, 0x0, 0x2f, 0xf7, 0x0, 0x0,
    0x0, 0x0, 0x8f, 0xf3, 0x0, 0x0, 0x0, 0x3,
    0xff, 0xd0, 0x2, 0xb5, 0x44, 0x9f, 0xff, 0x30,
    0x9, 0xff, 0xff, 0xff, 0xe5, 0x0, 0x4, 0xbd,
    0xfe, 0xc7, 0x10, 0x0,

    /* U+003A ":" */
    0xa, 0xf8, 0x2, 0xff, 0xf0, 0xe, 0xfd, 0x0,
    0x15, 0x10, 0x0, 0x0, 0x0, 0x0, 0x0, 0x0,
    0x0, 0x0, 0x15, 0x10, 0xe, 0xfd, 0x2, 0xff,
    0xf0, 0xa, 0xf8, 0x0,

    /* U+003B ";" */
    0xa, 0xf8, 0x2, 0xff, 0xf0, 0xe, 0xfd, 0x0,
    0x15, 0x10, 0x0, 0x0, 0x0, 0x0, 0x0, 0x0,
    0x0, 0x0, 0x14, 0x0, 0xd, 0xfc, 0x1, 0xff,
    0xf0, 0xa, 0xfd, 0x0, 0x6f, 0x70, 0xa, 0xf2,
    0x0, 0xec, 0x0,

    /* U+003C "<" */
    0x0, 0x0, 0x0, 0x1, 0x76, 0x0, 0x0, 0x4,
    0xaf, 0xf8, 0x0, 0x17, 0xef, 0xff, 0xa2, 0x4b,
    0xff, 0xfc, 0x60, 0x0, 0xbf, 0xf8, 0x20, 0x0,
    0x0, 0xbf, 0xfc, 0x61, 0x0, 0x0, 0x17, 0xdf,
    0xff, 0xa4, 0x0, 0x0, 0x3, 0xaf, 0xff, 0xe4,
    0x0, 0x0, 0x1, 0x6d, 0xf8, 0x0, 0x0, 0x0,
    0x0, 0x34,

    /* U+003D "=" */
    0xbf, 0xff, 0xff, 0xff, 0xf8, 0xbf, 0xff, 0xff,
    0xff, 0xf8, 0x0, 0x0, 0x0, 0x0, 0x0, 0x0,
    0x0, 0x0, 0x0, 0x0, 0x0, 0x0, 0x0, 0x0,
    0x0, 0xbf, 0xff, 0xff, 0xff, 0xf8, 0xbf, 0xff,
    0xff, 0xff, 0xf8,

    /* U+003E ">" */
    0x86, 0x0, 0x0, 0x0, 0x0, 0xbf, 0xf9, 0x30,
    0x0, 0x0, 0x4b, 0xff, 0xfd, 0x61, 0x0, 0x0,
    0x17, 0xdf, 0xff, 0xa2, 0x0, 0x0, 0x3, 0x9f,
    0xf8, 0x0, 0x0, 0x17, 0xdf, 0xf8, 0x0, 0x5b,
    0xff, 0xfc, 0x50, 0x7e, 0xff, 0xe8, 0x20, 0x0,
    0xbf, 0xb5, 0x0, 0x0, 0x0, 0x52, 0x0, 0x0,
    0x0, 0x0,

    /* U+003F "?" */
    0x0, 0x6b, 0xef, 0xeb, 0x40, 0x1, 0xdf, 0xff,
    0xff, 0xff, 0xa0, 0x9f, 0xf9, 0x43, 0x6e, 0xff,
    0x30, 0x53, 0x0, 0x0, 0x5f, 0xf6, 0x0, 0x0,
    0x0, 0x5, 0xff, 0x40, 0x0, 0x0, 0x2, 0xef,
    0xb0, 0x0, 0x0, 0x3, 0xef, 0xc1, 0x0, 0x0,
    0x1, 0xef, 0xc0, 0x0, 0x0, 0x0, 0x7f, 0xf2,
    0x0, 0x0, 0x0, 0x2, 0x33, 0x0, 0x0, 0x0,
    0x0, 0x1, 0x0, 0x0, 0x0, 0x0, 0x8, 0xfd,
    0x10, 0x0, 0x0, 0x0, 0xdf, 0xf3, 0x0, 0x0,
    0x0, 0x6, 0xfb, 0x0, 0x0,

    /* U+0040 "@" */
    0x0, 0x0, 0x0, 0x49, 0xde, 0xfe, 0xc8, 0x30,
    0x0, 0x0, 0x0, 0x0, 0x3c, 0xff, 0xec, 0xbc,
    0xef, 0xfb, 0x20, 0x0, 0x0, 0x6, 0xff, 0x93,
    0x0, 0x0, 0x3, 0x9f, 0xf4, 0x0, 0x0, 0x4f,
    0xe4, 0x0, 0x0, 0x0, 0x0, 0x4, 0xef, 0x20,
    0x0, 0xef, 0x30, 0x6, 0xcf, 0xeb, 0x3d, 0xf6,
    0x4f, 0xc0, 0x7, 0xf8, 0x0, 0xaf, 0xff, 0xff,
    0xfe, 0xf6, 0x9, 0xf3, 0xc, 0xf2, 0x5, 0xff,
    0x81, 0x4, 0xdf, 0xf6, 0x3, 0xf8, 0xf, 0xe0,
    0xb, 0xfa, 0x0, 0x0, 0x2f, 0xf6, 0x0, 0xfb,
    0x1f, 0xc0, 0xe, 0xf6, 0x0, 0x0, 0xd, 0xf6,
    0x0, 0xec, 0x1f, 0xc0, 0xe, 0xf5, 0x0, 0x0,
    0xd, 0xf6, 0x0, 0xfc, 0xf, 0xe0, 0xb, 0xfa,
    0x0, 0x0, 0x2f, 0xf6, 0x1, 0xf9, 0xc, 0xf2,
    0x5, 0xff, 0x80, 0x3, 0xdf, 0xf9, 0x9, 0xf5,
    0x7, 0xf8, 0x0, 0xaf, 0xff, 0xff, 0xfa, 0xff,
    0xff, 0xc0, 0x0, 0xef, 0x30, 0x6, 0xcf, 0xfb,
    0x30, 0x9e, 0xfa, 0x10, 0x0, 0x5f, 0xe3, 0x0,
    0x0, 0x0, 0x0, 0x0, 0x0, 0x0, 0x0, 0x6,
    0xff, 0x92, 0x0, 0x0, 0x4, 0x20, 0x0, 0x0,
    0x0, 0x0, 0x4d, 0xff, 0xec, 0xbc, 0xff, 0x90,
    0x0, 0x0, 0x0, 0x0, 0x0, 0x59, 0xde, 0xfe,
    0xc8, 0x20, 0x0, 0x0,

    /* U+0041 "A" */
    0x0, 0x0, 0x0, 0x1f, 0xff, 0x0, 0x0, 0x0,
    0x0, 0x0, 0x0, 0x7, 0xff, 0xf7, 0x0, 0x0,
    0x0, 0x0, 0x0, 0x0, 0xef, 0xff, 0xe0, 0x0,
    0x0, 0x0, 0x0, 0x0, 0x5f, 0xf4, 0xff, 0x50,
    0x0, 0x0, 0x0, 0x0, 0xd, 0xfa, 0xc, 0xfc,
    0x0, 0x0, 0x0, 0x0, 0x4, 0xff, 0x40, 0x5f,
    0xf3, 0x0, 0x0, 0x0, 0x0, 0xbf, 0xd0, 0x0,
    0xef, 0xb0, 0x0, 0x0, 0x0, 0x2f, 0xf6, 0x0,
    0x8, 0xff, 0x20, 0x0, 0x0, 0x9, 0xff, 0x21,
    0x11, 0x3f, 0xf9, 0x0, 0x0, 0x1, 0xff, 0xff,
    0xff, 0xff, 0xff, 0xf1, 0x0, 0x0, 0x8f, 0xff,
    0xff, 0xff, 0xff, 0xff, 0x70, 0x0, 0xe, 0xfb,
    0x0, 0x0, 0x0, 0xc, 0xfe, 0x0, 0x6, 0xff,
    0x40, 0x0, 0x0, 0x0, 0x5f, 0xf6, 0x0, 0xdf,
    0xc0, 0x0, 0x0, 0x0, 0x0, 0xdf, 0xd0,

    /* U+0042 "B" */
    0x2f, 0xff, 0xff, 0xff, 0xec, 0x60, 0x0, 0x2f,
    0xff, 0xff, 0xff, 0xff, 0xfb, 0x0, 0x2f, 0xf8,
    0x11, 0x11, 0x4c, 0xff, 0x50, 0x2f, 0xf7, 0x0,
    0x0, 0x2, 0xff, 0x80, 0x2f, 0xf7, 0x0, 0x0,
    0x2, 0xff, 0x70, 0x2f, 0xf8, 0x11, 0x11, 0x4c,
    0xff, 0x20, 0x2f, 0xff, 0xff, 0xff, 0xff, 0xf4,
    0x0, 0x2f, 0xff, 0xff, 0xff, 0xff, 0xfd, 0x20,
    0x2f, 0xf7, 0x0, 0x0, 0x15, 0xef, 0xd0, 0x2f,
    0xf7, 0x0, 0x0, 0x0, 0x6f, 0xf3, 0x2f, 0xf7,
    0x0, 0x0, 0x0, 0x6f, 0xf4, 0x2f, 0xf8, 0x11,
    0x11, 0x26, 0xef, 0xf1, 0x2f, 0xff, 0xff, 0xff,
    0xff, 0xff, 0x70, 0x2f, 0xff, 0xff, 0xff, 0xfe,
    0xa4, 0x0,

    /* U+0043 "C" */
    0x0, 0x0, 0x17, 0xce, 0xfe, 0xb5, 0x0, 0x0,
    0x6, 0xff, 0xff, 0xff, 0xff, 0xc1, 0x0, 0x7f,
    0xff, 0xb7, 0x57, 0xbf, 0xfa, 0x2, 0xff, 0xe3,
    0x0, 0x0, 0x4, 0x90, 0xa, 0xff, 0x30, 0x0,
    0x0, 0x0, 0x0, 0xf, 0xfc, 0x0, 0x0, 0x0,
    0x0, 0x0, 0x1f, 0xf8, 0x0, 0x0, 0x0, 0x0,
    0x0, 0x1f, 0xf8, 0x0, 0x0, 0x0, 0x0, 0x0,
    0xf, 0xfc, 0x0, 0x0, 0x0, 0x0, 0x0, 0xa,
    0xff, 0x30, 0x0, 0x0, 0x0, 0x0, 0x2, 0xff,
    0xe3, 0x0, 0x0, 0x4, 0x90, 0x0, 0x7f, 0xff,
    0xb6, 0x57, 0xbf, 0xfa, 0x0, 0x6, 0xff, 0xff,
    0xff, 0xff, 0xc1, 0x0, 0x0, 0x17, 0xce, 0xfe,
    0xb5, 0x0,

    /* U+0044 "D" */
    0x2f, 0xff, 0xff, 0xff, 0xda, 0x40, 0x0, 0x2,
    0xff, 0xff, 0xff, 0xff, 0xff, 0xc2, 0x0, 0x2f,
    0xf9, 0x44, 0x45, 0x7d, 0xff, 0xe1, 0x2, 0xff,
    0x70, 0x0, 0x0, 0x7, 0xff, 0xb0, 0x2f, 0xf7,
    0x0, 0x0, 0x0, 0xa, 0xff, 0x22, 0xff, 0x70,
    0x0, 0x0, 0x0, 0x3f, 0xf7, 0x2f, 0xf7, 0x0,
    0x0, 0x0, 0x0, 0xff, 0x92, 0xff, 0x70, 0x0,
    0x0, 0x0, 0xf, 0xf9, 0x2f, 0xf7, 0x0, 0x0,
    0x0, 0x3, 0xff, 0x72, 0xff, 0x70, 0x0, 0x0,
    0x0, 0xaf, 0xf2, 0x2f, 0xf7, 0x0, 0x0, 0x0,
    0x7f, 0xfb, 0x2, 0xff, 0x93, 0x33, 0x47, 0xcf,
    0xfe, 0x10, 0x2f, 0xff, 0xff, 0xff, 0xff, 0xfc,
    0x20, 0x2, 0xff, 0xff, 0xff, 0xfd, 0xa5, 0x0,
    0x0,

    /* U+0045 "E" */
    0x2f, 0xff, 0xff, 0xff, 0xff, 0xf1, 0x2f, 0xff,
    0xff, 0xff, 0xff, 0xf1, 0x2f, 0xf9, 0x33, 0x33,
    0x33, 0x30, 0x2f, 0xf7, 0x0, 0x0, 0x0, 0x0,
    0x2f, 0xf7, 0x0, 0x0, 0x0, 0x0, 0x2f, 0xf9,
    0x22, 0x22, 0x22, 0x0, 0x2f, 0xff, 0xff, 0xff,
    0xff, 0x30, 0x2f, 0xff, 0xff, 0xff, 0xff, 0x30,
    0x2f, 0xf7, 0x0, 0x0, 0x0, 0x0, 0x2f, 0xf7,
    0x0, 0x0, 0x0, 0x0, 0x2f, 0xf7, 0x0, 0x0,
    0x0, 0x0, 0x2f, 0xf9, 0x33, 0x33, 0x33, 0x31,
    0x2f, 0xff, 0xff, 0xff, 0xff, 0xf6, 0x2f, 0xff,
    0xff, 0xff, 0xff, 0xf6,

    /* U+0046 "F" */
    0x2f, 0xff, 0xff, 0xff, 0xff, 0xf1, 0x2f, 0xff,
    0xff, 0xff, 0xff, 0xf1, 0x2f, 0xf9, 0x33, 0x33,
    0x33, 0x30, 0x2f, 0xf7, 0x0, 0x0, 0x0, 0x0,
    0x2f, 0xf7, 0x0, 0x0, 0x0, 0x0, 0x2f, 0xf7,
    0x0, 0x0, 0x0, 0x0, 0x2f, 0xff, 0xff, 0xff,
    0xff, 0x30, 0x2f, 0xff, 0xff, 0xff, 0xff, 0x30,
    0x2f, 0xf9, 0x44, 0x44, 0x44, 0x0, 0x2f, 0xf7,
    0x0, 0x0, 0x0, 0x0, 0x2f, 0xf7, 0x0, 0x0,
    0x0, 0x0, 0x2f, 0xf7, 0x0, 0x0, 0x0, 0x0,
    0x2f, 0xf7, 0x0, 0x0, 0x0, 0x0, 0x2f, 0xf7,
    0x0, 0x0, 0x0, 0x0,

    /* U+0047 "G" */
    0x0, 0x0, 0x17, 0xce, 0xfe, 0xb6, 0x0, 0x0,
    0x0, 0x6f, 0xff, 0xff, 0xff, 0xfe, 0x30, 0x0,
    0x7f, 0xff, 0xb7, 0x56, 0xaf, 0xfc, 0x0, 0x2f,
    0xfe, 0x30, 0x0, 0x0, 0x29, 0x0, 0xa, 0xff,
    0x30, 0x0, 0x0, 0x0, 0x0, 0x0, 0xff, 0xc0,
    0x0, 0x0, 0x0, 0x0, 0x0, 0x1f, 0xf8, 0x0,
    0x0, 0x0, 0x1, 0x22, 0x1, 0xff, 0x80, 0x0,
    0x0, 0x0, 0x9f, 0xe0, 0xf, 0xfc, 0x0, 0x0,
    0x0, 0x9, 0xfe, 0x0, 0xaf, 0xf3, 0x0, 0x0,
    0x0, 0x9f, 0xe0, 0x2, 0xff, 0xe3, 0x0, 0x0,
    0x9, 0xfe, 0x0, 0x7, 0xff, 0xfb, 0x75, 0x6a,
    0xff, 0xe0, 0x0, 0x6, 0xff, 0xff, 0xff, 0xff,
    0xf7, 0x0, 0x0, 0x1, 0x7c, 0xef, 0xeb, 0x71,
    0x0,

    /* U+0048 "H" */
    0x2f, 0xf7, 0x0, 0x0, 0x0, 0x4f, 0xf5, 0x2f,
    0xf7, 0x0, 0x0, 0x0, 0x4f, 0xf5, 0x2f, 0xf7,
    0x0, 0x0, 0x0, 0x4f, 0xf5, 0x2f, 0xf7, 0x0,
    0x0, 0x0, 0x4f, 0xf5, 0x2f, 0xf7, 0x0, 0x0,
    0x0, 0x4f, 0xf5, 0x2f, 0xf9, 0x44, 0x44, 0x44,
    0x7f, 0xf5, 0x2f, 0xff, 0xff, 0xff, 0xff, 0xff,
    0xf5, 0x2f, 0xff, 0xff, 0xff, 0xff, 0xff, 0xf5,
    0x2f, 0xf7, 0x0, 0x0, 0x0, 0x4f, 0xf5, 0x2f,
    0xf7, 0x0, 0x0, 0x0, 0x4f, 0xf5, 0x2f, 0xf7,
    0x0, 0x0, 0x0, 0x4f, 0xf5, 0x2f, 0xf7, 0x0,
    0x0, 0x0, 0x4f, 0xf5, 0x2f, 0xf7, 0x0, 0x0,
    0x0, 0x4f, 0xf5, 0x2f, 0xf7, 0x0, 0x0, 0x0,
    0x4f, 0xf5,

    /* U+0049 "I" */
    0x2f, 0xf7, 0x2f, 0xf7, 0x2f, 0xf7, 0x2f, 0xf7,
    0x2f, 0xf7, 0x2f, 0xf7, 0x2f, 0xf7, 0x2f, 0xf7,
    0x2f, 0xf7, 0x2f, 0xf7, 0x2f, 0xf7, 0x2f, 0xf7,
    0x2f, 0xf7, 0x2f, 0xf7,

    /* U+004A "J" */
    0x0, 0xcf, 0xff, 0xff, 0xfc, 0x0, 0xcf, 0xff,
    0xff, 0xfc, 0x0, 0x23, 0x33, 0x3d, 0xfc, 0x0,
    0x0, 0x0, 0xd, 0xfc, 0x0, 0x0, 0x0, 0xd,
    0xfc, 0x0, 0x0, 0x0, 0xd, 0xfc, 0x0, 0x0,
    0x0, 0xd, 0xfc, 0x0, 0x0, 0x0, 0xd, 0xfc,
    0x0, 0x0, 0x0, 0xd, 0xfc, 0x0, 0x0, 0x0,
    0xd, 0xfc, 0x1, 0x60, 0x0, 0x1f, 0xfa, 0xd,
    0xfa, 0x45, 0xcf, 0xf5, 0xb, 0xff, 0xff, 0xff,
    0xc0, 0x0, 0x6c, 0xff, 0xd8, 0x0,

    /* U+004B "K" */
    0x2f, 0xf7, 0x0, 0x0, 0x2, 0xef, 0xc0, 0x2f,
    0xf7, 0x0, 0x0, 0x2e, 0xfd, 0x10, 0x2f, 0xf7,
    0x0, 0x1, 0xef, 0xd1, 0x0, 0x2f, 0xf7, 0x0,
    0x1d, 0xfe, 0x20, 0x0, 0x2f, 0xf7, 0x1, 0xdf,
    0xe2, 0x0, 0x0, 0x2f, 0xf7, 0x1d, 0xff, 0x30,
    0x0, 0x0, 0x2f, 0xf8, 0xcf, 0xfa, 0x0, 0x0,
    0x0, 0x2f, 0xff, 0xff, 0xff, 0x60, 0x0, 0x0,
    0x2f, 0xff, 0xf7, 0xef, 0xf4, 0x0, 0x0, 0x2f,
    0xff, 0x60, 0x3f, 0xfe, 0x20, 0x0, 0x2f, 0xf9,
    0x0, 0x5, 0xff, 0xd0, 0x0, 0x2f, 0xf7, 0x0,
    0x0, 0x7f, 0xfa, 0x0, 0x2f, 0xf7, 0x0, 0x0,
    0x9, 0xff, 0x70, 0x2f, 0xf7, 0x0, 0x0, 0x0,
    0xcf, 0xf4,

    /* U+004C "L" */
    0x2f, 0xf7, 0x0, 0x0, 0x0, 0x2, 0xff, 0x70,
    0x0, 0x0, 0x0, 0x2f, 0xf7, 0x0, 0x0, 0x0,
    0x2, 0xff, 0x70, 0x0, 0x0, 0x0, 0x2f, 0xf7,
    0x0, 0x0, 0x0, 0x2, 0xff, 0x70, 0x0, 0x0,
    0x0, 0x2f, 0xf7, 0x0, 0x0, 0x0, 0x2, 0xff,
    0x70, 0x0, 0x0, 0x0, 0x2f, 0xf7, 0x0, 0x0,
    0x0, 0x2, 0xff, 0x70, 0x0, 0x0, 0x0, 0x2f,
    0xf7, 0x0, 0x0, 0x0, 0x2, 0xff, 0x93, 0x33,
    0x33, 0x32, 0x2f, 0xff, 0xff, 0xff, 0xff, 0xc2,
    0xff, 0xff, 0xff, 0xff, 0xfc,

    /* U+004D "M" */
    0x2f, 0xf5, 0x0, 0x0, 0x0, 0x0, 0x4, 0xff,
    0x22, 0xff, 0xe0, 0x0, 0x0, 0x0, 0x0, 0xdf,
    0xf3, 0x2f, 0xff, 0x80, 0x0, 0x0, 0x0, 0x6f,
    0xff, 0x32, 0xff, 0xff, 0x20, 0x0, 0x0, 0x1e,
    0xff, 0xf3, 0x2f, 0xff, 0xfb, 0x0, 0x0, 0x9,
    0xff, 0xff, 0x32, 0xff, 0x9f, 0xf5, 0x0, 0x3,
    0xff, 0x8f, 0xf3, 0x2f, 0xf5, 0xaf, 0xe0, 0x0,
    0xcf, 0xa4, 0xff, 0x32, 0xff, 0x51, 0xff, 0x80,
    0x6f, 0xf1, 0x4f, 0xf3, 0x2f, 0xf5, 0x6, 0xff,
    0x3e, 0xf7, 0x4, 0xff, 0x32, 0xff, 0x50, 0xc,
    0xff, 0xfd, 0x0, 0x4f, 0xf3, 0x2f, 0xf5, 0x0,
    0x3f, 0xff, 0x40, 0x4, 0xff, 0x32, 0xff, 0x50,
    0x0, 0x9f, 0xa0, 0x0, 0x4f, 0xf3, 0x2f, 0xf5,
    0x0, 0x1, 0x61, 0x0, 0x4, 0xff, 0x32, 0xff,
    0x50, 0x0, 0x0, 0x0, 0x0, 0x4f, 0xf3,

    /* U+004E "N" */
    0x2f, 0xf6, 0x0, 0x0, 0x0, 0x4f, 0xf5, 0x2f,
    0xff, 0x40, 0x0, 0x0, 0x4f, 0xf5, 0x2f, 0xff,
    0xe2, 0x0, 0x0, 0x4f, 0xf5, 0x2f, 0xff, 0xfd,
    0x0, 0x0, 0x4f, 0xf5, 0x2f, 0xfe, 0xff, 0xa0,
    0x0, 0x4f, 0xf5, 0x2f, 0xf7, 0xbf, 0xf7, 0x0,
    0x4f, 0xf5, 0x2f, 0xf7, 0x1d, 0xff, 0x40, 0x4f,
    0xf5, 0x2f, 0xf7, 0x2, 0xff, 0xf2, 0x4f, 0xf5,
    0x2f, 0xf7, 0x0, 0x4f, 0xfd, 0x5f, 0xf5, 0x2f,
    0xf7, 0x0, 0x7, 0xff, 0xef, 0xf5, 0x2f, 0xf7,
    0x0, 0x0, 0xaf, 0xff, 0xf5, 0x2f, 0xf7, 0x0,
    0x0, 0xc, 0xff, 0xf5, 0x2f, 0xf7, 0x0, 0x0,
    0x1, 0xef, 0xf5, 0x2f, 0xf7, 0x0, 0x0, 0x0,
    0x3f, 0xf5,

    /* U+004F "O" */
    0x0, 0x0, 0x17, 0xce, 0xfe, 0xb6, 0x0, 0x0,
    0x0, 0x5, 0xff, 0xff, 0xff, 0xff, 0xe3, 0x0,
    0x0, 0x6f, 0xff, 0xb6, 0x57, 0xcf, 0xff, 0x40,
    0x2, 0xff, 0xe3, 0x0, 0x0, 0x5, 0xff, 0xe1,
    0xa, 0xff, 0x30, 0x0, 0x0, 0x0, 0x6f, 0xf7,
    0xf, 0xfc, 0x0, 0x0, 0x0, 0x0, 0xe, 0xfc,
    0x1f, 0xf9, 0x0, 0x0, 0x0, 0x0, 0xb, 0xfe,
    0x1f, 0xf8, 0x0, 0x0, 0x0, 0x0, 0xb, 0xfe,
    0xf, 0xfc, 0x0, 0x0, 0x0, 0x0, 0xe, 0xfc,
    0xa, 0xff, 0x30, 0x0, 0x0, 0x0, 0x6f, 0xf7,
    0x2, 0xff, 0xe3, 0x0, 0x0, 0x5, 0xff, 0xe1,
    0x0, 0x7f, 0xff, 0xb6, 0x57, 0xcf, 0xff, 0x40,
    0x0, 0x6, 0xff, 0xff, 0xff, 0xff, 0xe4, 0x0,
    0x0, 0x0, 0x17, 0xce, 0xfe, 0xb6, 0x0, 0x0,

    /* U+0050 "P" */
    0x2f, 0xff, 0xff, 0xfe, 0xc7, 0x0, 0x2, 0xff,
    0xff, 0xff, 0xff, 0xfe, 0x30, 0x2f, 0xf9, 0x44,
    0x45, 0xaf, 0xfe, 0x2, 0xff, 0x70, 0x0, 0x0,
    0x7f, 0xf5, 0x2f, 0xf7, 0x0, 0x0, 0x1, 0xff,
    0x82, 0xff, 0x70, 0x0, 0x0, 0x1f, 0xf8, 0x2f,
    0xf7, 0x0, 0x0, 0x7, 0xff, 0x52, 0xff, 0x94,
    0x44, 0x5a, 0xff, 0xe0, 0x2f, 0xff, 0xff, 0xff,
    0xff, 0xe2, 0x2, 0xff, 0xff, 0xff, 0xec, 0x70,
    0x0, 0x2f, 0xf7, 0x0, 0x0, 0x0, 0x0, 0x2,
    0xff, 0x70, 0x0, 0x0, 0x0, 0x0, 0x2f, 0xf7,
    0x0, 0x0, 0x0, 0x0, 0x2, 0xff, 0x70, 0x0,
    0x0, 0x0, 0x0,

    /* U+0051 "Q" */
    0x0, 0x0, 0x6, 0xbe, 0xfe, 0xb5, 0x0, 0x0,
    0x0, 0x0, 0x4e, 0xff, 0xff, 0xff, 0xfd, 0x20,
    0x0, 0x0, 0x4f, 0xff, 0xb7, 0x57, 0xcf, 0xfe,
    0x20, 0x0, 0x1e, 0xff, 0x50, 0x0, 0x0, 0x6f,
    0xfd, 0x0, 0x8, 0xff, 0x60, 0x0, 0x0, 0x0,
    0x8f, 0xf5, 0x0, 0xdf, 0xe0, 0x0, 0x0, 0x0,
    0x1, 0xff, 0xa0, 0xf, 0xf9, 0x0, 0x0, 0x0,
    0x0, 0xc, 0xfd, 0x1, 0xff, 0x80, 0x0, 0x0,
    0x0, 0x0, 0xaf, 0xe0, 0xf, 0xf9, 0x0, 0x0,
    0x0, 0x0, 0xc, 0xfd, 0x0, 0xdf, 0xe0, 0x0,
    0x0, 0x0, 0x1, 0xff, 0xb0, 0x8, 0xff, 0x60,
    0x0, 0x0, 0x0, 0x8f, 0xf5, 0x0, 0x1e, 0xff,
    0x50, 0x0, 0x0, 0x7f, 0xfd, 0x0, 0x0, 0x4f,
    0xff, 0xb7, 0x57, 0xcf, 0xff, 0x30, 0x0, 0x0,
    0x4e, 0xff, 0xff, 0xff, 0xfd, 0x30, 0x0, 0x0,
    0x0, 0x6, 0xbf, 0xff, 0xf6, 0x0, 0x0, 0x0,
    0x0, 0x0, 0x0, 0xc, 0xff, 0x91, 0x17, 0xe1,
    0x0, 0x0, 0x0, 0x0, 0x1b, 0xff, 0xff, 0xff,
    0x50, 0x0, 0x0, 0x0, 0x0, 0x6, 0xcf, 0xfc,
    0x40,

    /* U+0052 "R" */
    0x2f, 0xff, 0xff, 0xff, 0xc8, 0x10, 0x2, 0xff,
    0xff, 0xff, 0xff, 0xfe, 0x30, 0x2f, 0xf9, 0x44,
    0x45, 0xaf, 0xfe, 0x2, 0xff, 0x70, 0x0, 0x0,
    0x8f, 0xf5, 0x2f, 0xf7, 0x0, 0x0, 0x1, 0xff,
    0x82, 0xff, 0x70, 0x0, 0x0, 0x1f, 0xf8, 0x2f,
    0xf7, 0x0, 0x0, 0x7, 0xff, 0x52, 0xff, 0x93,
    0x33, 0x49, 0xff, 0xe0, 0x2f, 0xff, 0xff, 0xff,
    0xff, 0xe3, 0x2, 0xff, 0xff, 0xff, 0xff, 0xd1,
    0x0, 0x2f, 0xf7, 0x0, 0x7, 0xff, 0x50, 0x2,
    0xff, 0x70, 0x0, 0xb, 0xff, 0x10, 0x2f, 0xf7,
    0x0, 0x0, 0x1e, 0xfc, 0x2, 0xff, 0x70, 0x0,
    0x0, 0x5f, 0xf7,

    /* U+0053 "S" */
    0x0, 0x6, 0xbe, 0xff, 0xc8, 0x20, 0x1, 0xdf,
    0xff, 0xff, 0xff, 0xf2, 0x9, 0xff, 0xa5, 0x34,
    0x7c, 0xc0, 0xe, 0xfb, 0x0, 0x0, 0x0, 0x10,
    0xf, 0xfb, 0x0, 0x0, 0x0, 0x0, 0xa, 0xff,
    0xb5, 0x10, 0x0, 0x0, 0x1, 0xcf, 0xff, 0xfc,
    0x82, 0x0, 0x0, 0x4, 0xae, 0xff, 0xff, 0xa0,
    0x0, 0x0, 0x0, 0x26, 0xdf, 0xf8, 0x0, 0x0,
    0x0, 0x0, 0xd, 0xfd, 0x5, 0x20, 0x0, 0x0,
    0xd, 0xfc, 0xe, 0xfb, 0x64, 0x35, 0xbf, 0xf8,
    0x1c, 0xff, 0xff, 0xff, 0xff, 0xb0, 0x0, 0x4a,
    0xdf, 0xfe, 0xb5, 0x0,

    /* U+0054 "T" */
    0xef, 0xff, 0xff, 0xff, 0xff, 0xff, 0xef, 0xff,
    0xff, 0xff, 0xff, 0xff, 0x34, 0x44, 0x7f, 0xf7,
    0x44, 0x43, 0x0, 0x0, 0x4f, 0xf5, 0x0, 0x0,
    0x0, 0x0, 0x4f, 0xf5, 0x0, 0x0, 0x0, 0x0,
    0x4f, 0xf5, 0x0, 0x0, 0x0, 0x0, 0x4f, 0xf5,
    0x0, 0x0, 0x0, 0x0, 0x4f, 0xf5, 0x0, 0x0,
    0x0, 0x0, 0x4f, 0xf5, 0x0, 0x0, 0x0, 0x0,
    0x4f, 0xf5, 0x0, 0x0, 0x0, 0x0, 0x4f, 0xf5,
    0x0, 0x0, 0x0, 0x0, 0x4f, 0xf5, 0x0, 0x0,
    0x0, 0x0, 0x4f, 0xf5, 0x0, 0x0, 0x0, 0x0,
    0x4f, 0xf5, 0x0, 0x0,

    /* U+0055 "U" */
    0x3f, 0xf5, 0x0, 0x0, 0x0, 0x8f, 0xf0, 0x3f,
    0xf5, 0x0, 0x0, 0x0, 0x8f, 0xf0, 0x3f, 0xf5,
    0x0, 0x0, 0x0, 0x8f, 0xf0, 0x3f, 0xf5, 0x0,
    0x0, 0x0, 0x8f, 0xf0, 0x3f, 0xf5, 0x0, 0x0,
    0x0, 0x8f, 0xf0, 0x3f, 0xf5, 0x0, 0x0, 0x0,
    0x8f, 0xf0, 0x3f, 0xf5, 0x0, 0x0, 0x0, 0x8f,
    0xf0, 0x3f, 0xf5, 0x0, 0x0, 0x0, 0x8f, 0xf0,
    0x2f, 0xf6, 0x0, 0x0, 0x0, 0x9f, 0xf0, 0x1f,
    0xf9, 0x0, 0x0, 0x0, 0xdf, 0xd0, 0xc, 0xff,
    0x30, 0x0, 0x5, 0xff, 0x90, 0x4, 0xff, 0xf9,
    0x66, 0xaf, 0xff, 0x10, 0x0, 0x7f, 0xff, 0xff,
    0xff, 0xf4, 0x0, 0x0, 0x3, 0xad, 0xff, 0xd8,
    0x10, 0x0,

    /* U+0056 "V" */
    0xd, 0xfe, 0x0, 0x0, 0x0, 0x0, 0x2f, 0xf7,
    0x7, 0xff, 0x50, 0x0, 0x0, 0x0, 0x9f, 0xf1,
    0x0, 0xff, 0xc0, 0x0, 0x0, 0x0, 0xff, 0x90,
    0x0, 0x9f, 0xf3, 0x0, 0x0, 0x7, 0xff, 0x20,
    0x0, 0x2f, 0xfa, 0x0, 0x0, 0xd, 0xfb, 0x0,
    0x0, 0xb, 0xff, 0x10, 0x0, 0x5f, 0xf4, 0x0,
    0x0, 0x4, 0xff, 0x80, 0x0, 0xcf, 0xd0, 0x0,
    0x0, 0x0, 0xdf, 0xe0, 0x3, 0xff, 0x60, 0x0,
    0x0, 0x0, 0x6f, 0xf6, 0xa, 0xfe, 0x0, 0x0,
    0x0, 0x0, 0xe, 0xfd, 0x1f, 0xf8, 0x0, 0x0,
    0x0, 0x0, 0x8, 0xff, 0xbf, 0xf1, 0x0, 0x0,
    0x0, 0x0, 0x1, 0xff, 0xff, 0xa0, 0x0, 0x0,
    0x0, 0x0, 0x0, 0xaf, 0xff, 0x30, 0x0, 0x0,
    0x0, 0x0, 0x0, 0x3f, 0xfc, 0x0, 0x0, 0x0,

    /* U+0057 "W" */
    0x4f, 0xf6, 0x0, 0x0, 0x0, 0xdf, 0xe0, 0x0,
    0x0, 0x4, 0xff, 0x20, 0xef, 0xb0, 0x0, 0x0,
    0x2f, 0xff, 0x30, 0x0, 0x0, 0xaf, 0xd0, 0xa,
    0xff, 0x10, 0x0, 0x8, 0xff, 0xf8, 0x0, 0x0,
    0xf, 0xf8, 0x0, 0x4f, 0xf6, 0x0, 0x0, 0xdf,
    0xff, 0xe0, 0x0, 0x5, 0xff, 0x20, 0x0, 0xff,
    0xb0, 0x0, 0x3f, 0xf6, 0xff, 0x30, 0x0, 0xaf,
    0xd0, 0x0, 0xa, 0xff, 0x0, 0x8, 0xfd, 0xe,
    0xf8, 0x0, 0xf, 0xf8, 0x0, 0x0, 0x4f, 0xf5,
    0x0, 0xdf, 0x80, 0x9f, 0xe0, 0x5, 0xff, 0x20,
    0x0, 0x0, 0xff, 0xb0, 0x3f, 0xf2, 0x3, 0xff,
    0x30, 0xaf, 0xd0, 0x0, 0x0, 0xa, 0xff, 0x8,
    0xfd, 0x0, 0xe, 0xf8, 0xf, 0xf8, 0x0, 0x0,
    0x0, 0x4f, 0xf5, 0xef, 0x70, 0x0, 0x9f, 0xe5,
    0xff, 0x30, 0x0, 0x0, 0x0, 0xff, 0xdf, 0xf2,
    0x0, 0x3, 0xff, 0xdf, 0xd0, 0x0, 0x0, 0x0,
    0xa, 0xff, 0xfc, 0x0, 0x0, 0xe, 0xff, 0xf8,
    0x0, 0x0, 0x0, 0x0, 0x4f, 0xff, 0x70, 0x0,
    0x0, 0x9f, 0xff, 0x30, 0x0, 0x0, 0x0, 0x0,
    0xff, 0xf2, 0x0, 0x0, 0x3, 0xff, 0xd0, 0x0,
    0x0,

    /* U+0058 "X" */
    0x3f, 0xfc, 0x0, 0x0, 0x0, 0xdf, 0xe1, 0x7,
    0xff, 0x70, 0x0, 0x8, 0xff, 0x40, 0x0, 0xbf,
    0xf3, 0x0, 0x4f, 0xf8, 0x0, 0x0, 0x1e, 0xfd,
    0x1, 0xef, 0xc0, 0x0, 0x0, 0x5, 0xff, 0xab,
    0xff, 0x20, 0x0, 0x0, 0x0, 0x9f, 0xff, 0xf5,
    0x0, 0x0, 0x0, 0x0, 0xd, 0xff, 0xa0, 0x0,
    0x0, 0x0, 0x0, 0x2f, 0xff, 0xe1, 0x0, 0x0,
    0x0, 0x0, 0xcf, 0xff, 0xfb, 0x0, 0x0, 0x0,
    0x8, 0xff, 0x58, 0xff, 0x60, 0x0, 0x0, 0x4f,
    0xf9, 0x0, 0xcf, 0xf2, 0x0, 0x1, 0xef, 0xd0,
    0x0, 0x2f, 0xfd, 0x0, 0xb, 0xff, 0x30, 0x0,
    0x5, 0xff, 0x90, 0x7f, 0xf7, 0x0, 0x0, 0x0,
    0xaf, 0xf5,

    /* U+0059 "Y" */
    0xd, 0xfd, 0x0, 0x0, 0x0, 0x7, 0xff, 0x20,
    0x4f, 0xf7, 0x0, 0x0, 0x1, 0xff, 0x70, 0x0,
    0xaf, 0xf2, 0x0, 0x0, 0xaf, 0xd0, 0x0, 0x1,
    0xff, 0xb0, 0x0, 0x4f, 0xf4, 0x0, 0x0, 0x7,
    0xff, 0x40, 0xd, 0xfa, 0x0, 0x0, 0x0, 0xd,
    0xfd, 0x8, 0xff, 0x10, 0x0, 0x0, 0x0, 0x4f,
    0xfa, 0xff, 0x70, 0x0, 0x0, 0x0, 0x0, 0xaf,
    0xff, 0xd0, 0x0, 0x0, 0x0, 0x0, 0x1, 0xff,
    0xf4, 0x0, 0x0, 0x0, 0x0, 0x0, 0xb, 0xfe,
    0x0, 0x0, 0x0, 0x0, 0x0, 0x0, 0xbf, 0xe0,
    0x0, 0x0, 0x0, 0x0, 0x0, 0xb, 0xfe, 0x0,
    0x0, 0x0, 0x0, 0x0, 0x0, 0xbf, 0xe0, 0x0,
    0x0, 0x0, 0x0, 0x0, 0xb, 0xfe, 0x0, 0x0,
    0x0,

    /* U+005A "Z" */
    0xf, 0xff, 0xff, 0xff, 0xff, 0xff, 0x80, 0xff,
    0xff, 0xff, 0xff, 0xff, 0xf7, 0x4, 0x44, 0x44,
    0x44, 0x7f, 0xfd, 0x0, 0x0, 0x0, 0x0, 0x1e,
    0xfe, 0x20, 0x0, 0x0, 0x0, 0xc, 0xff, 0x40,
    0x0, 0x0, 0x0, 0x9, 0xff, 0x60, 0x0, 0x0,
    0x0, 0x7, 0xff, 0x90, 0x0, 0x0, 0x0, 0x4,
    0xff, 0xc0, 0x0, 0x0, 0x0, 0x2, 0xff, 0xe1,
    0x0, 0x0, 0x0, 0x1, 0xdf, 0xf2, 0x0, 0x0,
    0x0, 0x0, 0xbf, 0xf5, 0x0, 0x0, 0x0, 0x0,
    0x9f, 0xfa, 0x33, 0x33, 0x33, 0x32, 0x2f, 0xff,
    0xff, 0xff, 0xff, 0xff, 0xc3, 0xff, 0xff, 0xff,
    0xff, 0xff, 0xfc,

    /* U+005B "[" */
    0x2f, 0xff, 0xfa, 0x2f, 0xff, 0xfa, 0x2f, 0xf6,
    0x0, 0x2f, 0xf6, 0x0, 0x2f, 0xf6, 0x0, 0x2f,
    0xf6, 0x0, 0x2f, 0xf6, 0x0, 0x2f, 0xf6, 0x0,
    0x2f, 0xf6, 0x0, 0x2f, 0xf6, 0x0, 0x2f, 0xf6,
    0x0, 0x2f, 0xf6, 0x0, 0x2f, 0xf6, 0x0, 0x2f,
    0xf6, 0x0, 0x2f, 0xf6, 0x0, 0x2f, 0xf6, 0x0,
    0x2f, 0xf6, 0x0, 0x2f, 0xff, 0xfa, 0x2f, 0xff,
    0xfa,

    /* U+005C "\\" */
    0xaf, 0x90, 0x0, 0x0, 0x0, 0x4f, 0xe0, 0x0,
    0x0, 0x0, 0xe, 0xf4, 0x0, 0x0, 0x0, 0x9,
    0xfa, 0x0, 0x0, 0x0, 0x3, 0xff, 0x0, 0x0,
    0x0, 0x0, 0xef, 0x50, 0x0, 0x0, 0x0, 0x8f,
    0xb0, 0x0, 0x0, 0x0, 0x3f, 0xf1, 0x0, 0x0,
    0x0, 0xd, 0xf6, 0x0, 0x0, 0x0, 0x8, 0xfb,
    0x0, 0x0, 0x0, 0x2, 0xff, 0x10, 0x0, 0x0,
    0x0, 0xcf, 0x60, 0x0, 0x0, 0x0, 0x7f, 0xc0,
    0x0, 0x0, 0x0, 0x1f, 0xf2, 0x0, 0x0, 0x0,
    0xc, 0xf7, 0x0, 0x0, 0x0, 0x6, 0xfd, 0x0,
    0x0, 0x0, 0x1, 0xff, 0x20, 0x0, 0x0, 0x0,
    0xbf, 0x80, 0x0, 0x0, 0x0, 0x6f, 0xd0,

    /* U+005D "]" */
    0xaf, 0xff, 0xf1, 0xaf, 0xff, 0xf1, 0x0, 0x6f,
    0xf1, 0x0, 0x6f, 0xf1, 0x0, 0x6f, 0xf1, 0x0,
    0x6f, 0xf1, 0x0, 0x6f, 0xf1, 0x0, 0x6f, 0xf1,
    0x0, 0x6f, 0xf1, 0x0, 0x6f, 0xf1, 0x0, 0x6f,
    0xf1, 0x0, 0x6f, 0xf1, 0x0, 0x6f, 0xf1, 0x0,
    0x6f, 0xf1, 0x0, 0x6f, 0xf1, 0x0, 0x6f, 0xf1,
    0x0, 0x6f, 0xf1, 0xaf, 0xff, 0xf1, 0xaf, 0xff,
    0xf1,

    /* U+005E "^" */
    0x0, 0x1, 0x87, 0x0, 0x0, 0x0, 0x8, 0xff,
    0x50, 0x0, 0x0, 0xe, 0xef, 0xc0, 0x0, 0x0,
    0x5f, 0x8b, 0xf3, 0x0, 0x0, 0xcf, 0x24, 0xf9,
    0x0, 0x3, 0xfb, 0x0, 0xdf, 0x10, 0xa, 0xf4,
    0x0, 0x7f, 0x70, 0x1f, 0xe0, 0x0, 0x1f, 0xd0,
    0x7f, 0x70, 0x0, 0xa, 0xf4,

    /* U+005F "_" */
    0x88, 0x88, 0x88, 0x88, 0x88, 0xff, 0xff, 0xff,
    0xff, 0xff,

    /* U+0060 "`" */
    0x6f, 0xf6, 0x0, 0x4, 0xff, 0x50, 0x0, 0x2e,
    0xf4,

    /* U+0061 "a" */
    0x0, 0x5b, 0xef, 0xfc, 0x60, 0x0, 0x9f, 0xff,
    0xff, 0xff, 0x90, 0x2, 0xd6, 0x32, 0x4c, 0xff,
    0x30, 0x0, 0x0, 0x0, 0x1f, 0xf7, 0x0, 0x17,
    0x9a, 0xbb, 0xff, 0x90, 0x5f, 0xff, 0xff, 0xff,
    0xf9, 0xe, 0xfc, 0x20, 0x0, 0xef, 0x91, 0xff,
    0x60, 0x0, 0x1f, 0xf9, 0xf, 0xfb, 0x0, 0x1b,
    0xff, 0x90, 0x8f, 0xff, 0xef, 0xfe, 0xf9, 0x0,
    0x6c, 0xff, 0xc4, 0xcf, 0x90,

    /* U+0062 "b" */
    0x5f, 0xf2, 0x0, 0x0, 0x0, 0x0, 0x5f, 0xf2,
    0x0, 0x0, 0x0, 0x0, 0x5f, 0xf2, 0x0, 0x0,
    0x0, 0x0, 0x5f, 0xf2, 0x0, 0x0, 0x0, 0x0,
    0x5f, 0xf3, 0x8d, 0xfe, 0xa3, 0x0, 0x5f, 0xfe,
    0xff, 0xff, 0xff, 0x60, 0x5f, 0xff, 0xb4, 0x36,
    0xef, 0xf2, 0x5f, 0xfb, 0x0, 0x0, 0x2f, 0xfa,
    0x5f, 0xf3, 0x0, 0x0, 0xb, 0xfd, 0x5f, 0xf1,
    0x0, 0x0, 0x9, 0xff, 0x5f, 0xf3, 0x0, 0x0,
    0xb, 0xfd, 0x5f, 0xfb, 0x0, 0x0, 0x3f, 0xf9,
    0x5f, 0xff, 0xb4, 0x36, 0xef, 0xf2, 0x5f, 0xfd,
    0xff, 0xff, 0xff, 0x50, 0x5f, 0xf1, 0x8e, 0xfe,
    0xa3, 0x0,

    /* U+0063 "c" */
    0x0, 0x3, 0xae, 0xfe, 0xa3, 0x0, 0x0, 0x8f,
    0xff, 0xff, 0xff, 0x50, 0x5, 0xff, 0xd5, 0x35,
    0xdf, 0xc0, 0xd, 0xfd, 0x0, 0x0, 0x16, 0x0,
    0x1f, 0xf7, 0x0, 0x0, 0x0, 0x0, 0x3f, 0xf5,
    0x0, 0x0, 0x0, 0x0, 0x1f, 0xf7, 0x0, 0x0,
    0x0, 0x0, 0xd, 0xfd, 0x0, 0x0, 0x17, 0x0,
    0x5, 0xff, 0xd5, 0x35, 0xdf, 0xc0, 0x0, 0x8f,
    0xff, 0xff, 0xff, 0x50, 0x0, 0x3, 0xae, 0xfe,
    0xa3, 0x0,

    /* U+0064 "d" */
    0x0, 0x0, 0x0, 0x0, 0x6, 0xff, 0x10, 0x0,
    0x0, 0x0, 0x0, 0x6f, 0xf1, 0x0, 0x0, 0x0,
    0x0, 0x6, 0xff, 0x10, 0x0, 0x0, 0x0, 0x0,
    0x6f, 0xf1, 0x0, 0x5, 0xbe, 0xfc, 0x66, 0xff,
    0x10, 0x9, 0xff, 0xff, 0xff, 0xef, 0xf1, 0x6,
    0xff, 0xc5, 0x25, 0xdf, 0xff, 0x10, 0xef, 0xd0,
    0x0, 0x1, 0xef, 0xf1, 0x1f, 0xf6, 0x0, 0x0,
    0x8, 0xff, 0x13, 0xff, 0x40, 0x0, 0x0, 0x6f,
    0xf1, 0x1f, 0xf6, 0x0, 0x0, 0x8, 0xff, 0x10,
    0xef, 0xd0, 0x0, 0x1, 0xef, 0xf1, 0x6, 0xff,
    0xd5, 0x35, 0xdf, 0xff, 0x10, 0x9, 0xff, 0xff,
    0xff, 0xdf, 0xf1, 0x0, 0x5, 0xbe, 0xfd, 0x64,
    0xff, 0x10,

    /* U+0065 "e" */
    0x0, 0x4, 0xbe, 0xfd, 0x81, 0x0, 0x0, 0x9f,
    0xff, 0xff, 0xfe, 0x30, 0x6, 0xff, 0x82, 0x14,
    0xdf, 0xe0, 0xd, 0xf9, 0x0, 0x0, 0x1f, 0xf6,
    0x1f, 0xfc, 0xbb, 0xbb, 0xbe, 0xf9, 0x3f, 0xff,
    0xff, 0xff, 0xff, 0xfa, 0x1f, 0xf6, 0x0, 0x0,
    0x0, 0x0, 0xd, 0xfd, 0x10, 0x0, 0x2, 0x0,
    0x5, 0xff, 0xd5, 0x33, 0x9f, 0x50, 0x0, 0x8f,
    0xff, 0xff, 0xff, 0x90, 0x0, 0x3, 0xae, 0xfe,
    0xb5, 0x0,

    /* U+0066 "f" */
    0x0, 0x6, 0xcf, 0xea, 0x0, 0x7, 0xff, 0xff,
    0xb0, 0x0, 0xdf, 0xc2, 0x22, 0x0, 0xf, 0xf6,
    0x0, 0x0, 0xcf, 0xff, 0xff, 0xf5, 0xc, 0xff,
    0xff, 0xff, 0x50, 0x0, 0xff, 0x80, 0x0, 0x0,
    0xf, 0xf7, 0x0, 0x0, 0x0, 0xff, 0x70, 0x0,
    0x0, 0xf, 0xf7, 0x0, 0x0, 0x0, 0xff, 0x70,
    0x0, 0x0, 0xf, 0xf7, 0x0, 0x0, 0x0, 0xff,
    0x70, 0x0, 0x0, 0xf, 0xf7, 0x0, 0x0, 0x0,
    0xff, 0x70, 0x0, 0x0,

    /* U+0067 "g" */
    0x0, 0x5, 0xbe, 0xfd, 0x72, 0xff, 0x30, 0x9,
    0xff, 0xff, 0xff, 0xdf, 0xf3, 0x6, 0xff, 0xd5,
    0x35, 0xcf, 0xff, 0x30, 0xef, 0xd0, 0x0, 0x0,
    0xdf, 0xf3, 0x2f, 0xf7, 0x0, 0x0, 0x6, 0xff,
    0x33, 0xff, 0x50, 0x0, 0x0, 0x4f, 0xf3, 0x1f,
    0xf7, 0x0, 0x0, 0x6, 0xff, 0x30, 0xdf, 0xe0,
    0x0, 0x0, 0xdf, 0xf3, 0x6, 0xff, 0xd5, 0x35,
    0xdf, 0xff, 0x30, 0x9, 0xff, 0xff, 0xff, 0xef,
    0xf3, 0x0, 0x5, 0xbe, 0xfd, 0x75, 0xff, 0x20,
    0x0, 0x0, 0x0, 0x0, 0xaf, 0xe0, 0x1, 0xea,
    0x53, 0x24, 0xaf, 0xf8, 0x0, 0x6f, 0xff, 0xff,
    0xff, 0xfc, 0x0, 0x0, 0x29, 0xce, 0xfe, 0xc6,
    0x0, 0x0,

    /* U+0068 "h" */
    0x5f, 0xf2, 0x0, 0x0, 0x0, 0x0, 0x5f, 0xf2,
    0x0, 0x0, 0x0, 0x0, 0x5f, 0xf2, 0x0, 0x0,
    0x0, 0x0, 0x5f, 0xf2, 0x0, 0x0, 0x0, 0x0,
    0x5f, 0xf3, 0x8d, 0xfe, 0xa2, 0x0, 0x5f, 0xfe,
    0xff, 0xff, 0xff, 0x20, 0x5f, 0xff, 0xb5, 0x49,
    0xff, 0xb0, 0x5f, 0xfa, 0x0, 0x0, 0xbf, 0xf0,
    0x5f, 0xf4, 0x0, 0x0, 0x6f, 0xf2, 0x5f, 0xf2,
    0x0, 0x0, 0x5f, 0xf2, 0x5f, 0xf2, 0x0, 0x0,
    0x5f, 0xf2, 0x5f, 0xf2, 0x0, 0x0, 0x5f, 0xf2,
    0x5f, 0xf2, 0x0, 0x0, 0x5f, 0xf2, 0x5f, 0xf2,
    0x0, 0x0, 0x5f, 0xf2, 0x5f, 0xf2, 0x0, 0x0,
    0x5f, 0xf2,

    /* U+0069 "i" */
    0x6, 0x50, 0x8f, 0xf5, 0x9f, 0xf5, 0x7, 0x60,
    0x0, 0x0, 0x5f, 0xf2, 0x5f, 0xf2, 0x5f, 0xf2,
    0x5f, 0xf2, 0x5f, 0xf2, 0x5f, 0xf2, 0x5f, 0xf2,
    0x5f, 0xf2, 0x5f, 0xf2, 0x5f, 0xf2, 0x5f, 0xf2,

    /* U+006A "j" */
    0x0, 0x0, 0x66, 0x0, 0x0, 0x7f, 0xf7, 0x0,
    0x7, 0xff, 0x70, 0x0, 0x7, 0x70, 0x0, 0x0,
    0x0, 0x0, 0x0, 0x3f, 0xf4, 0x0, 0x3, 0xff,
    0x40, 0x0, 0x3f, 0xf4, 0x0, 0x3, 0xff, 0x40,
    0x0, 0x3f, 0xf4, 0x0, 0x3, 0xff, 0x40, 0x0,
    0x3f, 0xf4, 0x0, 0x3, 0xff, 0x40, 0x0, 0x3f,
    0xf4, 0x0, 0x3, 0xff, 0x40, 0x0, 0x3f, 0xf4,
    0x0, 0x4, 0xff, 0x31, 0x32, 0xbf, 0xf0, 0x8f,
    0xff, 0xf8, 0x7, 0xef, 0xe8, 0x0,

    /* U+006B "k" */
    0x5f, 0xf2, 0x0, 0x0, 0x0, 0x0, 0x5f, 0xf2,
    0x0, 0x0, 0x0, 0x0, 0x5f, 0xf2, 0x0, 0x0,
    0x0, 0x0, 0x5f, 0xf2, 0x0, 0x0, 0x0, 0x0,
    0x5f, 0xf2, 0x0, 0x4, 0xff, 0xc0, 0x5f, 0xf2,
    0x0, 0x4f, 0xfc, 0x0, 0x5f, 0xf2, 0x5, 0xff,
    0xd1, 0x0, 0x5f, 0xf2, 0x5f, 0xfd, 0x10, 0x0,
    0x5f, 0xf8, 0xff, 0xf1, 0x0, 0x0, 0x5f, 0xff,
    0xff, 0xf8, 0x0, 0x0, 0x5f, 0xff, 0xbc, 0xff,
    0x40, 0x0, 0x5f, 0xfb, 0x1, 0xef, 0xe2, 0x0,
    0x5f, 0xf2, 0x0, 0x4f, 0xfc, 0x0, 0x5f, 0xf2,
    0x0, 0x7, 0xff, 0x90, 0x5f, 0xf2, 0x0, 0x0,
    0xaf, 0xf5,

    /* U+006C "l" */
    0x5f, 0xf2, 0x5f, 0xf2, 0x5f, 0xf2, 0x5f, 0xf2,
    0x5f, 0xf2, 0x5f, 0xf2, 0x5f, 0xf2, 0x5f, 0xf2,
    0x5f, 0xf2, 0x5f, 0xf2, 0x5f, 0xf2, 0x5f, 0xf2,
    0x5f, 0xf2, 0x5f, 0xf2, 0x5f, 0xf2,

    /* U+006D "m" */
    0x5f, 0xf2, 0x9e, 0xfe, 0x91, 0x5, 0xcf, 0xfc,
    0x60, 0x5, 0xff, 0xef, 0xff, 0xff, 0xda, 0xff,
    0xff, 0xff, 0x80, 0x5f, 0xff, 0x82, 0x3b, 0xff,
    0xfe, 0x52, 0x4e, 0xff, 0x25, 0xff, 0x90, 0x0,
    0xe, 0xff, 0x40, 0x0, 0x4f, 0xf6, 0x5f, 0xf4,
    0x0, 0x0, 0xcf, 0xe0, 0x0, 0x1, 0xff, 0x75,
    0xff, 0x20, 0x0, 0xb, 0xfd, 0x0, 0x0, 0xf,
    0xf8, 0x5f, 0xf2, 0x0, 0x0, 0xbf, 0xd0, 0x0,
    0x0, 0xff, 0x85, 0xff, 0x20, 0x0, 0xb, 0xfd,
    0x0, 0x0, 0xf, 0xf8, 0x5f, 0xf2, 0x0, 0x0,
    0xbf, 0xd0, 0x0, 0x0, 0xff, 0x85, 0xff, 0x20,
    0x0, 0xb, 0xfd, 0x0, 0x0, 0xf, 0xf8, 0x5f,
    0xf2, 0x0, 0x0, 0xbf, 0xd0, 0x0, 0x0, 0xff,
    0x80,

    /* U+006E "n" */
    0x5f, 0xf1, 0x9d, 0xfe, 0xa2, 0x0, 0x5f, 0xfe,
    0xff, 0xff, 0xff, 0x20, 0x5f, 0xff, 0x93, 0x27,
    0xff, 0xb0, 0x5f, 0xf9, 0x0, 0x0, 0xaf, 0xf0,
    0x5f, 0xf4, 0x0, 0x0, 0x6f, 0xf2, 0x5f, 0xf2,
    0x0, 0x0, 0x5f, 0xf2, 0x5f, 0xf2, 0x0, 0x0,
    0x5f, 0xf2, 0x5f, 0xf2, 0x0, 0x0, 0x5f, 0xf2,
    0x5f, 0xf2, 0x0, 0x0, 0x5f, 0xf2, 0x5f, 0xf2,
    0x0, 0x0, 0x5f, 0xf2, 0x5f, 0xf2, 0x0, 0x0,
    0x5f, 0xf2,

    /* U+006F "o" */
    0x0, 0x3, 0xae, 0xfe, 0xa3, 0x0, 0x0, 0x8,
    0xff, 0xff, 0xff, 0xf7, 0x0, 0x5, 0xff, 0xc5,
    0x35, 0xdf, 0xf4, 0x0, 0xdf, 0xd0, 0x0, 0x1,
    0xef, 0xc0, 0x1f, 0xf6, 0x0, 0x0, 0x8, 0xff,
    0x3, 0xff, 0x40, 0x0, 0x0, 0x6f, 0xf1, 0x1f,
    0xf6, 0x0, 0x0, 0x8, 0xff, 0x0, 0xdf, 0xd0,
    0x0, 0x1, 0xef, 0xc0, 0x5, 0xff, 0xc5, 0x36,
    0xef, 0xf4, 0x0, 0x8, 0xff, 0xff, 0xff, 0xf6,
    0x0, 0x0, 0x3, 0xae, 0xfe, 0xa3, 0x0, 0x0,

    /* U+0070 "p" */
    0x5f, 0xf1, 0x9e, 0xfe, 0xa3, 0x0, 0x5f, 0xfe,
    0xff, 0xff, 0xff, 0x60, 0x5f, 0xff, 0x92, 0x14,
    0xdf, 0xf2, 0x5f, 0xfa, 0x0, 0x0, 0x2f, 0xfa,
    0x5f, 0xf3, 0x0, 0x0, 0xb, 0xfd, 0x5f, 0xf1,
    0x0, 0x0, 0x9, 0xff, 0x5f, 0xf4, 0x0, 0x0,
    0xb, 0xfd, 0x5f, 0xfb, 0x0, 0x0, 0x3f, 0xf9,
    0x5f, 0xff, 0xb4, 0x36, 0xef, 0xf2, 0x5f, 0xfe,
    0xff, 0xff, 0xff, 0x50, 0x5f, 0xf3, 0x8d, 0xfe,
    0xa3, 0x0, 0x5f, 0xf2, 0x0, 0x0, 0x0, 0x0,
    0x5f, 0xf2, 0x0, 0x0, 0x0, 0x0, 0x5f, 0xf2,
    0x0, 0x0, 0x0, 0x0, 0x5f, 0xf2, 0x0, 0x0,
    0x0, 0x0,

    /* U+0071 "q" */
    0x0, 0x5, 0xbe, 0xfc, 0x64, 0xff, 0x10, 0xa,
    0xff, 0xff, 0xff, 0xdf, 0xf1, 0x7, 0xff, 0xc5,
    0x35, 0xdf, 0xff, 0x10, 0xef, 0xd0, 0x0, 0x1,
    0xef, 0xf1, 0x2f, 0xf6, 0x0, 0x0, 0x8, 0xff,
    0x13, 0xff, 0x40, 0x0, 0x0, 0x6f, 0xf1, 0x2f,
    0xf6, 0x0, 0x0, 0x8, 0xff, 0x10, 0xef, 0xd0,
    0x0, 0x1, 0xef, 0xf1, 0x6, 0xff, 0xc5, 0x35,
    0xdf, 0xff, 0x10, 0xa, 0xff, 0xff, 0xff, 0xef,
    0xf1, 0x0, 0x5, 0xbe, 0xfc, 0x66, 0xff, 0x10,
    0x0, 0x0, 0x0, 0x0, 0x6f, 0xf1, 0x0, 0x0,
    0x0, 0x0, 0x6, 0xff, 0x10, 0x0, 0x0, 0x0,
    0x0, 0x6f, 0xf1, 0x0, 0x0, 0x0, 0x0, 0x6,
    0xff, 0x10,

    /* U+0072 "r" */
    0x5f, 0xf1, 0x8d, 0xc5, 0xff, 0xdf, 0xfd, 0x5f,
    0xff, 0xb5, 0x35, 0xff, 0xb0, 0x0, 0x5f, 0xf4,
    0x0, 0x5, 0xff, 0x20, 0x0, 0x5f, 0xf2, 0x0,
    0x5, 0xff, 0x20, 0x0, 0x5f, 0xf2, 0x0, 0x5,
    0xff, 0x20, 0x0, 0x5f, 0xf2, 0x0, 0x0,

    /* U+0073 "s" */
    0x0, 0x5b, 0xef, 0xeb, 0x71, 0x9, 0xff, 0xff,
    0xff, 0xf2, 0x2f, 0xfa, 0x21, 0x36, 0x80, 0x3f,
    0xf4, 0x0, 0x0, 0x0, 0x1f, 0xff, 0xa7, 0x40,
    0x0, 0x4, 0xef, 0xff, 0xff, 0x90, 0x0, 0x3,
    0x79, 0xdf, 0xf8, 0x0, 0x0, 0x0, 0xc, 0xfb,
    0xd, 0x94, 0x11, 0x4e, 0xfa, 0x6f, 0xff, 0xff,
    0xff, 0xe2, 0x5, 0xae, 0xff, 0xd8, 0x10,

    /* U+0074 "t" */
    0x0, 0x88, 0x30, 0x0, 0x0, 0xf, 0xf7, 0x0,
    0x0, 0x0, 0xff, 0x70, 0x0, 0xc, 0xff, 0xff,
    0xff, 0x50, 0xcf, 0xff, 0xff, 0xf5, 0x0, 0xf,
    0xf8, 0x0, 0x0, 0x0, 0xff, 0x70, 0x0, 0x0,
    0xf, 0xf7, 0x0, 0x0, 0x0, 0xff, 0x70, 0x0,
    0x0, 0xf, 0xf7, 0x0, 0x0, 0x0, 0xff, 0x80,
    0x0, 0x0, 0xd, 0xfd, 0x33, 0x30, 0x0, 0x6f,
    0xff, 0xfc, 0x0, 0x0, 0x6d, 0xfe, 0x80,

    /* U+0075 "u" */
    0x7f, 0xf1, 0x0, 0x0, 0x8f, 0xf7, 0xff, 0x10,
    0x0, 0x8, 0xff, 0x7f, 0xf1, 0x0, 0x0, 0x8f,
    0xf7, 0xff, 0x10, 0x0, 0x8, 0xff, 0x7f, 0xf1,
    0x0, 0x0, 0x8f, 0xf7, 0xff, 0x10, 0x0, 0x8,
    0xff, 0x6f, 0xf2, 0x0, 0x0, 0xaf, 0xf4, 0xff,
    0x60, 0x0, 0x1f, 0xff, 0x1f, 0xff, 0x74, 0x6e,
    0xff, 0xf0, 0x6f, 0xff, 0xff, 0xfd, 0xff, 0x0,
    0x4b, 0xff, 0xc5, 0x6f, 0xf0,

    /* U+0076 "v" */
    0xe, 0xfb, 0x0, 0x0, 0x0, 0xef, 0x60, 0x7f,
    0xf1, 0x0, 0x0, 0x6f, 0xf0, 0x1, 0xff, 0x80,
    0x0, 0xd, 0xf9, 0x0, 0xa, 0xfe, 0x0, 0x3,
    0xff, 0x20, 0x0, 0x3f, 0xf5, 0x0, 0xaf, 0xc0,
    0x0, 0x0, 0xcf, 0xb0, 0x1f, 0xf5, 0x0, 0x0,
    0x6, 0xff, 0x27, 0xfe, 0x0, 0x0, 0x0, 0xe,
    0xf8, 0xef, 0x80, 0x0, 0x0, 0x0, 0x8f, 0xff,
    0xf1, 0x0, 0x0, 0x0, 0x2, 0xff, 0xfa, 0x0,
    0x0, 0x0, 0x0, 0xb, 0xff, 0x40, 0x0, 0x0,

    /* U+0077 "w" */
    0xbf, 0x90, 0x0, 0x0, 0xff, 0x70, 0x0, 0x1,
    0xff, 0x16, 0xfe, 0x0, 0x0, 0x5f, 0xfd, 0x0,
    0x0, 0x7f, 0xc0, 0xf, 0xf4, 0x0, 0xb, 0xff,
    0xf2, 0x0, 0xc, 0xf6, 0x0, 0xaf, 0xa0, 0x1,
    0xff, 0xdf, 0x80, 0x2, 0xff, 0x10, 0x5, 0xff,
    0x0, 0x6f, 0xc6, 0xfe, 0x0, 0x8f, 0xa0, 0x0,
    0xe, 0xf5, 0xc, 0xf6, 0x1f, 0xf3, 0xd, 0xf5,
    0x0, 0x0, 0x9f, 0xb2, 0xff, 0x10, 0xaf, 0x93,
    0xff, 0x0, 0x0, 0x4, 0xff, 0x9f, 0xb0, 0x5,
    0xfe, 0x9f, 0x90, 0x0, 0x0, 0xe, 0xff, 0xf5,
    0x0, 0xe, 0xff, 0xf4, 0x0, 0x0, 0x0, 0x8f,
    0xfe, 0x0, 0x0, 0x9f, 0xfe, 0x0, 0x0, 0x0,
    0x2, 0xff, 0x90, 0x0, 0x3, 0xff, 0x80, 0x0,
    0x0,

    /* U+0078 "x" */
    0x4f, 0xf8, 0x0, 0x1, 0xef, 0xb0, 0x8, 0xff,
    0x30, 0xb, 0xfe, 0x10, 0x0, 0xcf, 0xe1, 0x7f,
    0xf3, 0x0, 0x0, 0x1e, 0xfc, 0xff, 0x70, 0x0,
    0x0, 0x4, 0xff, 0xfb, 0x0, 0x0, 0x0, 0x0,
    0xdf, 0xf4, 0x0, 0x0, 0x0, 0x7, 0xff, 0xfd,
    0x0, 0x0, 0x0, 0x3f, 0xf9, 0xff, 0xa0, 0x0,
    0x1, 0xef, 0xc0, 0x5f, 0xf6, 0x0, 0xb, 0xfe,
    0x10, 0xa, 0xff, 0x20, 0x7f, 0xf4, 0x0, 0x0,
    0xdf, 0xd0,

    /* U+0079 "y" */
    0xd, 0xfb, 0x0, 0x0, 0x0, 0xef, 0x60, 0x7f,
    0xf2, 0x0, 0x0, 0x6f, 0xf0, 0x1, 0xff, 0x80,
    0x0, 0xc, 0xf9, 0x0, 0x9, 0xfe, 0x0, 0x3,
    0xff, 0x20, 0x0, 0x2f, 0xf5, 0x0, 0xaf, 0xb0,
    0x0, 0x0, 0xcf, 0xc0, 0x1f, 0xf4, 0x0, 0x0,
    0x5, 0xff, 0x37, 0xfd, 0x0, 0x0, 0x0, 0xe,
    0xfa, 0xef, 0x70, 0x0, 0x0, 0x0, 0x7f, 0xff,
    0xf1, 0x0, 0x0, 0x0, 0x1, 0xff, 0xf9, 0x0,
    0x0, 0x0, 0x0, 0x9, 0xff, 0x20, 0x0, 0x0,
    0x0, 0x0, 0xbf, 0xc0, 0x0, 0x0, 0x7, 0x52,
    0x7f, 0xf4, 0x0, 0x0, 0x1, 0xff, 0xff, 0xfb,
    0x0, 0x0, 0x0, 0x7, 0xdf, 0xd7, 0x0, 0x0,
    0x0, 0x0,

    /* U+007A "z" */
    0x2f, 0xff, 0xff, 0xff, 0xfd, 0x2f, 0xff, 0xff,
    0xff, 0xfc, 0x0, 0x0, 0x0, 0xbf, 0xf2, 0x0,
    0x0, 0x8, 0xff, 0x40, 0x0, 0x0, 0x5f, 0xf7,
    0x0, 0x0, 0x2, 0xff, 0xb0, 0x0, 0x0, 0x1d,
    0xfd, 0x0, 0x0, 0x0, 0xbf, 0xf2, 0x0, 0x0,
    0x8, 0xff, 0x50, 0x0, 0x0, 0x2f, 0xff, 0xff,
    0xff, 0xff, 0x3f, 0xff, 0xff, 0xff, 0xff,

    /* U+007B "{" */
    0x0, 0x2b, 0xef, 0x10, 0xe, 0xff, 0xf1, 0x3,
    0xff, 0x81, 0x0, 0x5f, 0xf2, 0x0, 0x5, 0xff,
    0x20, 0x0, 0x5f, 0xf2, 0x0, 0x5, 0xff, 0x20,
    0x0, 0x8f, 0xf1, 0x0, 0xef, 0xfb, 0x0, 0xe,
    0xff, 0x90, 0x0, 0x19, 0xff, 0x10, 0x0, 0x5f,
    0xf2, 0x0, 0x5, 0xff, 0x20, 0x0, 0x5f, 0xf2,
    0x0, 0x5, 0xff, 0x20, 0x0, 0x5f, 0xf2, 0x0,
    0x3, 0xff, 0x91, 0x0, 0xd, 0xff, 0xf1, 0x0,
    0x2b, 0xef, 0x10,

    /* U+007C "|" */
    0x2f, 0xf3, 0x2f, 0xf3, 0x2f, 0xf3, 0x2f, 0xf3,
    0x2f, 0xf3, 0x2f, 0xf3, 0x2f, 0xf3, 0x2f, 0xf3,
    0x2f, 0xf3, 0x2f, 0xf3, 0x2f, 0xf3, 0x2f, 0xf3,
    0x2f, 0xf3, 0x2f, 0xf3, 0x2f, 0xf3, 0x2f, 0xf3,
    0x2f, 0xf3, 0x2f, 0xf3, 0x2f, 0xf3,

    /* U+007D "}" */
    0xaf, 0xd6, 0x0, 0xa, 0xff, 0xf5, 0x0, 0x3,
    0xff, 0xa0, 0x0, 0xc, 0xfc, 0x0, 0x0, 0xbf,
    0xc0, 0x0, 0xb, 0xfc, 0x0, 0x0, 0xbf, 0xc0,
    0x0, 0xb, 0xfe, 0x10, 0x0, 0x5f, 0xff, 0x50,
    0x3, 0xef, 0xf5, 0x0, 0xaf, 0xe2, 0x0, 0xb,
    0xfc, 0x0, 0x0, 0xbf, 0xc0, 0x0, 0xb, 0xfc,
    0x0, 0x0, 0xbf, 0xc0, 0x0, 0xc, 0xfb, 0x0,
    0x3, 0xff, 0x90, 0xa, 0xff, 0xf4, 0x0, 0xaf,
    0xd5, 0x0, 0x0,

    /* U+007E "~" */
    0x6, 0xdd, 0x60, 0x0, 0xda, 0x5f, 0xff, 0xfa,
    0x15, 0xf8, 0xbf, 0x32, 0xdf, 0xff, 0xf3, 0xec,
    0x0, 0x9, 0xfe, 0x50,

    /* U+00A0 " " */

    /* U+00A1 "¡" */
    0x5e, 0xc1, 0xcf, 0xf5, 0x7f, 0xe1, 0x1, 0x0,
    0x14, 0x30, 0x3f, 0xd0, 0x4f, 0xe0, 0x5f, 0xe0,
    0x6f, 0xf0, 0x7f, 0xf0, 0x8f, 0xf1, 0x8f, 0xf2,
    0x9f, 0xf3, 0xaf, 0xf4,

    /* U+00A2 "¢" */
    0x0, 0x0, 0x5, 0xc2, 0x0, 0x0, 0x0, 0x0,
    0x7, 0xf3, 0x0, 0x0, 0x0, 0x0, 0x19, 0xf7,
    0x10, 0x0, 0x0, 0x1a, 0xff, 0xff, 0xfa, 0x0,
    0x1, 0xdf, 0xff, 0xff, 0xff, 0xb0, 0x9, 0xff,
    0x77, 0xf3, 0x7f, 0x60, 0xf, 0xfa, 0x7, 0xf3,
    0x0, 0x0, 0x2f, 0xf5, 0x7, 0xf3, 0x0, 0x0,
    0x3f, 0xf5, 0x7, 0xf3, 0x0, 0x0, 0x1f, 0xf8,
    0x7, 0xf3, 0x0, 0x0, 0xb, 0xff, 0x37, 0xf3,
    0x4c, 0x30, 0x2, 0xff, 0xfd, 0xfc, 0xff, 0xd0,
    0x0, 0x3e, 0xff, 0xff, 0xfd, 0x20, 0x0, 0x0,
    0x5b, 0xfa, 0x50, 0x0, 0x0, 0x0, 0x7, 0xf3,
    0x0, 0x0, 0x0, 0x0, 0x7, 0xf3, 0x0, 0x0,

    /* U+00A3 "£" */
    0x0, 0x0, 0x5, 0xae, 0xfe, 0xd9, 0x30, 0x0,
    0xb, 0xff, 0xff, 0xff, 0xfa, 0x0, 0x9, 0xff,
    0xd7, 0x56, 0x8d, 0x40, 0x0, 0xff, 0xd0, 0x0,
    0x0, 0x0, 0x0, 0x3f, 0xf6, 0x0, 0x0, 0x0,
    0x0, 0x4, 0xff, 0x40, 0x0, 0x0, 0x0, 0x6f,
    0xff, 0xff, 0xff, 0xff, 0x50, 0x4, 0xac, 0xff,
    0xca, 0xaa, 0xa3, 0x0, 0x0, 0x4f, 0xf4, 0x0,
    0x0, 0x0, 0x0, 0x4, 0xff, 0x40, 0x0, 0x0,
    0x0, 0x0, 0x4f, 0xf4, 0x0, 0x0, 0x0, 0x1,
    0x37, 0xff, 0x73, 0x33, 0x33, 0x31, 0x6f, 0xff,
    0xff, 0xff, 0xff, 0xff, 0x86, 0xff, 0xff, 0xff,
    0xff, 0xff, 0xf8,

    /* U+00A4 "¤" */
    0x0, 0x0, 0x0, 0x0, 0x0, 0x0, 0x0, 0xa,
    0xa0, 0x0, 0x0, 0x0, 0xa, 0xa0, 0x3f, 0xfa,
    0x4b, 0xee, 0xb5, 0xaf, 0xf2, 0x5, 0xff, 0xff,
    0xff, 0xff, 0xff, 0x50, 0x0, 0x9f, 0xf7, 0x22,
    0x7f, 0xf9, 0x0, 0x0, 0xef, 0x50, 0x0, 0x5,
    0xfe, 0x0, 0x3, 0xfd, 0x0, 0x0, 0x0, 0xcf,
    0x30, 0x4, 0xfa, 0x0, 0x0, 0x0, 0xaf, 0x50,
    0x3, 0xfd, 0x0, 0x0, 0x0, 0xcf, 0x30, 0x0,
    0xef, 0x50, 0x0, 0x4, 0xfe, 0x0, 0x0, 0x9f,
    0xf7, 0x22, 0x7f, 0xf9, 0x0, 0x3, 0xff, 0xff,
    0xff, 0xff, 0xff, 0x30, 0x2f, 0xfb, 0x5b, 0xee,
    0xc5, 0xbf, 0xf2, 0xb, 0xb0, 0x0, 0x0, 0x0,
    0xc, 0xb0, 0x0, 0x0, 0x0, 0x0, 0x0, 0x0,
    0x0,

    /* U+00A5 "¥" */
    0xd, 0xfd, 0x0, 0x0, 0x0, 0x0, 0x5f, 0xf4,
    0x2, 0xff, 0x90, 0x0, 0x0, 0x1, 0xef, 0x90,
    0x0, 0x7f, 0xf4, 0x0, 0x0, 0xb, 0xfd, 0x0,
    0x0, 0xc, 0xfe, 0x10, 0x0, 0x6f, 0xf3, 0x0,
    0x0, 0x2, 0xff, 0xa0, 0x2, 0xff, 0x80, 0x0,
    0x0, 0x0, 0x6f, 0xf5, 0xc, 0xfc, 0x0, 0x0,
    0x0, 0x0, 0xb, 0xff, 0x9f, 0xf2, 0x0, 0x0,
    0x0, 0x1, 0x13, 0xff, 0xff, 0x81, 0x10, 0x0,
    0x0, 0x1f, 0xff, 0xff, 0xff, 0xff, 0xf8, 0x0,
    0x0, 0x4, 0x44, 0x5f, 0xfa, 0x44, 0x42, 0x0,
    0x0, 0x1, 0x11, 0x2f, 0xf9, 0x11, 0x10, 0x0,
    0x0, 0x1f, 0xff, 0xff, 0xff, 0xff, 0xf8, 0x0,
    0x0, 0x4, 0x44, 0x5f, 0xfa, 0x44, 0x42, 0x0,
    0x0, 0x0, 0x0, 0x1f, 0xf8, 0x0, 0x0, 0x0,

    /* U+00A6 "¦" */
    0x2f, 0xf3, 0x2f, 0xf3, 0x2f, 0xf3, 0x2f, 0xf3,
    0x2f, 0xf3, 0x2f, 0xf3, 0x2f, 0xf3, 0x2, 0x20,
    0x0, 0x0, 0x0, 0x0, 0x0, 0x0, 0x2, 0x20,
    0x2f, 0xf3, 0x2f, 0xf3, 0x2f, 0xf3, 0x2f, 0xf3,
    0x2f, 0xf3, 0x2f, 0xf3, 0x2f, 0xf3,

    /* U+00A7 "§" */
    0x0, 0x29, 0xef, 0xfd, 0x82, 0x3, 0xff, 0xff,
    0xff, 0xf8, 0xb, 0xfb, 0x20, 0x3, 0x92, 0xe,
    0xf5, 0x0, 0x0, 0x0, 0xc, 0xfd, 0x40, 0x0,
    0x0, 0x3, 0xff, 0xff, 0xb5, 0x0, 0xb, 0xfe,
    0xcf, 0xff, 0xc0, 0x3f, 0xf1, 0x1, 0x6f, 0xf6,
    0x5f, 0xe0, 0x0, 0xa, 0xf8, 0x2f, 0xfb, 0x40,
    0x1e, 0xf6, 0x9, 0xff, 0xff, 0xff, 0xd0, 0x0,
    0x39, 0xef, 0xff, 0x70, 0x0, 0x0, 0x2, 0xaf,
    0xf0, 0x0, 0x0, 0x0, 0x1f, 0xf1, 0x1e, 0x82,
    0x1, 0x9f, 0xe0, 0x5f, 0xff, 0xff, 0xff, 0x60,
    0x4, 0xad, 0xfe, 0xb4, 0x0,

    /* U+00A8 "¨" */
    0x4, 0x50, 0x5, 0x40, 0x1f, 0xf2, 0x3f, 0xf1,
    0xc, 0xd1, 0x1d, 0xc0,

    /* U+00A9 "©" */
    0x0, 0x0, 0x18, 0xce, 0xec, 0x71, 0x0, 0x0,
    0x0, 0x6f, 0xb5, 0x33, 0x5b, 0xf5, 0x0, 0x0,
    0x6e, 0x40, 0x0, 0x0, 0x5, 0xf5, 0x0, 0x2f,
    0x30, 0x3b, 0xef, 0xc4, 0x5, 0xf1, 0xa, 0x90,
    0x3f, 0xfd, 0xcf, 0xf3, 0xb, 0x80, 0xe3, 0xc,
    0xf7, 0x0, 0x45, 0x0, 0x6d, 0x1f, 0x10, 0xfe,
    0x0, 0x0, 0x0, 0x3, 0xf1, 0xf1, 0xf, 0xe0,
    0x0, 0x0, 0x0, 0x3f, 0xf, 0x30, 0xcf, 0x70,
    0x4, 0x60, 0x5, 0xd0, 0xb8, 0x3, 0xff, 0xdd,
    0xff, 0x30, 0xa8, 0x4, 0xf2, 0x3, 0xbe, 0xfc,
    0x40, 0x3f, 0x20, 0x9, 0xd2, 0x0, 0x0, 0x0,
    0x3e, 0x70, 0x0, 0x9, 0xe7, 0x20, 0x3, 0x8f,
    0x70, 0x0, 0x0, 0x4, 0xbf, 0xff, 0xfa, 0x20,
    0x0, 0x0, 0x0, 0x0, 0x1, 0x10, 0x0, 0x0,
    0x0,

    /* U+00AA "ª" */
    0x6, 0xcf, 0xe9, 0x0, 0xc9, 0x69, 0xf9, 0x0,
    0x0, 0xd, 0xe0, 0x6c, 0xee, 0xff, 0x3f, 0x92,
    0x1c, 0xf4, 0xf8, 0x14, 0xff, 0xa, 0xff, 0xed,
    0xf0, 0x1, 0x20, 0x12,

    /* U+00AB "«" */
    0x0, 0x8, 0xe8, 0x6, 0xea, 0x0, 0x4, 0xfe,
    0x12, 0xff, 0x20, 0x1, 0xef, 0x40, 0xdf, 0x60,
    0x0, 0xbf, 0x90, 0x9f, 0xb0, 0x0, 0xd, 0xf7,
    0xb, 0xf9, 0x0, 0x0, 0x2f, 0xf3, 0x1e, 0xf5,
    0x0, 0x0, 0x6f, 0xd0, 0x4f, 0xe1, 0x0, 0x0,
    0xaf, 0x90, 0x8f, 0xb0,

    /* U+00AC "¬" */
    0x0, 0x0, 0x0, 0x0, 0x0, 0xbf, 0xff, 0xff,
    0xff, 0xf8, 0xbf, 0xff, 0xff, 0xff, 0xf8, 0x0,
    0x0, 0x0, 0xa, 0xf8, 0x0, 0x0, 0x0, 0xa,
    0xf8, 0x0, 0x0, 0x0, 0xa, 0xf8, 0x0, 0x0,
    0x0, 0x5, 0x84,

    /* U+00AE "®" */
    0x0, 0x0, 0x18, 0xce, 0xec, 0x71, 0x0, 0x0,
    0x0, 0x6f, 0xb5, 0x33, 0x5b, 0xf5, 0x0, 0x0,
    0x6e, 0x41, 0x11, 0x0, 0x5, 0xf5, 0x0, 0x2f,
    0x30, 0xff, 0xff, 0xe6, 0x5, 0xf1, 0xa, 0x90,
    0xf, 0xc4, 0x5b, 0xf4, 0xb, 0x80, 0xe3, 0x0,
    0xfb, 0x0, 0x2f, 0x80, 0x6d, 0x1f, 0x10, 0xf,
    0xb1, 0x19, 0xf6, 0x3, 0xf1, 0xf1, 0x0, 0xff,
    0xff, 0xfa, 0x0, 0x3f, 0xf, 0x30, 0xf, 0xc4,
    0x7f, 0x50, 0x5, 0xd0, 0xb8, 0x0, 0xfb, 0x0,
    0xce, 0x0, 0xa8, 0x4, 0xf2, 0xd, 0x90, 0x2,
    0xd6, 0x3f, 0x20, 0x9, 0xd2, 0x0, 0x0, 0x0,
    0x3e, 0x70, 0x0, 0x9, 0xe7, 0x20, 0x3, 0x8f,
    0x70, 0x0, 0x0, 0x4, 0xbf, 0xff, 0xfa, 0x20,
    0x0, 0x0, 0x0, 0x0, 0x1, 0x10, 0x0, 0x0,
    0x0,

    /* U+00AF "¯" */
    0x38, 0x88, 0x88, 0x83, 0x7f, 0xff, 0xff, 0xf7,

    /* U+00B0 "°" */
    0x0, 0x0, 0x0, 0x0, 0x1, 0xaf, 0xfc, 0x30,
    0xb, 0xe6, 0x5b, 0xf1, 0x2f, 0x40, 0x0, 0xe7,
    0x2f, 0x30, 0x0, 0xe8, 0xd, 0xc3, 0x29, 0xf3,
    0x2, 0xdf, 0xff, 0x50, 0x0, 0x2, 0x30, 0x0,

    /* U+00B1 "±" */
    0x0, 0x2, 0xed, 0x0, 0x0, 0x0, 0x2, 0xff,
    0x0, 0x0, 0x0, 0x2, 0xff, 0x0, 0x0, 0x0,
    0x2, 0xff, 0x0, 0x0, 0xbf, 0xff, 0xff, 0xff,
    0xf8, 0xbf, 0xff, 0xff, 0xff, 0xf8, 0x0, 0x2,
    0xff, 0x0, 0x0, 0x0, 0x2, 0xff, 0x0, 0x0,
    0x0, 0x2, 0xff, 0x0, 0x0, 0x0, 0x0, 0x0,
    0x0, 0x0, 0x0, 0x0, 0x0, 0x0, 0x0, 0xbf,
    0xff, 0xff, 0xff, 0xf8, 0xbf, 0xff, 0xff, 0xff,
    0xf8,

    /* U+00B2 "²" */
    0x5, 0xcf, 0xec, 0x40, 0x3f, 0xd9, 0xaf, 0xf2,
    0x2, 0x0, 0x8, 0xf4, 0x0, 0x0, 0x1e, 0xd0,
    0x0, 0x3, 0xed, 0x20, 0x0, 0x7f, 0xb1, 0x0,
    0xa, 0xfe, 0x77, 0x75, 0x2f, 0xff, 0xff, 0xfb,

    /* U+00B3 "³" */
    0x3f, 0xff, 0xff, 0xf5, 0x17, 0x77, 0x9f, 0xd1,
    0x0, 0x2, 0xed, 0x10, 0x0, 0xd, 0xfc, 0x50,
    0x0, 0x5, 0x6b, 0xf7, 0x1, 0x0, 0x1, 0xfb,
    0x4f, 0xc9, 0x9d, 0xf6, 0x18, 0xdf, 0xfd, 0x60,

    /* U+00B4 "´" */
    0x0, 0x6f, 0xf6, 0x5, 0xff, 0x40, 0x4f, 0xe2,
    0x0,

    /* U+00B5 "µ" */
    0x5f, 0xf2, 0x0, 0x0, 0x6f, 0xf1, 0x5f, 0xf2,
    0x0, 0x0, 0x6f, 0xf1, 0x5f, 0xf2, 0x0, 0x0,
    0x6f, 0xf1, 0x5f, 0xf2, 0x0, 0x0, 0x6f, 0xf1,
    0x5f, 0xf2, 0x0, 0x0, 0x6f, 0xf1, 0x5f, 0xf2,
    0x0, 0x0, 0x6f, 0xf1, 0x5f, 0xf3, 0x0, 0x0,
    0x8f, 0xf1, 0x5f, 0xf7, 0x0, 0x0, 0xdf, 0xf1,
    0x5f, 0xff, 0x62, 0x4c, 0xff, 0xf1, 0x5f, 0xff,
    0xff, 0xff, 0xef, 0xf1, 0x5f, 0xf8, 0xdf, 0xe9,
    0x5f, 0xf1, 0x5f, 0xf2, 0x0, 0x0, 0x0, 0x0,
    0x5f, 0xf2, 0x0, 0x0, 0x0, 0x0, 0x5f, 0xf2,
    0x0, 0x0, 0x0, 0x0, 0x5f, 0xf2, 0x0, 0x0,
    0x0, 0x0,

    /* U+00B6 "¶" */
    0x0, 0x8d, 0xff, 0xff, 0xff, 0xf7, 0xc, 0xff,
    0xff, 0xfe, 0xef, 0xf7, 0x6f, 0xff, 0xff, 0x90,
    0xa, 0xf7, 0xaf, 0xff, 0xff, 0x90, 0xa, 0xf7,
    0x8f, 0xff, 0xff, 0x90, 0xa, 0xf7, 0x3f, 0xff,
    0xff, 0x90, 0xa, 0xf7, 0x6, 0xff, 0xff, 0x90,
    0xa, 0xf7, 0x0, 0x15, 0xbf, 0x90, 0xa, 0xf7,
    0x0, 0x0, 0x7f, 0x90, 0xa, 0xf7, 0x0, 0x0,
    0x7f, 0x90, 0xa, 0xf7, 0x0, 0x0, 0x7f, 0x90,
    0xa, 0xf7, 0x0, 0x0, 0x7f, 0x90, 0xa, 0xf7,
    0x0, 0x0, 0x7f, 0x90, 0xa, 0xf7, 0x0, 0x0,
    0x7f, 0x90, 0xa, 0xf7, 0x0, 0x0, 0x7f, 0x90,
    0xa, 0xf7, 0x0, 0x0, 0x7f, 0x90, 0xa, 0xf7,
    0x0, 0x0, 0x6e, 0x80, 0x9, 0xe6,

    /* U+00B7 "·" */
    0x5, 0x30, 0x9f, 0xf4, 0xbf, 0xf6, 0x4e, 0xd1,

    /* U+00B8 "¸" */
    0x0, 0xd8, 0x0, 0x1, 0xfd, 0x50, 0x0, 0x1c,
    0xf0, 0x4, 0x1b, 0xf0, 0x4f, 0xff, 0x70, 0x1,
    0x31, 0x0,

    /* U+00B9 "¹" */
    0x4f, 0xff, 0x90, 0x2, 0x79, 0xf9, 0x0, 0x0,
    0x4f, 0x90, 0x0, 0x4, 0xf9, 0x0, 0x0, 0x4f,
    0x90, 0x0, 0x4, 0xf9, 0x0, 0x37, 0x9f, 0xc7,
    0x37, 0xff, 0xff, 0xf7,

    /* U+00BA "º" */
    0x1, 0xae, 0xfc, 0x50, 0xd, 0xf9, 0x8d, 0xf5,
    0x5f, 0x70, 0x1, 0xfc, 0x6f, 0x50, 0x0, 0xed,
    0x1f, 0xd4, 0x39, 0xf8, 0x5, 0xef, 0xff, 0xa0,
    0x0, 0x4, 0x42, 0x0,

    /* U+00BB "»" */
    0x1d, 0xd2, 0xc, 0xe4, 0x0, 0x7, 0xfd, 0x4,
    0xfe, 0x10, 0x0, 0xbf, 0x90, 0x9f, 0xb0, 0x0,
    0x1e, 0xf4, 0xd, 0xf7, 0x0, 0xd, 0xf6, 0xb,
    0xf8, 0x0, 0xaf, 0xa0, 0x7f, 0xc0, 0x5, 0xfe,
    0x13, 0xff, 0x20, 0x1e, 0xf3, 0xd, 0xf6, 0x0,

    /* U+00BC "¼" */
    0x2, 0x22, 0x10, 0x0, 0x0, 0x0, 0x1, 0x20,
    0x0, 0x0, 0x4f, 0xff, 0x90, 0x0, 0x0, 0x0,
    0x3f, 0xb0, 0x0, 0x0, 0x15, 0x7f, 0x90, 0x0,
    0x0, 0x0, 0xdf, 0x10, 0x0, 0x0, 0x0, 0x4f,
    0x90, 0x0, 0x0, 0x8, 0xf6, 0x0, 0x0, 0x0,
    0x0, 0x4f, 0x90, 0x0, 0x0, 0x3f, 0xb0, 0x0,
    0x0, 0x0, 0x0, 0x4f, 0x90, 0x0, 0x0, 0xdf,
    0x20, 0x0, 0x0, 0x0, 0x0, 0x4f, 0x90, 0x0,
    0x8, 0xf6, 0x0, 0x3, 0x51, 0x0, 0x2, 0x5f,
    0x92, 0x0, 0x3f, 0xb0, 0x0, 0x3f, 0xc0, 0x0,
    0x7f, 0xff, 0xff, 0x70, 0xdf, 0x20, 0x0, 0xdf,
    0x20, 0x0, 0x25, 0x55, 0x55, 0x28, 0xf6, 0x0,
    0x9, 0xf5, 0x0, 0x0, 0x0, 0x0, 0x0, 0x3f,
    0xc0, 0x0, 0x5f, 0xa0, 0x9a, 0x0, 0x0, 0x0,
    0x0, 0xdf, 0x20, 0x1, 0xee, 0x32, 0xcd, 0x20,
    0x0, 0x0, 0x7, 0xf7, 0x0, 0x7, 0xff, 0xff,
    0xff, 0xf5, 0x0, 0x0, 0x2f, 0xc0, 0x0, 0x2,
    0x55, 0x55, 0xfe, 0x51, 0x0, 0x0, 0xcf, 0x20,
    0x0, 0x0, 0x0, 0x0, 0xed, 0x0, 0x0, 0x1,
    0x53, 0x0, 0x0, 0x0, 0x0, 0x0, 0x44, 0x0,

    /* U+00BD "½" */
    0x2, 0x22, 0x10, 0x0, 0x0, 0x0, 0x1, 0x20,
    0x0, 0x4, 0xff, 0xf9, 0x0, 0x0, 0x0, 0x3,
    0xfb, 0x0, 0x0, 0x15, 0x7f, 0x90, 0x0, 0x0,
    0x0, 0xdf, 0x10, 0x0, 0x0, 0x4, 0xf9, 0x0,
    0x0, 0x0, 0x8f, 0x60, 0x0, 0x0, 0x0, 0x4f,
    0x90, 0x0, 0x0, 0x3f, 0xb0, 0x0, 0x0, 0x0,
    0x4, 0xf9, 0x0, 0x0, 0xd, 0xf2, 0x0, 0x0,
    0x0, 0x0, 0x4f, 0x90, 0x0, 0x8, 0xf6, 0x4,
    0x77, 0x40, 0x0, 0x25, 0xf9, 0x20, 0x3, 0xfb,
    0x1c, 0xff, 0xff, 0xc0, 0x7f, 0xff, 0xff, 0x70,
    0xdf, 0x20, 0x97, 0x11, 0x9f, 0x62, 0x55, 0x55,
    0x52, 0x8f, 0x60, 0x0, 0x0, 0x6, 0xf7, 0x0,
    0x0, 0x0, 0x3f, 0xc0, 0x0, 0x0, 0x1, 0xef,
    0x10, 0x0, 0x0, 0xd, 0xf2, 0x0, 0x0, 0x2,
    0xef, 0x40, 0x0, 0x0, 0x7, 0xf7, 0x0, 0x0,
    0x3, 0xef, 0x30, 0x0, 0x0, 0x2, 0xfc, 0x0,
    0x0, 0x4, 0xff, 0x52, 0x21, 0x0, 0x0, 0xcf,
    0x20, 0x0, 0x0, 0xef, 0xff, 0xff, 0xd0, 0x0,
    0x15, 0x30, 0x0, 0x0, 0x4, 0x55, 0x55, 0x54,

    /* U+00BE "¾" */
    0x2, 0x22, 0x22, 0x20, 0x0, 0x0, 0x0, 0x12,
    0x0, 0x0, 0x3, 0xff, 0xff, 0xff, 0x50, 0x0,
    0x0, 0x3f, 0xb0, 0x0, 0x0, 0x15, 0x55, 0x7f,
    0xd1, 0x0, 0x0, 0xd, 0xf1, 0x0, 0x0, 0x0,
    0x0, 0x2e, 0xd1, 0x0, 0x0, 0x8, 0xf6, 0x0,
    0x0, 0x0, 0x0, 0xd, 0xfa, 0x30, 0x0, 0x3,
    0xfb, 0x0, 0x0, 0x0, 0x0, 0x0, 0x9a, 0xef,
    0x50, 0x0, 0xdf, 0x20, 0x0, 0x0, 0x0, 0x0,
    0x0, 0x2, 0xfb, 0x0, 0x8f, 0x60, 0x0, 0x34,
    0x10, 0x1, 0x93, 0x10, 0x6f, 0x90, 0x3f, 0xb0,
    0x0, 0x2f, 0xc0, 0x0, 0x5f, 0xff, 0xff, 0xd1,
    0xd, 0xf2, 0x0, 0xd, 0xf2, 0x0, 0x0, 0x15,
    0x77, 0x50, 0x8, 0xf6, 0x0, 0x9, 0xf6, 0x0,
    0x0, 0x0, 0x0, 0x0, 0x3, 0xfc, 0x0, 0x4,
    0xfa, 0x8, 0x90, 0x0, 0x0, 0x0, 0x0, 0xdf,
    0x20, 0x1, 0xee, 0x32, 0xcd, 0x20, 0x0, 0x0,
    0x0, 0x7f, 0x70, 0x0, 0x7f, 0xff, 0xff, 0xff,
    0x50, 0x0, 0x0, 0x2f, 0xc0, 0x0, 0x2, 0x55,
    0x55, 0xfe, 0x51, 0x0, 0x0, 0xc, 0xf2, 0x0,
    0x0, 0x0, 0x0, 0xe, 0xd0, 0x0, 0x0, 0x1,
    0x53, 0x0, 0x0, 0x0, 0x0, 0x0, 0x44, 0x0,

    /* U+00BF "¿" */
    0x0, 0x4, 0xed, 0x20, 0x0, 0x0, 0x0, 0xaf,
    0xf7, 0x0, 0x0, 0x0, 0x5, 0xff, 0x20, 0x0,
    0x0, 0x0, 0x1, 0x0, 0x0, 0x0, 0x0, 0x1,
    0x33, 0x0, 0x0, 0x0, 0x0, 0x8f, 0xf1, 0x0,
    0x0, 0x0, 0x3f, 0xfa, 0x0, 0x0, 0x0, 0x3e,
    0xfc, 0x10, 0x0, 0x0, 0x2e, 0xfc, 0x0, 0x0,
    0x0, 0x9, 0xff, 0x10, 0x0, 0x0, 0x0, 0xcf,
    0xe0, 0x0, 0x0, 0x40, 0xa, 0xff, 0x91, 0x2,
    0x9f, 0xe3, 0x3f, 0xff, 0xff, 0xff, 0xfb, 0x0,
    0x3b, 0xff, 0xff, 0xd6, 0x0, 0x0, 0x0, 0x22,
    0x10, 0x0, 0x0,

    /* U+00C0 "À" */
    0x0, 0x0, 0x1b, 0xfd, 0x20, 0x0, 0x0, 0x0,
    0x0, 0x0, 0x0, 0x6, 0xfe, 0x20, 0x0, 0x0,
    0x0, 0x0, 0x0, 0x0, 0x2, 0x86, 0x0, 0x0,
    0x0, 0x0, 0x0, 0x0, 0x0, 0x0, 0x0, 0x0,
    0x0, 0x0, 0x0, 0x0, 0x0, 0x1f, 0xff, 0x0,
    0x0, 0x0, 0x0, 0x0, 0x0, 0x7, 0xff, 0xf7,
    0x0, 0x0, 0x0, 0x0, 0x0, 0x0, 0xef, 0xff,
    0xe0, 0x0, 0x0, 0x0, 0x0, 0x0, 0x5f, 0xf4,
    0xff, 0x50, 0x0, 0x0, 0x0, 0x0, 0xd, 0xfa,
    0xc, 0xfc, 0x0, 0x0, 0x0, 0x0, 0x4, 0xff,
    0x40, 0x5f, 0xf3, 0x0, 0x0, 0x0, 0x0, 0xbf,
    0xd0, 0x0, 0xef, 0xb0, 0x0, 0x0, 0x0, 0x2f,
    0xf6, 0x0, 0x8, 0xff, 0x20, 0x0, 0x0, 0x9,
    0xff, 0x21, 0x11, 0x3f, 0xf9, 0x0, 0x0, 0x1,
    0xff, 0xff, 0xff, 0xff, 0xff, 0xf1, 0x0, 0x0,
    0x8f, 0xff, 0xff, 0xff, 0xff, 0xff, 0x70, 0x0,
    0xe, 0xfb, 0x0, 0x0, 0x0, 0xc, 0xfe, 0x0,
    0x6, 0xff, 0x40, 0x0, 0x0, 0x0, 0x5f, 0xf6,
    0x0, 0xdf, 0xc0, 0x0, 0x0, 0x0, 0x0, 0xdf,
    0xd0,

    /* U+00C1 "Á" */
    0x0, 0x0, 0x0, 0x0, 0x2e, 0xfa, 0x10, 0x0,
    0x0, 0x0, 0x0, 0x0, 0x3e, 0xf6, 0x0, 0x0,
    0x0, 0x0, 0x0, 0x0, 0x7, 0x72, 0x0, 0x0,
    0x0, 0x0, 0x0, 0x0, 0x0, 0x0, 0x0, 0x0,
    0x0, 0x0, 0x0, 0x0, 0x0, 0x1f, 0xff, 0x0,
    0x0, 0x0, 0x0, 0x0, 0x0, 0x7, 0xff, 0xf7,
    0x0, 0x0, 0x0, 0x0, 0x0, 0x0, 0xef, 0xff,
    0xe0, 0x0, 0x0, 0x0, 0x0, 0x0, 0x5f, 0xf4,
    0xff, 0x50, 0x0, 0x0, 0x0, 0x0, 0xd, 0xfa,
    0xc, 0xfc, 0x0, 0x0, 0x0, 0x0, 0x4, 0xff,
    0x40, 0x5f, 0xf3, 0x0, 0x0, 0x0, 0x0, 0xbf,
    0xd0, 0x0, 0xef, 0xb0, 0x0, 0x0, 0x0, 0x2f,
    0xf6, 0x0, 0x8, 0xff, 0x20, 0x0, 0x0, 0x9,
    0xff, 0x21, 0x11, 0x3f, 0xf9, 0x0, 0x0, 0x1,
    0xff, 0xff, 0xff, 0xff, 0xff, 0xf1, 0x0, 0x0,
    0x8f, 0xff, 0xff, 0xff, 0xff, 0xff, 0x70, 0x0,
    0xe, 0xfb, 0x0, 0x0, 0x0, 0xc, 0xfe, 0x0,
    0x6, 0xff, 0x40, 0x0, 0x0, 0x0, 0x5f, 0xf6,
    0x0, 0xdf, 0xc0, 0x0, 0x0, 0x0, 0x0, 0xdf,
    0xd0,

    /* U+00C2 "Â" */
    0x0, 0x0, 0x0, 0x3f, 0xfe, 0x30, 0x0, 0x0,
    0x0, 0x0, 0x0, 0x4f, 0xd5, 0xdf, 0x40, 0x0,
    0x0, 0x0, 0x0, 0x7, 0x70, 0x1, 0x77, 0x0,
    0x0, 0x0, 0x0, 0x0, 0x0, 0x0, 0x0, 0x0,
    0x0, 0x0, 0x0, 0x0, 0x0, 0x1f, 0xff, 0x0,
    0x0, 0x0, 0x0, 0x0, 0x0, 0x7, 0xff, 0xf7,
    0x0, 0x0, 0x0, 0x0, 0x0, 0x0, 0xef, 0xff,
    0xe0, 0x0, 0x0, 0x0, 0x0, 0x0, 0x5f, 0xf4,
    0xff, 0x50, 0x0, 0x0, 0x0, 0x0, 0xd, 0xfa,
    0xc, 0xfc, 0x0, 0x0, 0x0, 0x0, 0x4, 0xff,
    0x40, 0x5f, 0xf3, 0x0, 0x0, 0x0, 0x0, 0xbf,
    0xd0, 0x0, 0xef, 0xb0, 0x0, 0x0, 0x0, 0x2f,
    0xf6, 0x0, 0x8, 0xff, 0x20, 0x0, 0x0, 0x9,
    0xff, 0x21, 0x11, 0x3f, 0xf9, 0x0, 0x0, 0x1,
    0xff, 0xff, 0xff, 0xff, 0xff, 0xf1, 0x0, 0x0,
    0x8f, 0xff, 0xff, 0xff, 0xff, 0xff, 0x70, 0x0,
    0xe, 0xfb, 0x0, 0x0, 0x0, 0xc, 0xfe, 0x0,
    0x6, 0xff, 0x40, 0x0, 0x0, 0x0, 0x5f, 0xf6,
    0x0, 0xdf, 0xc0, 0x0, 0x0, 0x0, 0x0, 0xdf,
    0xd0,

    /* U+00C3 "Ã" */
    0x0, 0x0, 0x1, 0x77, 0x0, 0x19, 0x20, 0x0,
    0x0, 0x0, 0x0, 0xcf, 0xfd, 0x27, 0xf2, 0x0,
    0x0, 0x0, 0x0, 0x3f, 0x73, 0xdf, 0xfb, 0x0,
    0x0, 0x0, 0x0, 0x3, 0x91, 0x1, 0x78, 0x10,
    0x0, 0x0, 0x0, 0x0, 0x0, 0x0, 0x0, 0x0,
    0x0, 0x0, 0x0, 0x0, 0x0, 0x1, 0xff, 0xf0,
    0x0, 0x0, 0x0, 0x0, 0x0, 0x0, 0x7f, 0xff,
    0x70, 0x0, 0x0, 0x0, 0x0, 0x0, 0xe, 0xff,
    0xfe, 0x0, 0x0, 0x0, 0x0, 0x0, 0x5, 0xff,
    0x4f, 0xf5, 0x0, 0x0, 0x0, 0x0, 0x0, 0xdf,
    0xa0, 0xcf, 0xc0, 0x0, 0x0, 0x0, 0x0, 0x4f,
    0xf4, 0x5, 0xff, 0x30, 0x0, 0x0, 0x0, 0xb,
    0xfd, 0x0, 0xe, 0xfb, 0x0, 0x0, 0x0, 0x2,
    0xff, 0x60, 0x0, 0x8f, 0xf2, 0x0, 0x0, 0x0,
    0x9f, 0xf2, 0x11, 0x13, 0xff, 0x90, 0x0, 0x0,
    0x1f, 0xff, 0xff, 0xff, 0xff, 0xff, 0x10, 0x0,
    0x8, 0xff, 0xff, 0xff, 0xff, 0xff, 0xf7, 0x0,
    0x0, 0xef, 0xb0, 0x0, 0x0, 0x0, 0xcf, 0xe0,
    0x0, 0x6f, 0xf4, 0x0, 0x0, 0x0, 0x5, 0xff,
    0x60, 0xd, 0xfc, 0x0, 0x0, 0x0, 0x0, 0xd,
    0xfd, 0x0,

    /* U+00C4 "Ä" */
    0x0, 0x0, 0x5, 0xf6, 0x7, 0xf5, 0x0, 0x0,
    0x0, 0x0, 0x0, 0x9f, 0xa0, 0xbf, 0x80, 0x0,
    0x0, 0x0, 0x0, 0x1, 0x61, 0x1, 0x60, 0x0,
    0x0, 0x0, 0x0, 0x0, 0x0, 0x0, 0x0, 0x0,
    0x0, 0x0, 0x0, 0x0, 0x0, 0x1f, 0xff, 0x0,
    0x0, 0x0, 0x0, 0x0, 0x0, 0x7, 0xff, 0xf7,
    0x0, 0x0, 0x0, 0x0, 0x0, 0x0, 0xef, 0xff,
    0xe0, 0x0, 0x0, 0x0, 0x0, 0x0, 0x5f, 0xf4,
    0xff, 0x50, 0x0, 0x0, 0x0, 0x0, 0xd, 0xfa,
    0xc, 0xfc, 0x0, 0x0, 0x0, 0x0, 0x4, 0xff,
    0x40, 0x5f, 0xf3, 0x0, 0x0, 0x0, 0x0, 0xbf,
    0xd0, 0x0, 0xef, 0xb0, 0x0, 0x0, 0x0, 0x2f,
    0xf6, 0x0, 0x8, 0xff, 0x20, 0x0, 0x0, 0x9,
    0xff, 0x21, 0x11, 0x3f, 0xf9, 0x0, 0x0, 0x1,
    0xff, 0xff, 0xff, 0xff, 0xff, 0xf1, 0x0, 0x0,
    0x8f, 0xff, 0xff, 0xff, 0xff, 0xff, 0x70, 0x0,
    0xe, 0xfb, 0x0, 0x0, 0x0, 0xc, 0xfe, 0x0,
    0x6, 0xff, 0x40, 0x0, 0x0, 0x0, 0x5f, 0xf6,
    0x0, 0xdf, 0xc0, 0x0, 0x0, 0x0, 0x0, 0xdf,
    0xd0,

    /* U+00C5 "Å" */
    0x0, 0x0, 0x0, 0x9, 0xd9, 0x0, 0x0, 0x0,
    0x0, 0x0, 0x0, 0x8, 0xb2, 0xc7, 0x0, 0x0,
    0x0, 0x0, 0x0, 0x0, 0xc4, 0x5, 0xb0, 0x0,
    0x0, 0x0, 0x0, 0x0, 0xb, 0x50, 0x6a, 0x0,
    0x0, 0x0, 0x0, 0x0, 0x0, 0x5e, 0x8e, 0x40,
    0x0, 0x0, 0x0, 0x0, 0x0, 0x0, 0x47, 0x30,
    0x0, 0x0, 0x0, 0x0, 0x0, 0x0, 0x1f, 0xff,
    0x0, 0x0, 0x0, 0x0, 0x0, 0x0, 0x7, 0xff,
    0xf7, 0x0, 0x0, 0x0, 0x0, 0x0, 0x0, 0xef,
    0xff, 0xe0, 0x0, 0x0, 0x0, 0x0, 0x0, 0x5f,
    0xf4, 0xff, 0x50, 0x0, 0x0, 0x0, 0x0, 0xd,
    0xfa, 0xc, 0xfc, 0x0, 0x0, 0x0, 0x0, 0x4,
    0xff, 0x40, 0x5f, 0xf3, 0x0, 0x0, 0x0, 0x0,
    0xbf, 0xd0, 0x0, 0xef, 0xb0, 0x0, 0x0, 0x0,
    0x2f, 0xf6, 0x0, 0x8, 0xff, 0x20, 0x0, 0x0,
    0x9, 0xff, 0x21, 0x11, 0x3f, 0xf9, 0x0, 0x0,
    0x1, 0xff, 0xff, 0xff, 0xff, 0xff, 0xf1, 0x0,
    0x0, 0x8f, 0xff, 0xff, 0xff, 0xff, 0xff, 0x70,
    0x0, 0xe, 0xfb, 0x0, 0x0, 0x0, 0xc, 0xfe,
    0x0, 0x6, 0xff, 0x40, 0x0, 0x0, 0x0, 0x5f,
    0xf6, 0x0, 0xdf, 0xc0, 0x0, 0x0, 0x0, 0x0,
    0xdf, 0xd0,

    /* U+00C6 "Æ" */
    0x0, 0x0, 0x0, 0x0, 0x4f, 0xff, 0xff, 0xff,
    0xff, 0xff, 0xf0, 0x0, 0x0, 0x0, 0x0, 0xdf,
    0xff, 0xff, 0xff, 0xff, 0xff, 0xf0, 0x0, 0x0,
    0x0, 0x6, 0xff, 0x8f, 0xf7, 0x33, 0x33, 0x33,
    0x30, 0x0, 0x0, 0x0, 0x1e, 0xf9, 0x4f, 0xf5,
    0x0, 0x0, 0x0, 0x0, 0x0, 0x0, 0x0, 0x9f,
    0xf1, 0x4f, 0xf5, 0x0, 0x0, 0x0, 0x0, 0x0,
    0x0, 0x2, 0xff, 0x70, 0x4f, 0xf7, 0x22, 0x22,
    0x22, 0x0, 0x0, 0x0, 0xb, 0xfe, 0x0, 0x4f,
    0xff, 0xff, 0xff, 0xff, 0x10, 0x0, 0x0, 0x5f,
    0xf5, 0x0, 0x4f, 0xff, 0xff, 0xff, 0xff, 0x10,
    0x0, 0x0, 0xdf, 0xd1, 0x11, 0x5f, 0xf5, 0x0,
    0x0, 0x0, 0x0, 0x0, 0x7, 0xff, 0xff, 0xff,
    0xff, 0xf5, 0x0, 0x0, 0x0, 0x0, 0x0, 0x1f,
    0xff, 0xff, 0xff, 0xff, 0xf5, 0x0, 0x0, 0x0,
    0x0, 0x0, 0xaf, 0xf2, 0x0, 0x0, 0x4f, 0xf7,
    0x33, 0x33, 0x33, 0x30, 0x3, 0xff, 0x70, 0x0,
    0x0, 0x4f, 0xff, 0xff, 0xff, 0xff, 0xf3, 0xc,
    0xfd, 0x0, 0x0, 0x0, 0x4f, 0xff, 0xff, 0xff,
    0xff, 0xf3,

    /* U+00C7 "Ç" */
    0x0, 0x0, 0x17, 0xce, 0xfe, 0xb5, 0x0, 0x0,
    0x6, 0xff, 0xff, 0xff, 0xff, 0xc1, 0x0, 0x7f,
    0xff, 0xb7, 0x57, 0xbf, 0xfa, 0x2, 0xff, 0xe3,
    0x0, 0x0, 0x4, 0x90, 0xa, 0xff, 0x30, 0x0,
    0x0, 0x0, 0x0, 0xf, 0xfc, 0x0, 0x0, 0x0,
    0x0, 0x0, 0x1f, 0xf8, 0x0, 0x0, 0x0, 0x0,
    0x0, 0x1f, 0xf8, 0x0, 0x0, 0x0, 0x0, 0x0,
    0xf, 0xfc, 0x0, 0x0, 0x0, 0x0, 0x0, 0xa,
    0xff, 0x30, 0x0, 0x0, 0x0, 0x0, 0x2, 0xff,
    0xe3, 0x0, 0x0, 0x4, 0x90, 0x0, 0x7f, 0xff,
    0xb6, 0x57, 0xbf, 0xfa, 0x0, 0x6, 0xff, 0xff,
    0xff, 0xff, 0xc1, 0x0, 0x0, 0x17, 0xcf, 0xfe,
    0xb5, 0x0, 0x0, 0x0, 0x0, 0xa, 0xc0, 0x0,
    0x0, 0x0, 0x0, 0x0, 0x9, 0xde, 0x10, 0x0,
    0x0, 0x0, 0x0, 0x31, 0x7f, 0x50, 0x0, 0x0,
    0x0, 0x0, 0xff, 0xfc, 0x0, 0x0, 0x0, 0x0,
    0x0, 0x13, 0x20, 0x0, 0x0,

    /* U+00C8 "È" */
    0x0, 0x5e, 0xf8, 0x0, 0x0, 0x0, 0x0, 0x1,
    0xcf, 0x90, 0x0, 0x0, 0x0, 0x0, 0x6, 0x83,
    0x0, 0x0, 0x0, 0x0, 0x0, 0x0, 0x0, 0x0,
    0x2f, 0xff, 0xff, 0xff, 0xff, 0xf1, 0x2f, 0xff,
    0xff, 0xff, 0xff, 0xf1, 0x2f, 0xf9, 0x33, 0x33,
    0x33, 0x30, 0x2f, 0xf7, 0x0, 0x0, 0x0, 0x0,
    0x2f, 0xf7, 0x0, 0x0, 0x0, 0x0, 0x2f, 0xf9,
    0x22, 0x22, 0x22, 0x0, 0x2f, 0xff, 0xff, 0xff,
    0xff, 0x30, 0x2f, 0xff, 0xff, 0xff, 0xff, 0x30,
    0x2f, 0xf7, 0x0, 0x0, 0x0, 0x0, 0x2f, 0xf7,
    0x0, 0x0, 0x0, 0x0, 0x2f, 0xf7, 0x0, 0x0,
    0x0, 0x0, 0x2f, 0xf9, 0x33, 0x33, 0x33, 0x31,
    0x2f, 0xff, 0xff, 0xff, 0xff, 0xf6, 0x2f, 0xff,
    0xff, 0xff, 0xff, 0xf6,

    /* U+00C9 "É" */
    0x0, 0x0, 0x0, 0x8f, 0xe5, 0x0, 0x0, 0x0,
    0x9, 0xfc, 0x10, 0x0, 0x0, 0x0, 0x38, 0x60,
    0x0, 0x0, 0x0, 0x0, 0x0, 0x0, 0x0, 0x0,
    0x2f, 0xff, 0xff, 0xff, 0xff, 0xf1, 0x2f, 0xff,
    0xff, 0xff, 0xff, 0xf1, 0x2f, 0xf9, 0x33, 0x33,
    0x33, 0x30, 0x2f, 0xf7, 0x0, 0x0, 0x0, 0x0,
    0x2f, 0xf7, 0x0, 0x0, 0x0, 0x0, 0x2f, 0xf9,
    0x22, 0x22, 0x22, 0x0, 0x2f, 0xff, 0xff, 0xff,
    0xff, 0x30, 0x2f, 0xff, 0xff, 0xff, 0xff, 0x30,
    0x2f, 0xf7, 0x0, 0x0, 0x0, 0x0, 0x2f, 0xf7,
    0x0, 0x0, 0x0, 0x0, 0x2f, 0xf7, 0x0, 0x0,
    0x0, 0x0, 0x2f, 0xf9, 0x33, 0x33, 0x33, 0x31,
    0x2f, 0xff, 0xff, 0xff, 0xff, 0xf6, 0x2f, 0xff,
    0xff, 0xff, 0xff, 0xf6,

    /* U+00CA "Ê" */
    0x0, 0x0, 0xaf, 0xfa, 0x0, 0x0, 0x0, 0xb,
    0xf8, 0x8f, 0xb0, 0x0, 0x0, 0x48, 0x40, 0x4,
    0x84, 0x0, 0x0, 0x0, 0x0, 0x0, 0x0, 0x0,
    0x2f, 0xff, 0xff, 0xff, 0xff, 0xf1, 0x2f, 0xff,
    0xff, 0xff, 0xff, 0xf1, 0x2f, 0xf9, 0x33, 0x33,
    0x33, 0x30, 0x2f, 0xf7, 0x0, 0x0, 0x0, 0x0,
    0x2f, 0xf7, 0x0, 0x0, 0x0, 0x0, 0x2f, 0xf9,
    0x22, 0x22, 0x22, 0x0, 0x2f, 0xff, 0xff, 0xff,
    0xff, 0x30, 0x2f, 0xff, 0xff, 0xff, 0xff, 0x30,
    0x2f, 0xf7, 0x0, 0x0, 0x0, 0x0, 0x2f, 0xf7,
    0x0, 0x0, 0x0, 0x0, 0x2f, 0xf7, 0x0, 0x0,
    0x0, 0x0, 0x2f, 0xf9, 0x33, 0x33, 0x33, 0x31,
    0x2f, 0xff, 0xff, 0xff, 0xff, 0xf6, 0x2f, 0xff,
    0xff, 0xff, 0xff, 0xf6,

    /* U+00CB "Ë" */
    0x0, 0xc, 0xd1, 0x1d, 0xc0, 0x0, 0x0, 0x1f,
    0xf2, 0x3f, 0xf1, 0x0, 0x0, 0x4, 0x40, 0x5,
    0x40, 0x0, 0x0, 0x0, 0x0, 0x0, 0x0, 0x0,
    0x2f, 0xff, 0xff, 0xff, 0xff, 0xf1, 0x2f, 0xff,
    0xff, 0xff, 0xff, 0xf1, 0x2f, 0xf9, 0x33, 0x33,
    0x33, 0x30, 0x2f, 0xf7, 0x0, 0x0, 0x0, 0x0,
    0x2f, 0xf7, 0x0, 0x0, 0x0, 0x0, 0x2f, 0xf9,
    0x22, 0x22, 0x22, 0x0, 0x2f, 0xff, 0xff, 0xff,
    0xff, 0x30, 0x2f, 0xff, 0xff, 0xff, 0xff, 0x30,
    0x2f, 0xf7, 0x0, 0x0, 0x0, 0x0, 0x2f, 0xf7,
    0x0, 0x0, 0x0, 0x0, 0x2f, 0xf7, 0x0, 0x0,
    0x0, 0x0, 0x2f, 0xf9, 0x33, 0x33, 0x33, 0x31,
    0x2f, 0xff, 0xff, 0xff, 0xff, 0xf6, 0x2f, 0xff,
    0xff, 0xff, 0xff, 0xf6,

    /* U+00CC "Ì" */
    0x3d, 0xfa, 0x0, 0x0, 0xaf, 0xb0, 0x0, 0x5,
    0x84, 0x0, 0x0, 0x0, 0x0, 0x2f, 0xf7, 0x0,
    0x2f, 0xf7, 0x0, 0x2f, 0xf7, 0x0, 0x2f, 0xf7,
    0x0, 0x2f, 0xf7, 0x0, 0x2f, 0xf7, 0x0, 0x2f,
    0xf7, 0x0, 0x2f, 0xf7, 0x0, 0x2f, 0xf7, 0x0,
    0x2f, 0xf7, 0x0, 0x2f, 0xf7, 0x0, 0x2f, 0xf7,
    0x0, 0x2f, 0xf7, 0x0, 0x2f, 0xf7,

    /* U+00CD "Í" */
    0x0, 0x5f, 0xf7, 0x0, 0x6f, 0xd3, 0x0, 0x17,
    0x70, 0x0, 0x0, 0x0, 0x0, 0x0, 0x2f, 0xf7,
    0x0, 0x2, 0xff, 0x70, 0x0, 0x2f, 0xf7, 0x0,
    0x2, 0xff, 0x70, 0x0, 0x2f, 0xf7, 0x0, 0x2,
    0xff, 0x70, 0x0, 0x2f, 0xf7, 0x0, 0x2, 0xff,
    0x70, 0x0, 0x2f, 0xf7, 0x0, 0x2, 0xff, 0x70,
    0x0, 0x2f, 0xf7, 0x0, 0x2, 0xff, 0x70, 0x0,
    0x2f, 0xf7, 0x0, 0x2, 0xff, 0x70, 0x0,

    /* U+00CE "Î" */
    0x0, 0x7f, 0xfc, 0x10, 0x8, 0xfa, 0x6f, 0xd1,
    0x28, 0x50, 0x3, 0x85, 0x0, 0x0, 0x0, 0x0,
    0x0, 0x2f, 0xf7, 0x0, 0x0, 0x2f, 0xf7, 0x0,
    0x0, 0x2f, 0xf7, 0x0, 0x0, 0x2f, 0xf7, 0x0,
    0x0, 0x2f, 0xf7, 0x0, 0x0, 0x2f, 0xf7, 0x0,
    0x0, 0x2f, 0xf7, 0x0, 0x0, 0x2f, 0xf7, 0x0,
    0x0, 0x2f, 0xf7, 0x0, 0x0, 0x2f, 0xf7, 0x0,
    0x0, 0x2f, 0xf7, 0x0, 0x0, 0x2f, 0xf7, 0x0,
    0x0, 0x2f, 0xf7, 0x0, 0x0, 0x2f, 0xf7, 0x0,

    /* U+00CF "Ï" */
    0xae, 0x20, 0xce, 0x1e, 0xf5, 0xf, 0xf3, 0x25,
    0x0, 0x35, 0x0, 0x0, 0x0, 0x0, 0x2, 0xff,
    0x70, 0x0, 0x2f, 0xf7, 0x0, 0x2, 0xff, 0x70,
    0x0, 0x2f, 0xf7, 0x0, 0x2, 0xff, 0x70, 0x0,
    0x2f, 0xf7, 0x0, 0x2, 0xff, 0x70, 0x0, 0x2f,
    0xf7, 0x0, 0x2, 0xff, 0x70, 0x0, 0x2f, 0xf7,
    0x0, 0x2, 0xff, 0x70, 0x0, 0x2f, 0xf7, 0x0,
    0x2, 0xff, 0x70, 0x0, 0x2f, 0xf7, 0x0,

    /* U+00D0 "Ð" */
    0x0, 0xef, 0xff, 0xff, 0xfd, 0xb5, 0x0, 0x0,
    0x0, 0xef, 0xff, 0xff, 0xff, 0xff, 0xd3, 0x0,
    0x0, 0xef, 0xc4, 0x44, 0x46, 0xbf, 0xff, 0x30,
    0x0, 0xef, 0xb0, 0x0, 0x0, 0x5, 0xff, 0xe0,
    0x0, 0xef, 0xb0, 0x0, 0x0, 0x0, 0x7f, 0xf5,
    0x0, 0xef, 0xb0, 0x0, 0x0, 0x0, 0xf, 0xfa,
    0xef, 0xff, 0xff, 0xff, 0x70, 0x0, 0xd, 0xfc,
    0xdf, 0xff, 0xff, 0xff, 0x60, 0x0, 0xd, 0xfc,
    0x0, 0xef, 0xb0, 0x0, 0x0, 0x0, 0xf, 0xfa,
    0x0, 0xef, 0xb0, 0x0, 0x0, 0x0, 0x7f, 0xf6,
    0x0, 0xef, 0xb0, 0x0, 0x0, 0x4, 0xff, 0xe0,
    0x0, 0xef, 0xc3, 0x33, 0x46, 0xbf, 0xff, 0x30,
    0x0, 0xef, 0xff, 0xff, 0xff, 0xff, 0xe4, 0x0,
    0x0, 0xef, 0xff, 0xff, 0xfd, 0xb6, 0x0, 0x0,

    /* U+00D1 "Ñ" */
    0x0, 0x0, 0x38, 0x40, 0x5, 0x80, 0x0, 0x0,
    0x3, 0xff, 0xf9, 0x1c, 0xc0, 0x0, 0x0, 0x9,
    0xf1, 0x7f, 0xff, 0x50, 0x0, 0x0, 0x7, 0x70,
    0x3, 0x85, 0x0, 0x0, 0x0, 0x0, 0x0, 0x0,
    0x0, 0x0, 0x0, 0x2f, 0xf6, 0x0, 0x0, 0x0,
    0x4f, 0xf5, 0x2f, 0xff, 0x40, 0x0, 0x0, 0x4f,
    0xf5, 0x2f, 0xff, 0xe2, 0x0, 0x0, 0x4f, 0xf5,
    0x2f, 0xff, 0xfd, 0x0, 0x0, 0x4f, 0xf5, 0x2f,
    0xfe, 0xff, 0xa0, 0x0, 0x4f, 0xf5, 0x2f, 0xf7,
    0xbf, 0xf7, 0x0, 0x4f, 0xf5, 0x2f, 0xf7, 0x1d,
    0xff, 0x40, 0x4f, 0xf5, 0x2f, 0xf7, 0x2, 0xff,
    0xf2, 0x4f, 0xf5, 0x2f, 0xf7, 0x0, 0x4f, 0xfd,
    0x5f, 0xf5, 0x2f, 0xf7, 0x0, 0x7, 0xff, 0xef,
    0xf5, 0x2f, 0xf7, 0x0, 0x0, 0xaf, 0xff, 0xf5,
    0x2f, 0xf7, 0x0, 0x0, 0xc, 0xff, 0xf5, 0x2f,
    0xf7, 0x0, 0x0, 0x1, 0xef, 0xf5, 0x2f, 0xf7,
    0x0, 0x0, 0x0, 0x3f, 0xf5,

    /* U+00D2 "Ò" */
    0x0, 0x0, 0x27, 0x85, 0x0, 0x0, 0x0, 0x0,
    0x0, 0x0, 0x6, 0xff, 0x40, 0x0, 0x0, 0x0,
    0x0, 0x0, 0x0, 0x4f, 0xf3, 0x0, 0x0, 0x0,
    0x0, 0x0, 0x0, 0x2, 0x86, 0x0, 0x0, 0x0,
    0x0, 0x0, 0x0, 0x0, 0x0, 0x0, 0x0, 0x0,
    0x0, 0x0, 0x17, 0xce, 0xfe, 0xb6, 0x0, 0x0,
    0x0, 0x5, 0xff, 0xff, 0xff, 0xff, 0xe3, 0x0,
    0x0, 0x6f, 0xff, 0xb6, 0x57, 0xcf, 0xff, 0x40,
    0x2, 0xff, 0xe3, 0x0, 0x0, 0x5, 0xff, 0xe1,
    0xa, 0xff, 0x30, 0x0, 0x0, 0x0, 0x6f, 0xf7,
    0xf, 0xfc, 0x0, 0x0, 0x0, 0x0, 0xe, 0xfc,
    0x1f, 0xf9, 0x0, 0x0, 0x0, 0x0, 0xb, 0xfe,
    0x1f, 0xf8, 0x0, 0x0, 0x0, 0x0, 0xb, 0xfe,
    0xf, 0xfc, 0x0, 0x0, 0x0, 0x0, 0xe, 0xfc,
    0xa, 0xff, 0x30, 0x0, 0x0, 0x0, 0x6f, 0xf7,
    0x2, 0xff, 0xe3, 0x0, 0x0, 0x5, 0xff, 0xe1,
    0x0, 0x7f, 0xff, 0xb6, 0x57, 0xcf, 0xff, 0x40,
    0x0, 0x6, 0xff, 0xff, 0xff, 0xff, 0xe4, 0x0,
    0x0, 0x0, 0x17, 0xce, 0xfe, 0xb6, 0x0, 0x0,

    /* U+00D3 "Ó" */
    0x0, 0x0, 0x0, 0x0, 0x6, 0x87, 0x0, 0x0,
    0x0, 0x0, 0x0, 0x0, 0x7f, 0xf4, 0x0, 0x0,
    0x0, 0x0, 0x0, 0x5, 0xfe, 0x20, 0x0, 0x0,
    0x0, 0x0, 0x0, 0x7, 0x71, 0x0, 0x0, 0x0,
    0x0, 0x0, 0x0, 0x0, 0x0, 0x0, 0x0, 0x0,
    0x0, 0x0, 0x17, 0xce, 0xfe, 0xb6, 0x0, 0x0,
    0x0, 0x5, 0xff, 0xff, 0xff, 0xff, 0xe3, 0x0,
    0x0, 0x6f, 0xff, 0xb6, 0x57, 0xcf, 0xff, 0x40,
    0x2, 0xff, 0xe3, 0x0, 0x0, 0x5, 0xff, 0xe1,
    0xa, 0xff, 0x30, 0x0, 0x0, 0x0, 0x6f, 0xf7,
    0xf, 0xfc, 0x0, 0x0, 0x0, 0x0, 0xe, 0xfc,
    0x1f, 0xf9, 0x0, 0x0, 0x0, 0x0, 0xb, 0xfe,
    0x1f, 0xf8, 0x0, 0x0, 0x0, 0x0, 0xb, 0xfe,
    0xf, 0xfc, 0x0, 0x0, 0x0, 0x0, 0xe, 0xfc,
    0xa, 0xff, 0x30, 0x0, 0x0, 0x0, 0x6f, 0xf7,
    0x2, 0xff, 0xe3, 0x0, 0x0, 0x5, 0xff, 0xe1,
    0x0, 0x7f, 0xff, 0xb6, 0x57, 0xcf, 0xff, 0x40,
    0x0, 0x6, 0xff, 0xff, 0xff, 0xff, 0xe4, 0x0,
    0x0, 0x0, 0x17, 0xce, 0xfe, 0xb6, 0x0, 0x0,

    /* U+00D4 "Ô" */
    0x0, 0x0, 0x0, 0x7, 0x86, 0x0, 0x0, 0x0,
    0x0, 0x0, 0x0, 0x9f, 0xff, 0x70, 0x0, 0x0,
    0x0, 0x0, 0x8, 0xfb, 0x2c, 0xf5, 0x0, 0x0,
    0x0, 0x0, 0x17, 0x70, 0x0, 0x77, 0x0, 0x0,
    0x0, 0x0, 0x0, 0x0, 0x0, 0x0, 0x0, 0x0,
    0x0, 0x0, 0x17, 0xce, 0xfe, 0xb6, 0x0, 0x0,
    0x0, 0x5, 0xff, 0xff, 0xff, 0xff, 0xe3, 0x0,
    0x0, 0x6f, 0xff, 0xb6, 0x57, 0xcf, 0xff, 0x40,
    0x2, 0xff, 0xe3, 0x0, 0x0, 0x5, 0xff, 0xe1,
    0xa, 0xff, 0x30, 0x0, 0x0, 0x0, 0x6f, 0xf7,
    0xf, 0xfc, 0x0, 0x0, 0x0, 0x0, 0xe, 0xfc,
    0x1f, 0xf9, 0x0, 0x0, 0x0, 0x0, 0xb, 0xfe,
    0x1f, 0xf8, 0x0, 0x0, 0x0, 0x0, 0xb, 0xfe,
    0xf, 0xfc, 0x0, 0x0, 0x0, 0x0, 0xe, 0xfc,
    0xa, 0xff, 0x30, 0x0, 0x0, 0x0, 0x6f, 0xf7,
    0x2, 0xff, 0xe3, 0x0, 0x0, 0x5, 0xff, 0xe1,
    0x0, 0x7f, 0xff, 0xb6, 0x57, 0xcf, 0xff, 0x40,
    0x0, 0x6, 0xff, 0xff, 0xff, 0xff, 0xe4, 0x0,
    0x0, 0x0, 0x17, 0xce, 0xfe, 0xb6, 0x0, 0x0,

    /* U+00D5 "Õ" */
    0x0, 0x0, 0x1, 0x86, 0x0, 0x29, 0x10, 0x0,
    0x0, 0x0, 0xd, 0xff, 0xc2, 0x8f, 0x10, 0x0,
    0x0, 0x0, 0x4f, 0x63, 0xef, 0xfa, 0x0, 0x0,
    0x0, 0x0, 0x39, 0x0, 0x17, 0x70, 0x0, 0x0,
    0x0, 0x0, 0x0, 0x0, 0x0, 0x0, 0x0, 0x0,
    0x0, 0x0, 0x17, 0xce, 0xfe, 0xb6, 0x0, 0x0,
    0x0, 0x5, 0xff, 0xff, 0xff, 0xff, 0xe3, 0x0,
    0x0, 0x6f, 0xff, 0xb6, 0x57, 0xcf, 0xff, 0x40,
    0x2, 0xff, 0xe3, 0x0, 0x0, 0x5, 0xff, 0xe1,
    0xa, 0xff, 0x30, 0x0, 0x0, 0x0, 0x6f, 0xf7,
    0xf, 0xfc, 0x0, 0x0, 0x0, 0x0, 0xe, 0xfc,
    0x1f, 0xf9, 0x0, 0x0, 0x0, 0x0, 0xb, 0xfe,
    0x1f, 0xf8, 0x0, 0x0, 0x0, 0x0, 0xb, 0xfe,
    0xf, 0xfc, 0x0, 0x0, 0x0, 0x0, 0xe, 0xfc,
    0xa, 0xff, 0x30, 0x0, 0x0, 0x0, 0x6f, 0xf7,
    0x2, 0xff, 0xe3, 0x0, 0x0, 0x5, 0xff, 0xe1,
    0x0, 0x7f, 0xff, 0xb6, 0x57, 0xcf, 0xff, 0x40,
    0x0, 0x6, 0xff, 0xff, 0xff, 0xff, 0xe4, 0x0,
    0x0, 0x0, 0x17, 0xce, 0xfe, 0xb6, 0x0, 0x0,

    /* U+00D6 "Ö" */
    0x0, 0x0, 0x1, 0x61, 0x2, 0x60, 0x0, 0x0,
    0x0, 0x0, 0xa, 0xf9, 0xc, 0xf7, 0x0, 0x0,
    0x0, 0x0, 0x6, 0xf6, 0x8, 0xf4, 0x0, 0x0,
    0x0, 0x0, 0x0, 0x0, 0x0, 0x0, 0x0, 0x0,
    0x0, 0x0, 0x0, 0x0, 0x0, 0x0, 0x0, 0x0,
    0x0, 0x0, 0x17, 0xce, 0xfe, 0xb6, 0x0, 0x0,
    0x0, 0x5, 0xff, 0xff, 0xff, 0xff, 0xe3, 0x0,
    0x0, 0x6f, 0xff, 0xb6, 0x57, 0xcf, 0xff, 0x40,
    0x2, 0xff, 0xe3, 0x0, 0x0, 0x5, 0xff, 0xe1,
    0xa, 0xff, 0x30, 0x0, 0x0, 0x0, 0x6f, 0xf7,
    0xf, 0xfc, 0x0, 0x0, 0x0, 0x0, 0xe, 0xfc,
    0x1f, 0xf9, 0x0, 0x0, 0x0, 0x0, 0xb, 0xfe,
    0x1f, 0xf8, 0x0, 0x0, 0x0, 0x0, 0xb, 0xfe,
    0xf, 0xfc, 0x0, 0x0, 0x0, 0x0, 0xe, 0xfc,
    0xa, 0xff, 0x30, 0x0, 0x0, 0x0, 0x6f, 0xf7,
    0x2, 0xff, 0xe3, 0x0, 0x0, 0x5, 0xff, 0xe1,
    0x0, 0x7f, 0xff, 0xb6, 0x57, 0xcf, 0xff, 0x40,
    0x0, 0x6, 0xff, 0xff, 0xff, 0xff, 0xe4, 0x0,
    0x0, 0x0, 0x17, 0xce, 0xfe, 0xb6, 0x0, 0x0,

    /* U+00D7 "×" */
    0x0, 0x0, 0x0, 0x0, 0x0, 0x5e, 0x20, 0x4,
    0xe3, 0xb, 0xfe, 0x13, 0xff, 0x90, 0xc, 0xfe,
    0xff, 0xa0, 0x0, 0xd, 0xff, 0xa0, 0x0, 0x2,
    0xef, 0xfd, 0x10, 0x2, 0xef, 0xbd, 0xfd, 0x10,
    0xcf, 0xb0, 0x1d, 0xf9, 0x2, 0xa0, 0x0, 0x1b,
    0x10,

    /* U+00D8 "Ø" */
    0x0, 0x0, 0x0, 0x0, 0x0, 0x3, 0xfc, 0x0,
    0x0, 0x0, 0x0, 0x0, 0x0, 0xc, 0xf3, 0x0,
    0x0, 0x0, 0x17, 0xce, 0xfe, 0xff, 0xb0, 0x0,
    0x0, 0x5, 0xff, 0xff, 0xff, 0xff, 0xf3, 0x0,
    0x0, 0x6f, 0xff, 0xb6, 0x5d, 0xff, 0xff, 0x40,
    0x2, 0xff, 0xe3, 0x0, 0xe, 0xf6, 0xff, 0xe1,
    0xa, 0xff, 0x30, 0x0, 0x7f, 0x80, 0x6f, 0xf7,
    0xf, 0xfc, 0x0, 0x1, 0xfe, 0x10, 0xe, 0xfc,
    0x1f, 0xf9, 0x0, 0x8, 0xf7, 0x0, 0xb, 0xfe,
    0x1f, 0xf8, 0x0, 0x1f, 0xe0, 0x0, 0xb, 0xfe,
    0xf, 0xfc, 0x0, 0xaf, 0x50, 0x0, 0xe, 0xfc,
    0xa, 0xff, 0x33, 0xfd, 0x0, 0x0, 0x6f, 0xf7,
    0x2, 0xff, 0xef, 0xf4, 0x0, 0x5, 0xff, 0xe1,
    0x0, 0x7f, 0xff, 0xf6, 0x57, 0xcf, 0xff, 0x40,
    0x0, 0x6, 0xff, 0xff, 0xff, 0xff, 0xe4, 0x0,
    0x0, 0x5, 0xff, 0xce, 0xfe, 0xb6, 0x0, 0x0,
    0x0, 0xd, 0xf2, 0x0, 0x0, 0x0, 0x0, 0x0,

    /* U+00D9 "Ù" */
    0x0, 0x6, 0x87, 0x10, 0x0, 0x0, 0x0, 0x0,
    0x1, 0xcf, 0xc0, 0x0, 0x0, 0x0, 0x0, 0x0,
    0xa, 0xfa, 0x0, 0x0, 0x0, 0x0, 0x0, 0x0,
    0x68, 0x20, 0x0, 0x0, 0x0, 0x0, 0x0, 0x0,
    0x0, 0x0, 0x0, 0x3f, 0xf5, 0x0, 0x0, 0x0,
    0x8f, 0xf0, 0x3f, 0xf5, 0x0, 0x0, 0x0, 0x8f,
    0xf0, 0x3f, 0xf5, 0x0, 0x0, 0x0, 0x8f, 0xf0,
    0x3f, 0xf5, 0x0, 0x0, 0x0, 0x8f, 0xf0, 0x3f,
    0xf5, 0x0, 0x0, 0x0, 0x8f, 0xf0, 0x3f, 0xf5,
    0x0, 0x0, 0x0, 0x8f, 0xf0, 0x3f, 0xf5, 0x0,
    0x0, 0x0, 0x8f, 0xf0, 0x3f, 0xf5, 0x0, 0x0,
    0x0, 0x8f, 0xf0, 0x2f, 0xf6, 0x0, 0x0, 0x0,
    0x9f, 0xf0, 0x1f, 0xf9, 0x0, 0x0, 0x0, 0xdf,
    0xd0, 0xc, 0xff, 0x30, 0x0, 0x5, 0xff, 0x90,
    0x4, 0xff, 0xf9, 0x66, 0xaf, 0xff, 0x10, 0x0,
    0x7f, 0xff, 0xff, 0xff, 0xf4, 0x0, 0x0, 0x3,
    0xad, 0xff, 0xd8, 0x10, 0x0,

    /* U+00DA "Ú" */
    0x0, 0x0, 0x0, 0x2, 0x88, 0x40, 0x0, 0x0,
    0x0, 0x0, 0x1d, 0xfa, 0x0, 0x0, 0x0, 0x0,
    0x0, 0xcf, 0x80, 0x0, 0x0, 0x0, 0x0, 0x4,
    0x85, 0x0, 0x0, 0x0, 0x0, 0x0, 0x0, 0x0,
    0x0, 0x0, 0x0, 0x3f, 0xf5, 0x0, 0x0, 0x0,
    0x8f, 0xf0, 0x3f, 0xf5, 0x0, 0x0, 0x0, 0x8f,
    0xf0, 0x3f, 0xf5, 0x0, 0x0, 0x0, 0x8f, 0xf0,
    0x3f, 0xf5, 0x0, 0x0, 0x0, 0x8f, 0xf0, 0x3f,
    0xf5, 0x0, 0x0, 0x0, 0x8f, 0xf0, 0x3f, 0xf5,
    0x0, 0x0, 0x0, 0x8f, 0xf0, 0x3f, 0xf5, 0x0,
    0x0, 0x0, 0x8f, 0xf0, 0x3f, 0xf5, 0x0, 0x0,
    0x0, 0x8f, 0xf0, 0x2f, 0xf6, 0x0, 0x0, 0x0,
    0x9f, 0xf0, 0x1f, 0xf9, 0x0, 0x0, 0x0, 0xdf,
    0xd0, 0xc, 0xff, 0x30, 0x0, 0x5, 0xff, 0x90,
    0x4, 0xff, 0xf9, 0x66, 0xaf, 0xff, 0x10, 0x0,
    0x7f, 0xff, 0xff, 0xff, 0xf4, 0x0, 0x0, 0x3,
    0xad, 0xff, 0xd8, 0x10, 0x0,

    /* U+00DB "Û" */
    0x0, 0x0, 0x3, 0x88, 0x20, 0x0, 0x0, 0x0,
    0x0, 0x2f, 0xff, 0xd1, 0x0, 0x0, 0x0, 0x1,
    0xef, 0x46, 0xfc, 0x0, 0x0, 0x0, 0x5, 0x83,
    0x0, 0x48, 0x40, 0x0, 0x0, 0x0, 0x0, 0x0,
    0x0, 0x0, 0x0, 0x3f, 0xf5, 0x0, 0x0, 0x0,
    0x8f, 0xf0, 0x3f, 0xf5, 0x0, 0x0, 0x0, 0x8f,
    0xf0, 0x3f, 0xf5, 0x0, 0x0, 0x0, 0x8f, 0xf0,
    0x3f, 0xf5, 0x0, 0x0, 0x0, 0x8f, 0xf0, 0x3f,
    0xf5, 0x0, 0x0, 0x0, 0x8f, 0xf0, 0x3f, 0xf5,
    0x0, 0x0, 0x0, 0x8f, 0xf0, 0x3f, 0xf5, 0x0,
    0x0, 0x0, 0x8f, 0xf0, 0x3f, 0xf5, 0x0, 0x0,
    0x0, 0x8f, 0xf0, 0x2f, 0xf6, 0x0, 0x0, 0x0,
    0x9f, 0xf0, 0x1f, 0xf9, 0x0, 0x0, 0x0, 0xdf,
    0xd0, 0xc, 0xff, 0x30, 0x0, 0x5, 0xff, 0x90,
    0x4, 0xff, 0xf9, 0x66, 0xaf, 0xff, 0x10, 0x0,
    0x7f, 0xff, 0xff, 0xff, 0xf4, 0x0, 0x0, 0x3,
    0xad, 0xff, 0xd8, 0x10, 0x0,

    /* U+00DC "Ü" */
    0x0, 0x0, 0x44, 0x0, 0x53, 0x0, 0x0, 0x0,
    0x2, 0xff, 0x14, 0xff, 0x0, 0x0, 0x0, 0x0,
    0xdd, 0x2, 0xeb, 0x0, 0x0, 0x0, 0x0, 0x0,
    0x0, 0x0, 0x0, 0x0, 0x0, 0x0, 0x0, 0x0,
    0x0, 0x0, 0x0, 0x3f, 0xf5, 0x0, 0x0, 0x0,
    0x8f, 0xf0, 0x3f, 0xf5, 0x0, 0x0, 0x0, 0x8f,
    0xf0, 0x3f, 0xf5, 0x0, 0x0, 0x0, 0x8f, 0xf0,
    0x3f, 0xf5, 0x0, 0x0, 0x0, 0x8f, 0xf0, 0x3f,
    0xf5, 0x0, 0x0, 0x0, 0x8f, 0xf0, 0x3f, 0xf5,
    0x0, 0x0, 0x0, 0x8f, 0xf0, 0x3f, 0xf5, 0x0,
    0x0, 0x0, 0x8f, 0xf0, 0x3f, 0xf5, 0x0, 0x0,
    0x0, 0x8f, 0xf0, 0x2f, 0xf6, 0x0, 0x0, 0x0,
    0x9f, 0xf0, 0x1f, 0xf9, 0x0, 0x0, 0x0, 0xdf,
    0xd0, 0xc, 0xff, 0x30, 0x0, 0x5, 0xff, 0x90,
    0x4, 0xff, 0xf9, 0x66, 0xaf, 0xff, 0x10, 0x0,
    0x7f, 0xff, 0xff, 0xff, 0xf4, 0x0, 0x0, 0x3,
    0xad, 0xff, 0xd8, 0x10, 0x0,

    /* U+00DD "Ý" */
    0x0, 0x0, 0x0, 0x0, 0x13, 0x31, 0x0, 0x0,
    0x0, 0x0, 0x0, 0x1e, 0xfb, 0x0, 0x0, 0x0,
    0x0, 0x0, 0x1d, 0xf9, 0x0, 0x0, 0x0, 0x0,
    0x0, 0x8, 0xc6, 0x0, 0x0, 0x0, 0x0, 0x0,
    0x0, 0x0, 0x0, 0x0, 0x0, 0x0, 0xdf, 0xd0,
    0x0, 0x0, 0x0, 0x7f, 0xf2, 0x4, 0xff, 0x70,
    0x0, 0x0, 0x1f, 0xf7, 0x0, 0xa, 0xff, 0x20,
    0x0, 0xa, 0xfd, 0x0, 0x0, 0x1f, 0xfb, 0x0,
    0x4, 0xff, 0x40, 0x0, 0x0, 0x7f, 0xf4, 0x0,
    0xdf, 0xa0, 0x0, 0x0, 0x0, 0xdf, 0xd0, 0x8f,
    0xf1, 0x0, 0x0, 0x0, 0x4, 0xff, 0xaf, 0xf7,
    0x0, 0x0, 0x0, 0x0, 0xa, 0xff, 0xfd, 0x0,
    0x0, 0x0, 0x0, 0x0, 0x1f, 0xff, 0x40, 0x0,
    0x0, 0x0, 0x0, 0x0, 0xbf, 0xe0, 0x0, 0x0,
    0x0, 0x0, 0x0, 0xb, 0xfe, 0x0, 0x0, 0x0,
    0x0, 0x0, 0x0, 0xbf, 0xe0, 0x0, 0x0, 0x0,
    0x0, 0x0, 0xb, 0xfe, 0x0, 0x0, 0x0, 0x0,
    0x0, 0x0, 0xbf, 0xe0, 0x0, 0x0, 0x0,

    /* U+00DE "Þ" */
    0x2f, 0xf7, 0x0, 0x0, 0x0, 0x0, 0x2, 0xff,
    0x94, 0x43, 0x20, 0x0, 0x0, 0x2f, 0xff, 0xff,
    0xff, 0xfc, 0x40, 0x2, 0xff, 0xff, 0xff, 0xff,
    0xff, 0x70, 0x2f, 0xf7, 0x0, 0x1, 0x6e, 0xff,
    0x22, 0xff, 0x70, 0x0, 0x0, 0x4f, 0xf7, 0x2f,
    0xf7, 0x0, 0x0, 0x1, 0xff, 0x82, 0xff, 0x70,
    0x0, 0x0, 0x4f, 0xf7, 0x2f, 0xf7, 0x0, 0x1,
    0x6e, 0xff, 0x22, 0xff, 0xff, 0xff, 0xff, 0xff,
    0x70, 0x2f, 0xff, 0xff, 0xff, 0xfc, 0x40, 0x2,
    0xff, 0x94, 0x43, 0x20, 0x0, 0x0, 0x2f, 0xf7,
    0x0, 0x0, 0x0, 0x0, 0x2, 0xff, 0x70, 0x0,
    0x0, 0x0, 0x0,

    /* U+00DF "ß" */
    0x0, 0x8, 0xdf, 0xfc, 0x70, 0x0, 0x1, 0xdf,
    0xff, 0xff, 0xfc, 0x0, 0xb, 0xff, 0x73, 0x39,
    0xff, 0x70, 0x1f, 0xf7, 0x0, 0x0, 0xcf, 0xa0,
    0x4f, 0xf3, 0x0, 0x0, 0xdf, 0x90, 0x5f, 0xf2,
    0x0, 0x29, 0xff, 0x20, 0x5f, 0xf2, 0x8, 0xff,
    0xf7, 0x0, 0x5f, 0xf2, 0x8, 0xff, 0xff, 0x90,
    0x5f, 0xf2, 0x0, 0x13, 0xaf, 0xf6, 0x5f, 0xf2,
    0x0, 0x0, 0xd, 0xfc, 0x5f, 0xf2, 0x0, 0x0,
    0xa, 0xfe, 0x5f, 0xf2, 0x0, 0x0, 0xd, 0xfd,
    0x5f, 0xf2, 0x4, 0x24, 0xaf, 0xf7, 0x5f, 0xf2,
    0x2f, 0xff, 0xff, 0xc0, 0x5f, 0xf2, 0x3d, 0xff,
    0xc7, 0x0,

    /* U+00E0 "à" */
    0x0, 0x6f, 0xf6, 0x0, 0x0, 0x0, 0x0, 0x3d,
    0xf7, 0x0, 0x0, 0x0, 0x0, 0x19, 0xa3, 0x0,
    0x0, 0x0, 0x0, 0x0, 0x0, 0x0, 0x0, 0x5b,
    0xef, 0xfc, 0x60, 0x0, 0x9f, 0xff, 0xff, 0xff,
    0x90, 0x2, 0xd6, 0x32, 0x4c, 0xff, 0x30, 0x0,
    0x0, 0x0, 0x1f, 0xf7, 0x0, 0x17, 0x9a, 0xbb,
    0xff, 0x90, 0x5f, 0xff, 0xff, 0xff, 0xf9, 0xe,
    0xfc, 0x20, 0x0, 0xef, 0x91, 0xff, 0x60, 0x0,
    0x1f, 0xf9, 0xf, 0xfb, 0x0, 0x1b, 0xff, 0x90,
    0x8f, 0xff, 0xef, 0xfe, 0xf9, 0x0, 0x6c, 0xff,
    0xc4, 0xcf, 0x90,

    /* U+00E1 "á" */
    0x0, 0x0, 0x0, 0x8f, 0xf5, 0x0, 0x0, 0x0,
    0x8f, 0xc2, 0x0, 0x0, 0x0, 0x4a, 0x80, 0x0,
    0x0, 0x0, 0x0, 0x0, 0x0, 0x0, 0x0, 0x5b,
    0xef, 0xfc, 0x60, 0x0, 0x9f, 0xff, 0xff, 0xff,
    0x90, 0x2, 0xd6, 0x32, 0x4c, 0xff, 0x30, 0x0,
    0x0, 0x0, 0x1f, 0xf7, 0x0, 0x17, 0x9a, 0xbb,
    0xff, 0x90, 0x5f, 0xff, 0xff, 0xff, 0xf9, 0xe,
    0xfc, 0x20, 0x0, 0xef, 0x91, 0xff, 0x60, 0x0,
    0x1f, 0xf9, 0xf, 0xfb, 0x0, 0x1b, 0xff, 0x90,
    0x8f, 0xff, 0xef, 0xfe, 0xf9, 0x0, 0x6c, 0xff,
    0xc4, 0xcf, 0x90,

    /* U+00E2 "â" */
    0x0, 0x0, 0xaf, 0xf9, 0x0, 0x0, 0x0, 0xaf,
    0x9b, 0xf9, 0x0, 0x0, 0x5a, 0x60, 0x7, 0xa4,
    0x0, 0x0, 0x0, 0x0, 0x0, 0x0, 0x0, 0x5b,
    0xef, 0xfc, 0x60, 0x0, 0x9f, 0xff, 0xff, 0xff,
    0x90, 0x2, 0xd6, 0x32, 0x4c, 0xff, 0x30, 0x0,
    0x0, 0x0, 0x1f, 0xf7, 0x0, 0x17, 0x9a, 0xbb,
    0xff, 0x90, 0x5f, 0xff, 0xff, 0xff, 0xf9, 0xe,
    0xfc, 0x20, 0x0, 0xef, 0x91, 0xff, 0x60, 0x0,
    0x1f, 0xf9, 0xf, 0xfb, 0x0, 0x1b, 0xff, 0x90,
    0x8f, 0xff, 0xef, 0xfe, 0xf9, 0x0, 0x6c, 0xff,
    0xc4, 0xcf, 0x90,

    /* U+00E3 "ã" */
    0x0, 0xb, 0xfc, 0x41, 0xf7, 0x0, 0x7, 0xf9,
    0xdf, 0xff, 0x20, 0x0, 0x46, 0x0, 0x57, 0x20,
    0x0, 0x0, 0x0, 0x0, 0x0, 0x0, 0x0, 0x5b,
    0xef, 0xfc, 0x60, 0x0, 0x9f, 0xff, 0xff, 0xff,
    0x90, 0x2, 0xd6, 0x32, 0x4c, 0xff, 0x30, 0x0,
    0x0, 0x0, 0x1f, 0xf7, 0x0, 0x17, 0x9a, 0xbb,
    0xff, 0x90, 0x5f, 0xff, 0xff, 0xff, 0xf9, 0xe,
    0xfc, 0x20, 0x0, 0xef, 0x91, 0xff, 0x60, 0x0,
    0x1f, 0xf9, 0xf, 0xfb, 0x0, 0x1b, 0xff, 0x90,
    0x8f, 0xff, 0xef, 0xfe, 0xf9, 0x0, 0x6c, 0xff,
    0xc4, 0xcf, 0x90,

    /* U+00E4 "ä" */
    0x0, 0xd, 0xd0, 0x1e, 0xb0, 0x0, 0x2, 0xff,
    0x23, 0xff, 0x0, 0x0, 0x4, 0x40, 0x5, 0x30,
    0x0, 0x0, 0x0, 0x0, 0x0, 0x0, 0x0, 0x5b,
    0xef, 0xfc, 0x60, 0x0, 0x9f, 0xff, 0xff, 0xff,
    0x90, 0x2, 0xd6, 0x32, 0x4c, 0xff, 0x30, 0x0,
    0x0, 0x0, 0x1f, 0xf7, 0x0, 0x17, 0x9a, 0xbb,
    0xff, 0x90, 0x5f, 0xff, 0xff, 0xff, 0xf9, 0xe,
    0xfc, 0x20, 0x0, 0xef, 0x91, 0xff, 0x60, 0x0,
    0x1f, 0xf9, 0xf, 0xfb, 0x0, 0x1b, 0xff, 0x90,
    0x8f, 0xff, 0xef, 0xfe, 0xf9, 0x0, 0x6c, 0xff,
    0xc4, 0xcf, 0x90,

    /* U+00E5 "å" */
    0x0, 0x0, 0x5d, 0xc4, 0x0, 0x0, 0x0, 0x2e,
    0x45, 0xe0, 0x0, 0x0, 0x5, 0xb0, 0xd, 0x30,
    0x0, 0x0, 0x3e, 0x12, 0xf1, 0x0, 0x0, 0x0,
    0x8f, 0xf6, 0x0, 0x0, 0x0, 0x0, 0x0, 0x0,
    0x0, 0x0, 0x5b, 0xef, 0xfc, 0x60, 0x0, 0x9f,
    0xff, 0xff, 0xff, 0x90, 0x2, 0xd6, 0x32, 0x4c,
    0xff, 0x30, 0x0, 0x0, 0x0, 0x1f, 0xf7, 0x0,
    0x17, 0x9a, 0xbb, 0xff, 0x90, 0x5f, 0xff, 0xff,
    0xff, 0xf9, 0xe, 0xfc, 0x20, 0x0, 0xef, 0x91,
    0xff, 0x60, 0x0, 0x1f, 0xf9, 0xf, 0xfb, 0x0,
    0x1b, 0xff, 0x90, 0x8f, 0xff, 0xef, 0xfe, 0xf9,
    0x0, 0x6c, 0xff, 0xc4, 0xcf, 0x90,

    /* U+00E6 "æ" */
    0x0, 0x5b, 0xef, 0xec, 0x50, 0x19, 0xdf, 0xeb,
    0x40, 0x0, 0x9, 0xff, 0xff, 0xff, 0xf9, 0xef,
    0xff, 0xff, 0xf8, 0x0, 0x2, 0xd6, 0x32, 0x4c,
    0xff, 0xfd, 0x52, 0x4b, 0xff, 0x50, 0x0, 0x0,
    0x0, 0x1, 0xff, 0xe0, 0x0, 0x0, 0xaf, 0xc0,
    0x0, 0x17, 0x9a, 0xaa, 0xff, 0xea, 0xaa, 0xaa,
    0xcf, 0xf0, 0x5, 0xff, 0xff, 0xff, 0xff, 0xff,
    0xff, 0xff, 0xff, 0xf1, 0xe, 0xfc, 0x20, 0x0,
    0xef, 0xc0, 0x0, 0x0, 0x0, 0x0, 0x1f, 0xf6,
    0x0, 0x1, 0xff, 0xf4, 0x0, 0x0, 0x11, 0x0,
    0xf, 0xfb, 0x0, 0x1b, 0xff, 0xff, 0x83, 0x36,
    0xeb, 0x0, 0x7, 0xff, 0xfe, 0xff, 0xd4, 0xef,
    0xff, 0xff, 0xfe, 0x10, 0x0, 0x4b, 0xef, 0xd8,
    0x10, 0x18, 0xdf, 0xfd, 0x81, 0x0,

    /* U+00E7 "ç" */
    0x0, 0x3, 0xae, 0xfe, 0xa3, 0x0, 0x0, 0x8f,
    0xff, 0xff, 0xff, 0x50, 0x5, 0xff, 0xd5, 0x35,
    0xdf, 0xc0, 0xd, 0xfd, 0x0, 0x0, 0x16, 0x0,
    0x1f, 0xf7, 0x0, 0x0, 0x0, 0x0, 0x3f, 0xf5,
    0x0, 0x0, 0x0, 0x0, 0x1f, 0xf7, 0x0, 0x0,
    0x0, 0x0, 0xd, 0xfd, 0x0, 0x0, 0x17, 0x0,
    0x5, 0xff, 0xd5, 0x35, 0xdf, 0xc0, 0x0, 0x8f,
    0xff, 0xff, 0xff, 0x50, 0x0, 0x3, 0xaf, 0xfe,
    0xa3, 0x0, 0x0, 0x0, 0xa, 0xc0, 0x0, 0x0,
    0x0, 0x0, 0x9, 0xee, 0x10, 0x0, 0x0, 0x0,
    0x21, 0x7f, 0x50, 0x0, 0x0, 0x0, 0xff, 0xfc,
    0x0, 0x0, 0x0, 0x0, 0x13, 0x20, 0x0, 0x0,

    /* U+00E8 "è" */
    0x0, 0x3e, 0xfa, 0x0, 0x0, 0x0, 0x0, 0x1,
    0xbf, 0xb0, 0x0, 0x0, 0x0, 0x0, 0x7, 0xa6,
    0x0, 0x0, 0x0, 0x0, 0x0, 0x0, 0x0, 0x0,
    0x0, 0x4, 0xbe, 0xfd, 0x81, 0x0, 0x0, 0x9f,
    0xff, 0xff, 0xfe, 0x30, 0x6, 0xff, 0x82, 0x14,
    0xdf, 0xe0, 0xd, 0xf9, 0x0, 0x0, 0x1f, 0xf6,
    0x1f, 0xfc, 0xbb, 0xbb, 0xbe, 0xf9, 0x3f, 0xff,
    0xff, 0xff, 0xff, 0xfa, 0x1f, 0xf6, 0x0, 0x0,
    0x0, 0x0, 0xd, 0xfd, 0x10, 0x0, 0x2, 0x0,
    0x5, 0xff, 0xd5, 0x33, 0x9f, 0x50, 0x0, 0x8f,
    0xff, 0xff, 0xff, 0x90, 0x0, 0x3, 0xae, 0xfe,
    0xb5, 0x0,

    /* U+00E9 "é" */
    0x0, 0x0, 0x0, 0x4f, 0xf8, 0x0, 0x0, 0x0,
    0x4, 0xfe, 0x40, 0x0, 0x0, 0x0, 0x1a, 0xa2,
    0x0, 0x0, 0x0, 0x0, 0x0, 0x0, 0x0, 0x0,
    0x0, 0x4, 0xbe, 0xfd, 0x81, 0x0, 0x0, 0x9f,
    0xff, 0xff, 0xfe, 0x30, 0x6, 0xff, 0x82, 0x14,
    0xdf, 0xe0, 0xd, 0xf9, 0x0, 0x0, 0x1f, 0xf6,
    0x1f, 0xfc, 0xbb, 0xbb, 0xbe, 0xf9, 0x3f, 0xff,
    0xff, 0xff, 0xff, 0xfa, 0x1f, 0xf6, 0x0, 0x0,
    0x0, 0x0, 0xd, 0xfd, 0x10, 0x0, 0x2, 0x0,
    0x5, 0xff, 0xd5, 0x33, 0x9f, 0x50, 0x0, 0x8f,
    0xff, 0xff, 0xff, 0x90, 0x0, 0x3, 0xae, 0xfe,
    0xb5, 0x0,

    /* U+00EA "ê" */
    0x0, 0x0, 0x6f, 0xfc, 0x10, 0x0, 0x0, 0x6,
    0xfc, 0x8f, 0xc1, 0x0, 0x0, 0x2a, 0x80, 0x4,
    0xa7, 0x0, 0x0, 0x0, 0x0, 0x0, 0x0, 0x0,
    0x0, 0x4, 0xbe, 0xfd, 0x81, 0x0, 0x0, 0x9f,
    0xff, 0xff, 0xfe, 0x30, 0x6, 0xff, 0x82, 0x14,
    0xdf, 0xe0, 0xd, 0xf9, 0x0, 0x0, 0x1f, 0xf6,
    0x1f, 0xfc, 0xbb, 0xbb, 0xbe, 0xf9, 0x3f, 0xff,
    0xff, 0xff, 0xff, 0xfa, 0x1f, 0xf6, 0x0, 0x0,
    0x0, 0x0, 0xd, 0xfd, 0x10, 0x0, 0x2, 0x0,
    0x5, 0xff, 0xd5, 0x33, 0x9f, 0x50, 0x0, 0x8f,
    0xff, 0xff, 0xff, 0x90, 0x0, 0x3, 0xae, 0xfe,
    0xb5, 0x0,

    /* U+00EB "ë" */
    0x0, 0x9, 0xe3, 0xb, 0xe1, 0x0, 0x0, 0xd,
    0xf6, 0xf, 0xf4, 0x0, 0x0, 0x2, 0x60, 0x3,
    0x50, 0x0, 0x0, 0x0, 0x0, 0x0, 0x0, 0x0,
    0x0, 0x4, 0xbe, 0xfd, 0x81, 0x0, 0x0, 0x9f,
    0xff, 0xff, 0xfe, 0x30, 0x6, 0xff, 0x82, 0x14,
    0xdf, 0xe0, 0xd, 0xf9, 0x0, 0x0, 0x1f, 0xf6,
    0x1f, 0xfc, 0xbb, 0xbb, 0xbe, 0xf9, 0x3f, 0xff,
    0xff, 0xff, 0xff, 0xfa, 0x1f, 0xf6, 0x0, 0x0,
    0x0, 0x0, 0xd, 0xfd, 0x10, 0x0, 0x2, 0x0,
    0x5, 0xff, 0xd5, 0x33, 0x9f, 0x50, 0x0, 0x8f,
    0xff, 0xff, 0xff, 0x90, 0x0, 0x3, 0xae, 0xfe,
    0xb5, 0x0,

    /* U+00EC "ì" */
    0x6, 0xff, 0x60, 0x0, 0x3, 0xdf, 0x70, 0x0,
    0x0, 0x89, 0x20, 0x0, 0x0, 0x0, 0x0, 0x5,
    0xff, 0x20, 0x0, 0x5f, 0xf2, 0x0, 0x5, 0xff,
    0x20, 0x0, 0x5f, 0xf2, 0x0, 0x5, 0xff, 0x20,
    0x0, 0x5f, 0xf2, 0x0, 0x5, 0xff, 0x20, 0x0,
    0x5f, 0xf2, 0x0, 0x5, 0xff, 0x20, 0x0, 0x5f,
    0xf2, 0x0, 0x5, 0xff, 0x20,

    /* U+00ED "í" */
    0x0, 0x9f, 0xe4, 0xa, 0xfb, 0x10, 0x49, 0x70,
    0x0, 0x0, 0x0, 0x0, 0x5f, 0xf2, 0x0, 0x5f,
    0xf2, 0x0, 0x5f, 0xf2, 0x0, 0x5f, 0xf2, 0x0,
    0x5f, 0xf2, 0x0, 0x5f, 0xf2, 0x0, 0x5f, 0xf2,
    0x0, 0x5f, 0xf2, 0x0, 0x5f, 0xf2, 0x0, 0x5f,
    0xf2, 0x0, 0x5f, 0xf2, 0x0,

    /* U+00EE "î" */
    0x0, 0xaf, 0xf7, 0x0, 0x7, 0xfa, 0xcf, 0x40,
    0x19, 0x70, 0x8, 0x80, 0x0, 0x0, 0x0, 0x0,
    0x0, 0x5f, 0xf2, 0x0, 0x0, 0x5f, 0xf2, 0x0,
    0x0, 0x5f, 0xf2, 0x0, 0x0, 0x5f, 0xf2, 0x0,
    0x0, 0x5f, 0xf2, 0x0, 0x0, 0x5f, 0xf2, 0x0,
    0x0, 0x5f, 0xf2, 0x0, 0x0, 0x5f, 0xf2, 0x0,
    0x0, 0x5f, 0xf2, 0x0, 0x0, 0x5f, 0xf2, 0x0,
    0x0, 0x5f, 0xf2, 0x0,

    /* U+00EF "ï" */
    0x7f, 0x46, 0xf4, 0xbf, 0x7a, 0xf8, 0x15, 0x1,
    0x50, 0x0, 0x0, 0x0, 0x5, 0xff, 0x20, 0x5,
    0xff, 0x20, 0x5, 0xff, 0x20, 0x5, 0xff, 0x20,
    0x5, 0xff, 0x20, 0x5, 0xff, 0x20, 0x5, 0xff,
    0x20, 0x5, 0xff, 0x20, 0x5, 0xff, 0x20, 0x5,
    0xff, 0x20, 0x5, 0xff, 0x20,

    /* U+00F0 "ð" */
    0x0, 0x0, 0x0, 0x0, 0x0, 0x0, 0x0, 0x2c,
    0xe6, 0x0, 0x17, 0x0, 0x0, 0x1a, 0xff, 0xb9,
    0xfe, 0x20, 0x0, 0x0, 0x6f, 0xff, 0x80, 0x0,
    0x0, 0x4c, 0xfd, 0xcf, 0xd0, 0x0, 0x0, 0xac,
    0x40, 0xd, 0xfa, 0x0, 0x0, 0x0, 0x0, 0x2,
    0xff, 0x30, 0x0, 0x3b, 0xef, 0xc6, 0xaf, 0xa0,
    0x5, 0xff, 0xff, 0xff, 0xef, 0xf0, 0xe, 0xfd,
    0x30, 0x7, 0xff, 0xf1, 0x3f, 0xf4, 0x0, 0x0,
    0xbf, 0xf3, 0x5f, 0xf2, 0x0, 0x0, 0x8f, 0xf1,
    0x3f, 0xf5, 0x0, 0x0, 0xcf, 0xe0, 0xd, 0xfe,
    0x51, 0x29, 0xff, 0x70, 0x3, 0xff, 0xff, 0xff,
    0xfa, 0x0, 0x0, 0x29, 0xef, 0xeb, 0x50, 0x0,

    /* U+00F1 "ñ" */
    0x0, 0xb, 0xfb, 0x32, 0xf6, 0x0, 0x0, 0x7f,
    0x9d, 0xff, 0xf1, 0x0, 0x0, 0x55, 0x0, 0x57,
    0x20, 0x0, 0x0, 0x0, 0x0, 0x0, 0x0, 0x0,
    0x5f, 0xf1, 0x9d, 0xfe, 0xa2, 0x0, 0x5f, 0xfe,
    0xff, 0xff, 0xff, 0x20, 0x5f, 0xff, 0x93, 0x27,
    0xff, 0xb0, 0x5f, 0xf9, 0x0, 0x0, 0xaf, 0xf0,
    0x5f, 0xf4, 0x0, 0x0, 0x6f, 0xf2, 0x5f, 0xf2,
    0x0, 0x0, 0x5f, 0xf2, 0x5f, 0xf2, 0x0, 0x0,
    0x5f, 0xf2, 0x5f, 0xf2, 0x0, 0x0, 0x5f, 0xf2,
    0x5f, 0xf2, 0x0, 0x0, 0x5f, 0xf2, 0x5f, 0xf2,
    0x0, 0x0, 0x5f, 0xf2, 0x5f, 0xf2, 0x0, 0x0,
    0x5f, 0xf2,

    /* U+00F2 "ò" */
    0x0, 0x1c, 0xfd, 0x10, 0x0, 0x0, 0x0, 0x0,
    0x9, 0xfd, 0x10, 0x0, 0x0, 0x0, 0x0, 0x5,
    0xa8, 0x0, 0x0, 0x0, 0x0, 0x0, 0x0, 0x0,
    0x0, 0x0, 0x0, 0x3, 0xae, 0xfe, 0xa3, 0x0,
    0x0, 0x8, 0xff, 0xff, 0xff, 0xf7, 0x0, 0x5,
    0xff, 0xc5, 0x35, 0xdf, 0xf4, 0x0, 0xdf, 0xd0,
    0x0, 0x1, 0xef, 0xc0, 0x1f, 0xf6, 0x0, 0x0,
    0x8, 0xff, 0x3, 0xff, 0x40, 0x0, 0x0, 0x6f,
    0xf1, 0x1f, 0xf6, 0x0, 0x0, 0x8, 0xff, 0x0,
    0xdf, 0xd0, 0x0, 0x1, 0xef, 0xc0, 0x5, 0xff,
    0xc5, 0x36, 0xef, 0xf4, 0x0, 0x8, 0xff, 0xff,
    0xff, 0xf6, 0x0, 0x0, 0x3, 0xae, 0xfe, 0xa3,
    0x0, 0x0,

    /* U+00F3 "ó" */
    0x0, 0x0, 0x0, 0x2e, 0xfa, 0x0, 0x0, 0x0,
    0x0, 0x2e, 0xf7, 0x0, 0x0, 0x0, 0x0, 0x9,
    0xa3, 0x0, 0x0, 0x0, 0x0, 0x0, 0x0, 0x0,
    0x0, 0x0, 0x0, 0x3, 0xae, 0xfe, 0xa3, 0x0,
    0x0, 0x8, 0xff, 0xff, 0xff, 0xf7, 0x0, 0x5,
    0xff, 0xc5, 0x35, 0xdf, 0xf4, 0x0, 0xdf, 0xd0,
    0x0, 0x1, 0xef, 0xc0, 0x1f, 0xf6, 0x0, 0x0,
    0x8, 0xff, 0x3, 0xff, 0x40, 0x0, 0x0, 0x6f,
    0xf1, 0x1f, 0xf6, 0x0, 0x0, 0x8, 0xff, 0x0,
    0xdf, 0xd0, 0x0, 0x1, 0xef, 0xc0, 0x5, 0xff,
    0xc5, 0x36, 0xef, 0xf4, 0x0, 0x8, 0xff, 0xff,
    0xff, 0xf6, 0x0, 0x0, 0x3, 0xae, 0xfe, 0xa3,
    0x0, 0x0,

    /* U+00F4 "ô" */
    0x0, 0x0, 0x4f, 0xfe, 0x20, 0x0, 0x0, 0x0,
    0x4f, 0xe7, 0xfe, 0x20, 0x0, 0x0, 0x1a, 0x91,
    0x2, 0xa9, 0x0, 0x0, 0x0, 0x0, 0x0, 0x0,
    0x0, 0x0, 0x0, 0x3, 0xae, 0xfe, 0xa3, 0x0,
    0x0, 0x8, 0xff, 0xff, 0xff, 0xf7, 0x0, 0x5,
    0xff, 0xc5, 0x35, 0xdf, 0xf4, 0x0, 0xdf, 0xd0,
    0x0, 0x1, 0xef, 0xc0, 0x1f, 0xf6, 0x0, 0x0,
    0x8, 0xff, 0x3, 0xff, 0x40, 0x0, 0x0, 0x6f,
    0xf1, 0x1f, 0xf6, 0x0, 0x0, 0x8, 0xff, 0x0,
    0xdf, 0xd0, 0x0, 0x1, 0xef, 0xc0, 0x5, 0xff,
    0xc5, 0x36, 0xef, 0xf4, 0x0, 0x8, 0xff, 0xff,
    0xff, 0xf6, 0x0, 0x0, 0x3, 0xae, 0xfe, 0xa3,
    0x0, 0x0,

    /* U+00F5 "õ" */
    0x0, 0x5, 0xee, 0x81, 0x9e, 0x0, 0x0, 0x0,
    0xfc, 0x9f, 0xff, 0x80, 0x0, 0x0, 0x18, 0x20,
    0x27, 0x50, 0x0, 0x0, 0x0, 0x0, 0x0, 0x0,
    0x0, 0x0, 0x0, 0x3, 0xae, 0xfe, 0xa3, 0x0,
    0x0, 0x8, 0xff, 0xff, 0xff, 0xf7, 0x0, 0x5,
    0xff, 0xc5, 0x35, 0xdf, 0xf4, 0x0, 0xdf, 0xd0,
    0x0, 0x1, 0xef, 0xc0, 0x1f, 0xf6, 0x0, 0x0,
    0x8, 0xff, 0x3, 0xff, 0x40, 0x0, 0x0, 0x6f,
    0xf1, 0x1f, 0xf6, 0x0, 0x0, 0x8, 0xff, 0x0,
    0xdf, 0xd0, 0x0, 0x1, 0xef, 0xc0, 0x5, 0xff,
    0xc5, 0x36, 0xef, 0xf4, 0x0, 0x8, 0xff, 0xff,
    0xff, 0xf6, 0x0, 0x0, 0x3, 0xae, 0xfe, 0xa3,
    0x0, 0x0,

    /* U+00F6 "ö" */
    0x0, 0x6, 0xf5, 0x8, 0xf4, 0x0, 0x0, 0x0,
    0xaf, 0x90, 0xcf, 0x70, 0x0, 0x0, 0x1, 0x61,
    0x2, 0x60, 0x0, 0x0, 0x0, 0x0, 0x0, 0x0,
    0x0, 0x0, 0x0, 0x3, 0xae, 0xfe, 0xa3, 0x0,
    0x0, 0x8, 0xff, 0xff, 0xff, 0xf7, 0x0, 0x5,
    0xff, 0xc5, 0x35, 0xdf, 0xf4, 0x0, 0xdf, 0xd0,
    0x0, 0x1, 0xef, 0xc0, 0x1f, 0xf6, 0x0, 0x0,
    0x8, 0xff, 0x3, 0xff, 0x40, 0x0, 0x0, 0x6f,
    0xf1, 0x1f, 0xf6, 0x0, 0x0, 0x8, 0xff, 0x0,
    0xdf, 0xd0, 0x0, 0x1, 0xef, 0xc0, 0x5, 0xff,
    0xc5, 0x36, 0xef, 0xf4, 0x0, 0x8, 0xff, 0xff,
    0xff, 0xf6, 0x0, 0x0, 0x3, 0xae, 0xfe, 0xa3,
    0x0, 0x0,

    /* U+00F7 "÷" */
    0x0, 0x2, 0xec, 0x0, 0x0, 0x0, 0x7, 0xff,
    0x40, 0x0, 0x0, 0x2, 0xcb, 0x0, 0x0, 0x0,
    0x0, 0x0, 0x0, 0x0, 0xbf, 0xff, 0xff, 0xff,
    0xf8, 0xbf, 0xff, 0xff, 0xff, 0xf8, 0x0, 0x0,
    0x0, 0x0, 0x0, 0x0, 0x0, 0x0, 0x0, 0x0,
    0x0, 0x2, 0xcb, 0x0, 0x0, 0x0, 0x7, 0xff,
    0x40, 0x0, 0x0, 0x2, 0xec, 0x0, 0x0,

    /* U+00F8 "ø" */
    0x0, 0x0, 0x0, 0x0, 0x7, 0x40, 0x0, 0x0,
    0x0, 0x0, 0x7, 0xf2, 0x0, 0x0, 0x3, 0xae,
    0xfe, 0xfd, 0x0, 0x0, 0x8, 0xff, 0xff, 0xff,
    0xf7, 0x0, 0x5, 0xff, 0xc5, 0x4f, 0xff, 0xf4,
    0x0, 0xdf, 0xd0, 0x7, 0xf3, 0xef, 0xc0, 0x1f,
    0xf6, 0x0, 0xea, 0x8, 0xff, 0x3, 0xff, 0x40,
    0x7f, 0x20, 0x6f, 0xf1, 0x1f, 0xf6, 0xe, 0xa0,
    0x8, 0xff, 0x0, 0xdf, 0xd8, 0xf2, 0x1, 0xef,
    0xc0, 0x5, 0xff, 0xff, 0x36, 0xef, 0xf4, 0x0,
    0x8, 0xff, 0xff, 0xff, 0xf6, 0x0, 0x0, 0xf,
    0xfe, 0xfe, 0xa3, 0x0, 0x0, 0x7, 0xf2, 0x0,
    0x0, 0x0, 0x0, 0x0, 0x66, 0x0, 0x0, 0x0,
    0x0, 0x0,

    /* U+00F9 "ù" */
    0x0, 0x8f, 0xf4, 0x0, 0x0, 0x0, 0x0, 0x4e,
    0xf5, 0x0, 0x0, 0x0, 0x0, 0x19, 0x91, 0x0,
    0x0, 0x0, 0x0, 0x0, 0x0, 0x0, 0x7f, 0xf1,
    0x0, 0x0, 0x8f, 0xf7, 0xff, 0x10, 0x0, 0x8,
    0xff, 0x7f, 0xf1, 0x0, 0x0, 0x8f, 0xf7, 0xff,
    0x10, 0x0, 0x8, 0xff, 0x7f, 0xf1, 0x0, 0x0,
    0x8f, 0xf7, 0xff, 0x10, 0x0, 0x8, 0xff, 0x6f,
    0xf2, 0x0, 0x0, 0xaf, 0xf4, 0xff, 0x60, 0x0,
    0x1f, 0xff, 0x1f, 0xff, 0x74, 0x6e, 0xff, 0xf0,
    0x6f, 0xff, 0xff, 0xfd, 0xff, 0x0, 0x4b, 0xff,
    0xc5, 0x6f, 0xf0,

    /* U+00FA "ú" */
    0x0, 0x0, 0x0, 0xbf, 0xd3, 0x0, 0x0, 0x0,
    0xbf, 0xa0, 0x0, 0x0, 0x0, 0x59, 0x60, 0x0,
    0x0, 0x0, 0x0, 0x0, 0x0, 0x0, 0x7f, 0xf1,
    0x0, 0x0, 0x8f, 0xf7, 0xff, 0x10, 0x0, 0x8,
    0xff, 0x7f, 0xf1, 0x0, 0x0, 0x8f, 0xf7, 0xff,
    0x10, 0x0, 0x8, 0xff, 0x7f, 0xf1, 0x0, 0x0,
    0x8f, 0xf7, 0xff, 0x10, 0x0, 0x8, 0xff, 0x6f,
    0xf2, 0x0, 0x0, 0xaf, 0xf4, 0xff, 0x60, 0x0,
    0x1f, 0xff, 0x1f, 0xff, 0x74, 0x6e, 0xff, 0xf0,
    0x6f, 0xff, 0xff, 0xfd, 0xff, 0x0, 0x4b, 0xff,
    0xc5, 0x6f, 0xf0,

    /* U+00FB "û" */
    0x0, 0x1, 0xcf, 0xf6, 0x0, 0x0, 0x1, 0xdf,
    0x7c, 0xf7, 0x0, 0x0, 0x79, 0x30, 0x7, 0x92,
    0x0, 0x0, 0x0, 0x0, 0x0, 0x0, 0x7f, 0xf1,
    0x0, 0x0, 0x8f, 0xf7, 0xff, 0x10, 0x0, 0x8,
    0xff, 0x7f, 0xf1, 0x0, 0x0, 0x8f, 0xf7, 0xff,
    0x10, 0x0, 0x8, 0xff, 0x7f, 0xf1, 0x0, 0x0,
    0x8f, 0xf7, 0xff, 0x10, 0x0, 0x8, 0xff, 0x6f,
    0xf2, 0x0, 0x0, 0xaf, 0xf4, 0xff, 0x60, 0x0,
    0x1f, 0xff, 0x1f, 0xff, 0x74, 0x6e, 0xff, 0xf0,
    0x6f, 0xff, 0xff, 0xfd, 0xff, 0x0, 0x4b, 0xff,
    0xc5, 0x6f, 0xf0,

    /* U+00FC "ü" */
    0x0, 0x2e, 0xa0, 0x3e, 0x90, 0x0, 0x4, 0xff,
    0x6, 0xfd, 0x0, 0x0, 0x5, 0x30, 0x6, 0x20,
    0x0, 0x0, 0x0, 0x0, 0x0, 0x0, 0x7f, 0xf1,
    0x0, 0x0, 0x8f, 0xf7, 0xff, 0x10, 0x0, 0x8,
    0xff, 0x7f, 0xf1, 0x0, 0x0, 0x8f, 0xf7, 0xff,
    0x10, 0x0, 0x8, 0xff, 0x7f, 0xf1, 0x0, 0x0,
    0x8f, 0xf7, 0xff, 0x10, 0x0, 0x8, 0xff, 0x6f,
    0xf2, 0x0, 0x0, 0xaf, 0xf4, 0xff, 0x60, 0x0,
    0x1f, 0xff, 0x1f, 0xff, 0x74, 0x6e, 0xff, 0xf0,
    0x6f, 0xff, 0xff, 0xfd, 0xff, 0x0, 0x4b, 0xff,
    0xc5, 0x6f, 0xf0,

    /* U+00FD "ý" */
    0x0, 0x0, 0x0, 0x1d, 0xfb, 0x10, 0x0, 0x0,
    0x0, 0x2e, 0xf7, 0x0, 0x0, 0x0, 0x0, 0x7,
    0x93, 0x0, 0x0, 0x0, 0x0, 0x0, 0x0, 0x0,
    0x0, 0x0, 0xd, 0xfb, 0x0, 0x0, 0x0, 0xef,
    0x60, 0x7f, 0xf2, 0x0, 0x0, 0x6f, 0xf0, 0x1,
    0xff, 0x80, 0x0, 0xc, 0xf9, 0x0, 0x9, 0xfe,
    0x0, 0x3, 0xff, 0x20, 0x0, 0x2f, 0xf5, 0x0,
    0xaf, 0xb0, 0x0, 0x0, 0xcf, 0xc0, 0x1f, 0xf4,
    0x0, 0x0, 0x5, 0xff, 0x37, 0xfd, 0x0, 0x0,
    0x0, 0xe, 0xfa, 0xef, 0x70, 0x0, 0x0, 0x0,
    0x7f, 0xff, 0xf1, 0x0, 0x0, 0x0, 0x1, 0xff,
    0xf9, 0x0, 0x0, 0x0, 0x0, 0x9, 0xff, 0x20,
    0x0, 0x0, 0x0, 0x0, 0xbf, 0xc0, 0x0, 0x0,
    0x7, 0x52, 0x7f, 0xf4, 0x0, 0x0, 0x1, 0xff,
    0xff, 0xfb, 0x0, 0x0, 0x0, 0x7, 0xdf, 0xd7,
    0x0, 0x0, 0x0, 0x0,

    /* U+00FE "þ" */
    0x5f, 0xf2, 0x0, 0x0, 0x0, 0x0, 0x5f, 0xf2,
    0x0, 0x0, 0x0, 0x0, 0x5f, 0xf2, 0x0, 0x0,
    0x0, 0x0, 0x5f, 0xf2, 0x0, 0x0, 0x0, 0x0,
    0x5f, 0xf3, 0x8e, 0xfe, 0xa3, 0x0, 0x5f, 0xfe,
    0xff, 0xff, 0xff, 0x60, 0x5f, 0xff, 0xb4, 0x36,
    0xef, 0xf2, 0x5f, 0xfb, 0x0, 0x0, 0x2f, 0xfa,
    0x5f, 0xf3, 0x0, 0x0, 0xb, 0xfd, 0x5f, 0xf1,
    0x0, 0x0, 0x9, 0xff, 0x5f, 0xf3, 0x0, 0x0,
    0xb, 0xfd, 0x5f, 0xfb, 0x0, 0x0, 0x3f, 0xf9,
    0x5f, 0xff, 0xb4, 0x36, 0xef, 0xf2, 0x5f, 0xfe,
    0xff, 0xff, 0xff, 0x50, 0x5f, 0xf3, 0x8d, 0xfe,
    0xa3, 0x0, 0x5f, 0xf2, 0x0, 0x0, 0x0, 0x0,
    0x5f, 0xf2, 0x0, 0x0, 0x0, 0x0, 0x5f, 0xf2,
    0x0, 0x0, 0x0, 0x0, 0x5f, 0xf2, 0x0, 0x0,
    0x0, 0x0,

    /* U+00FF "ÿ" */
    0x0, 0x5, 0xf7, 0x6, 0xf5, 0x0, 0x0, 0x0,
    0x8f, 0xb0, 0xaf, 0x90, 0x0, 0x0, 0x1, 0x61,
    0x1, 0x61, 0x0, 0x0, 0x0, 0x0, 0x0, 0x0,
    0x0, 0x0, 0xd, 0xfb, 0x0, 0x0, 0x0, 0xef,
    0x60, 0x7f, 0xf2, 0x0, 0x0, 0x6f, 0xf0, 0x1,
    0xff, 0x80, 0x0, 0xc, 0xf9, 0x0, 0x9, 0xfe,
    0x0, 0x3, 0xff, 0x20, 0x0, 0x2f, 0xf5, 0x0,
    0xaf, 0xb0, 0x0, 0x0, 0xcf, 0xc0, 0x1f, 0xf4,
    0x0, 0x0, 0x5, 0xff, 0x37, 0xfd, 0x0, 0x0,
    0x0, 0xe, 0xfa, 0xef, 0x70, 0x0, 0x0, 0x0,
    0x7f, 0xff, 0xf1, 0x0, 0x0, 0x0, 0x1, 0xff,
    0xf9, 0x0, 0x0, 0x0, 0x0, 0x9, 0xff, 0x20,
    0x0, 0x0, 0x0, 0x0, 0xbf, 0xc0, 0x0, 0x0,
    0x7, 0x52, 0x7f, 0xf4, 0x0, 0x0, 0x1, 0xff,
    0xff, 0xfb, 0x0, 0x0, 0x0, 0x7, 0xdf, 0xd7,
    0x0, 0x0, 0x0, 0x0,

    /* U+0100 "Ā" */
    0x0, 0x0, 0x8, 0x88, 0x88, 0x87, 0x0, 0x0,
    0x0, 0x0, 0x0, 0xff, 0xff, 0xff, 0xf0, 0x0,
    0x0, 0x0, 0x0, 0x0, 0x0, 0x0, 0x0, 0x0,
    0x0, 0x0, 0x0, 0x0, 0x0, 0x0, 0x0, 0x0,
    0x0, 0x0, 0x0, 0x0, 0x0, 0x1f, 0xff, 0x0,
    0x0, 0x0, 0x0, 0x0, 0x0, 0x7, 0xff, 0xf7,
    0x0, 0x0, 0x0, 0x0, 0x0, 0x0, 0xef, 0xff,
    0xe0, 0x0, 0x0, 0x0, 0x0, 0x0, 0x5f, 0xf4,
    0xff, 0x50, 0x0, 0x0, 0x0, 0x0, 0xd, 0xfa,
    0xc, 0xfc, 0x0, 0x0, 0x0, 0x0, 0x4, 0xff,
    0x40, 0x5f, 0xf3, 0x0, 0x0, 0x0, 0x0, 0xbf,
    0xd0, 0x0, 0xef, 0xb0, 0x0, 0x0, 0x0, 0x2f,
    0xf6, 0x0, 0x8, 0xff, 0x20, 0x0, 0x0, 0x9,
    0xff, 0x21, 0x11, 0x3f, 0xf9, 0x0, 0x0, 0x1,
    0xff, 0xff, 0xff, 0xff, 0xff, 0xf1, 0x0, 0x0,
    0x8f, 0xff, 0xff, 0xff, 0xff, 0xff, 0x70, 0x0,
    0xe, 0xfb, 0x0, 0x0, 0x0, 0xc, 0xfe, 0x0,
    0x6, 0xff, 0x40, 0x0, 0x0, 0x0, 0x5f, 0xf6,
    0x0, 0xdf, 0xc0, 0x0, 0x0, 0x0, 0x0, 0xdf,
    0xd0,

    /* U+0101 "ā" */
    0x0, 0x8f, 0xff, 0xff, 0xf6, 0x0, 0x4, 0x88,
    0x88, 0x88, 0x30, 0x0, 0x0, 0x0, 0x0, 0x0,
    0x0, 0x5, 0xbe, 0xff, 0xc6, 0x0, 0x9, 0xff,
    0xff, 0xff, 0xf9, 0x0, 0x2d, 0x63, 0x24, 0xcf,
    0xf3, 0x0, 0x0, 0x0, 0x1, 0xff, 0x70, 0x1,
    0x79, 0xab, 0xbf, 0xf9, 0x5, 0xff, 0xff, 0xff,
    0xff, 0x90, 0xef, 0xc2, 0x0, 0xe, 0xf9, 0x1f,
    0xf6, 0x0, 0x1, 0xff, 0x90, 0xff, 0xb0, 0x1,
    0xbf, 0xf9, 0x8, 0xff, 0xfe, 0xff, 0xef, 0x90,
    0x6, 0xcf, 0xfc, 0x4c, 0xf9,

    /* U+0102 "Ă" */
    0x0, 0x0, 0x7, 0x50, 0x0, 0x66, 0x0, 0x0,
    0x0, 0x0, 0x0, 0xbf, 0x52, 0x6f, 0xa0, 0x0,
    0x0, 0x0, 0x0, 0x1, 0xcf, 0xff, 0xb1, 0x0,
    0x0, 0x0, 0x0, 0x0, 0x0, 0x24, 0x20, 0x0,
    0x0, 0x0, 0x0, 0x0, 0x0, 0x0, 0x0, 0x0,
    0x0, 0x0, 0x0, 0x0, 0x0, 0x1, 0xff, 0xf0,
    0x0, 0x0, 0x0, 0x0, 0x0, 0x0, 0x7f, 0xff,
    0x70, 0x0, 0x0, 0x0, 0x0, 0x0, 0xe, 0xff,
    0xfe, 0x0, 0x0, 0x0, 0x0, 0x0, 0x5, 0xff,
    0x4f, 0xf5, 0x0, 0x0, 0x0, 0x0, 0x0, 0xdf,
    0xa0, 0xcf, 0xc0, 0x0, 0x0, 0x0, 0x0, 0x4f,
    0xf4, 0x5, 0xff, 0x30, 0x0, 0x0, 0x0, 0xb,
    0xfd, 0x0, 0xe, 0xfb, 0x0, 0x0, 0x0, 0x2,
    0xff, 0x60, 0x0, 0x8f, 0xf2, 0x0, 0x0, 0x0,
    0x9f, 0xf2, 0x11, 0x13, 0xff, 0x90, 0x0, 0x0,
    0x1f, 0xff, 0xff, 0xff, 0xff, 0xff, 0x10, 0x0,
    0x8, 0xff, 0xff, 0xff, 0xff, 0xff, 0xf7, 0x0,
    0x0, 0xef, 0xb0, 0x0, 0x0, 0x0, 0xcf, 0xe0,
    0x0, 0x6f, 0xf4, 0x0, 0x0, 0x0, 0x5, 0xff,
    0x60, 0xd, 0xfc, 0x0, 0x0, 0x0, 0x0, 0xd,
    0xfd, 0x0,

    /* U+0103 "ă" */
    0x0, 0x5f, 0x83, 0x3a, 0xf3, 0x0, 0x0, 0x9f,
    0xff, 0xf8, 0x0, 0x0, 0x0, 0x13, 0x31, 0x0,
    0x0, 0x0, 0x0, 0x0, 0x0, 0x0, 0x0, 0x5b,
    0xef, 0xfc, 0x60, 0x0, 0x9f, 0xff, 0xff, 0xff,
    0x90, 0x2, 0xd6, 0x32, 0x4c, 0xff, 0x30, 0x0,
    0x0, 0x0, 0x1f, 0xf7, 0x0, 0x17, 0x9a, 0xbb,
    0xff, 0x90, 0x5f, 0xff, 0xff, 0xff, 0xf9, 0xe,
    0xfc, 0x20, 0x0, 0xef, 0x91, 0xff, 0x60, 0x0,
    0x1f, 0xf9, 0xf, 0xfb, 0x0, 0x1b, 0xff, 0x90,
    0x8f, 0xff, 0xef, 0xfe, 0xf9, 0x0, 0x6c, 0xff,
    0xc4, 0xcf, 0x90,

    /* U+0104 "Ą" */
    0x0, 0x0, 0x0, 0x1f, 0xff, 0x0, 0x0, 0x0,
    0x0, 0x0, 0x0, 0x7, 0xff, 0xf7, 0x0, 0x0,
    0x0, 0x0, 0x0, 0x0, 0xef, 0xff, 0xe0, 0x0,
    0x0, 0x0, 0x0, 0x0, 0x5f, 0xf4, 0xff, 0x50,
    0x0, 0x0, 0x0, 0x0, 0xd, 0xfa, 0xc, 0xfc,
    0x0, 0x0, 0x0, 0x0, 0x4, 0xff, 0x40, 0x5f,
    0xf3, 0x0, 0x0, 0x0, 0x0, 0xbf, 0xd0, 0x0,
    0xef, 0xb0, 0x0, 0x0, 0x0, 0x2f, 0xf6, 0x0,
    0x8, 0xff, 0x20, 0x0, 0x0, 0x9, 0xff, 0x21,
    0x11, 0x3f, 0xf9, 0x0, 0x0, 0x1, 0xff, 0xff,
    0xff, 0xff, 0xff, 0xf1, 0x0, 0x0, 0x8f, 0xff,
    0xff, 0xff, 0xff, 0xff, 0x70, 0x0, 0xe, 0xfb,
    0x0, 0x0, 0x0, 0xc, 0xfe, 0x0, 0x6, 0xff,
    0x40, 0x0, 0x0, 0x0, 0x5f, 0xf6, 0x0, 0xdf,
    0xc0, 0x0, 0x0, 0x0, 0x0, 0xef, 0xf0, 0x0,
    0x0, 0x0, 0x0, 0x0, 0x0, 0x2d, 0xc4, 0x0,
    0x0, 0x0, 0x0, 0x0, 0x0, 0xb, 0xe0, 0x0,
    0x0, 0x0, 0x0, 0x0, 0x0, 0x0, 0xee, 0x33,
    0x10, 0x0, 0x0, 0x0, 0x0, 0x0, 0x6, 0xff,
    0xf6, 0x0, 0x0, 0x0, 0x0, 0x0, 0x0, 0x1,
    0x32, 0x0,

    /* U+0105 "ą" */
    0x0, 0x5b, 0xef, 0xfc, 0x60, 0x0, 0x9, 0xff,
    0xff, 0xff, 0xf9, 0x0, 0x2, 0xd6, 0x32, 0x4c,
    0xff, 0x30, 0x0, 0x0, 0x0, 0x1, 0xff, 0x70,
    0x0, 0x17, 0x9a, 0xbb, 0xff, 0x90, 0x5, 0xff,
    0xff, 0xff, 0xff, 0x90, 0xe, 0xfc, 0x20, 0x0,
    0xef, 0x90, 0x1f, 0xf6, 0x0, 0x1, 0xff, 0x90,
    0xf, 0xfb, 0x0, 0x1b, 0xff, 0x90, 0x8, 0xff,
    0xfe, 0xff, 0xef, 0x90, 0x0, 0x6c, 0xff, 0xc4,
    0xff, 0xc0, 0x0, 0x0, 0x0, 0xa, 0xf6, 0x0,
    0x0, 0x0, 0x0, 0x4f, 0x60, 0x0, 0x0, 0x0,
    0x0, 0x5f, 0x82, 0x30, 0x0, 0x0, 0x0, 0xc,
    0xff, 0xe0, 0x0, 0x0, 0x0, 0x0, 0x33, 0x0,

    /* U+0106 "Ć" */
    0x0, 0x0, 0x0, 0x0, 0x7, 0x87, 0x0, 0x0,
    0x0, 0x0, 0x0, 0xaf, 0xd2, 0x0, 0x0, 0x0,
    0x0, 0x8, 0xfc, 0x10, 0x0, 0x0, 0x0, 0x0,
    0x17, 0x70, 0x0, 0x0, 0x0, 0x0, 0x0, 0x0,
    0x0, 0x0, 0x0, 0x0, 0x0, 0x17, 0xce, 0xfe,
    0xb5, 0x0, 0x0, 0x6, 0xff, 0xff, 0xff, 0xff,
    0xc1, 0x0, 0x7f, 0xff, 0xb7, 0x57, 0xbf, 0xfa,
    0x2, 0xff, 0xe3, 0x0, 0x0, 0x4, 0x90, 0xa,
    0xff, 0x30, 0x0, 0x0, 0x0, 0x0, 0xf, 0xfc,
    0x0, 0x0, 0x0, 0x0, 0x0, 0x1f, 0xf8, 0x0,
    0x0, 0x0, 0x0, 0x0, 0x1f, 0xf8, 0x0, 0x0,
    0x0, 0x0, 0x0, 0xf, 0xfc, 0x0, 0x0, 0x0,
    0x0, 0x0, 0xa, 0xff, 0x30, 0x0, 0x0, 0x0,
    0x0, 0x2, 0xff, 0xe3, 0x0, 0x0, 0x4, 0x90,
    0x0, 0x7f, 0xff, 0xb6, 0x57, 0xbf, 0xfa, 0x0,
    0x6, 0xff, 0xff, 0xff, 0xff, 0xc1, 0x0, 0x0,
    0x17, 0xce, 0xfe, 0xb5, 0x0,

    /* U+0107 "ć" */
    0x0, 0x0, 0x0, 0x4f, 0xf8, 0x0, 0x0, 0x0,
    0x4, 0xfe, 0x40, 0x0, 0x0, 0x0, 0x1a, 0xa2,
    0x0, 0x0, 0x0, 0x0, 0x0, 0x0, 0x0, 0x0,
    0x0, 0x3, 0xae, 0xfe, 0xa3, 0x0, 0x0, 0x8f,
    0xff, 0xff, 0xff, 0x50, 0x5, 0xff, 0xd5, 0x35,
    0xdf, 0xc0, 0xd, 0xfd, 0x0, 0x0, 0x16, 0x0,
    0x1f, 0xf7, 0x0, 0x0, 0x0, 0x0, 0x3f, 0xf5,
    0x0, 0x0, 0x0, 0x0, 0x1f, 0xf7, 0x0, 0x0,
    0x0, 0x0, 0xd, 0xfd, 0x0, 0x0, 0x17, 0x0,
    0x5, 0xff, 0xd5, 0x35, 0xdf, 0xc0, 0x0, 0x8f,
    0xff, 0xff, 0xff, 0x50, 0x0, 0x3, 0xae, 0xfe,
    0xa3, 0x0,

    /* U+0108 "Ĉ" */
    0x0, 0x0, 0x0, 0x17, 0x84, 0x0, 0x0, 0x0,
    0x0, 0x0, 0xcf, 0xff, 0x40, 0x0, 0x0, 0x0,
    0xa, 0xf8, 0x3e, 0xf3, 0x0, 0x0, 0x0, 0x28,
    0x60, 0x2, 0x86, 0x0, 0x0, 0x0, 0x0, 0x0,
    0x0, 0x0, 0x0, 0x0, 0x0, 0x17, 0xce, 0xfe,
    0xb5, 0x0, 0x0, 0x6, 0xff, 0xff, 0xff, 0xff,
    0xc1, 0x0, 0x7f, 0xff, 0xb7, 0x57, 0xbf, 0xfa,
    0x2, 0xff, 0xe3, 0x0, 0x0, 0x4, 0x90, 0xa,
    0xff, 0x30, 0x0, 0x0, 0x0, 0x0, 0xf, 0xfc,
    0x0, 0x0, 0x0, 0x0, 0x0, 0x1f, 0xf8, 0x0,
    0x0, 0x0, 0x0, 0x0, 0x1f, 0xf8, 0x0, 0x0,
    0x0, 0x0, 0x0, 0xf, 0xfc, 0x0, 0x0, 0x0,
    0x0, 0x0, 0xa, 0xff, 0x30, 0x0, 0x0, 0x0,
    0x0, 0x2, 0xff, 0xe3, 0x0, 0x0, 0x4, 0x90,
    0x0, 0x7f, 0xff, 0xb6, 0x57, 0xbf, 0xfa, 0x0,
    0x6, 0xff, 0xff, 0xff, 0xff, 0xc1, 0x0, 0x0,
    0x17, 0xce, 0xfe, 0xb5, 0x0,

    /* U+0109 "ĉ" */
    0x0, 0x0, 0x6f, 0xfc, 0x10, 0x0, 0x0, 0x6,
    0xfc, 0x7f, 0xc1, 0x0, 0x0, 0x2a, 0x90, 0x4,
    0xa7, 0x0, 0x0, 0x0, 0x0, 0x0, 0x0, 0x0,
    0x0, 0x3, 0xae, 0xfe, 0xa3, 0x0, 0x0, 0x8f,
    0xff, 0xff, 0xff, 0x50, 0x5, 0xff, 0xd5, 0x35,
    0xdf, 0xc0, 0xd, 0xfd, 0x0, 0x0, 0x16, 0x0,
    0x1f, 0xf7, 0x0, 0x0, 0x0, 0x0, 0x3f, 0xf5,
    0x0, 0x0, 0x0, 0x0, 0x1f, 0xf7, 0x0, 0x0,
    0x0, 0x0, 0xd, 0xfd, 0x0, 0x0, 0x17, 0x0,
    0x5, 0xff, 0xd5, 0x35, 0xdf, 0xc0, 0x0, 0x8f,
    0xff, 0xff, 0xff, 0x50, 0x0, 0x3, 0xae, 0xfe,
    0xa3, 0x0,

    /* U+010A "Ċ" */
    0x0, 0x0, 0x0, 0xa, 0xd3, 0x0, 0x0, 0x0,
    0x0, 0x0, 0x2f, 0xf9, 0x0, 0x0, 0x0, 0x0,
    0x0, 0xb, 0xe4, 0x0, 0x0, 0x0, 0x0, 0x0,
    0x0, 0x0, 0x0, 0x0, 0x0, 0x0, 0x0, 0x0,
    0x0, 0x0, 0x0, 0x0, 0x0, 0x17, 0xce, 0xfe,
    0xb5, 0x0, 0x0, 0x6, 0xff, 0xff, 0xff, 0xff,
    0xc1, 0x0, 0x7f, 0xff, 0xb7, 0x57, 0xbf, 0xfa,
    0x2, 0xff, 0xe3, 0x0, 0x0, 0x4, 0x90, 0xa,
    0xff, 0x30, 0x0, 0x0, 0x0, 0x0, 0xf, 0xfc,
    0x0, 0x0, 0x0, 0x0, 0x0, 0x1f, 0xf8, 0x0,
    0x0, 0x0, 0x0, 0x0, 0x1f, 0xf8, 0x0, 0x0,
    0x0, 0x0, 0x0, 0xf, 0xfc, 0x0, 0x0, 0x0,
    0x0, 0x0, 0xa, 0xff, 0x30, 0x0, 0x0, 0x0,
    0x0, 0x2, 0xff, 0xe3, 0x0, 0x0, 0x4, 0x90,
    0x0, 0x7f, 0xff, 0xb6, 0x57, 0xbf, 0xfa, 0x0,
    0x6, 0xff, 0xff, 0xff, 0xff, 0xc1, 0x0, 0x0,
    0x17, 0xce, 0xfe, 0xb5, 0x0,

    /* U+010B "ċ" */
    0x0, 0x0, 0x4, 0x60, 0x0, 0x0, 0x0, 0x0,
    0x1f, 0xf8, 0x0, 0x0, 0x0, 0x0, 0x1f, 0xf8,
    0x0, 0x0, 0x0, 0x0, 0x2, 0x50, 0x0, 0x0,
    0x0, 0x0, 0x0, 0x0, 0x0, 0x0, 0x0, 0x3,
    0xae, 0xfe, 0xa3, 0x0, 0x0, 0x8f, 0xff, 0xff,
    0xff, 0x50, 0x5, 0xff, 0xd5, 0x35, 0xdf, 0xc0,
    0xd, 0xfd, 0x0, 0x0, 0x16, 0x0, 0x1f, 0xf7,
    0x0, 0x0, 0x0, 0x0, 0x3f, 0xf5, 0x0, 0x0,
    0x0, 0x0, 0x1f, 0xf7, 0x0, 0x0, 0x0, 0x0,
    0xd, 0xfd, 0x0, 0x0, 0x17, 0x0, 0x5, 0xff,
    0xd5, 0x35, 0xdf, 0xc0, 0x0, 0x8f, 0xff, 0xff,
    0xff, 0x50, 0x0, 0x3, 0xae, 0xfe, 0xa3, 0x0,

    /* U+010C "Č" */
    0x0, 0x0, 0x28, 0x60, 0x2, 0x86, 0x0, 0x0,
    0x0, 0xa, 0xf9, 0x3e, 0xf3, 0x0, 0x0, 0x0,
    0x0, 0xcf, 0xff, 0x40, 0x0, 0x0, 0x0, 0x0,
    0x17, 0x84, 0x0, 0x0, 0x0, 0x0, 0x0, 0x0,
    0x0, 0x0, 0x0, 0x0, 0x0, 0x17, 0xce, 0xfe,
    0xb5, 0x0, 0x0, 0x6, 0xff, 0xff, 0xff, 0xff,
    0xc1, 0x0, 0x7f, 0xff, 0xb7, 0x57, 0xbf, 0xfa,
    0x2, 0xff, 0xe3, 0x0, 0x0, 0x4, 0x90, 0xa,
    0xff, 0x30, 0x0, 0x0, 0x0, 0x0, 0xf, 0xfc,
    0x0, 0x0, 0x0, 0x0, 0x0, 0x1f, 0xf8, 0x0,
    0x0, 0x0, 0x0, 0x0, 0x1f, 0xf8, 0x0, 0x0,
    0x0, 0x0, 0x0, 0xf, 0xfc, 0x0, 0x0, 0x0,
    0x0, 0x0, 0xa, 0xff, 0x30, 0x0, 0x0, 0x0,
    0x0, 0x2, 0xff, 0xe3, 0x0, 0x0, 0x4, 0x90,
    0x0, 0x7f, 0xff, 0xb6, 0x57, 0xbf, 0xfa, 0x0,
    0x6, 0xff, 0xff, 0xff, 0xff, 0xc1, 0x0, 0x0,
    0x17, 0xce, 0xfe, 0xb5, 0x0,

    /* U+010D "č" */
    0x0, 0x2e, 0xe3, 0x9, 0xf8, 0x0, 0x0, 0x2,
    0xef, 0xdf, 0x80, 0x0, 0x0, 0x0, 0x2a, 0xa7,
    0x0, 0x0, 0x0, 0x0, 0x0, 0x0, 0x0, 0x0,
    0x0, 0x3, 0xae, 0xfe, 0xa3, 0x0, 0x0, 0x8f,
    0xff, 0xff, 0xff, 0x50, 0x5, 0xff, 0xd5, 0x35,
    0xdf, 0xc0, 0xd, 0xfd, 0x0, 0x0, 0x16, 0x0,
    0x1f, 0xf7, 0x0, 0x0, 0x0, 0x0, 0x3f, 0xf5,
    0x0, 0x0, 0x0, 0x0, 0x1f, 0xf7, 0x0, 0x0,
    0x0, 0x0, 0xd, 0xfd, 0x0, 0x0, 0x17, 0x0,
    0x5, 0xff, 0xd5, 0x35, 0xdf, 0xc0, 0x0, 0x8f,
    0xff, 0xff, 0xff, 0x50, 0x0, 0x3, 0xae, 0xfe,
    0xa3, 0x0,

    /* U+010E "Ď" */
    0x0, 0xb, 0xf6, 0x6, 0xfb, 0x0, 0x0, 0x0,
    0x0, 0xa, 0xfd, 0xfa, 0x0, 0x0, 0x0, 0x0,
    0x0, 0x7, 0x87, 0x0, 0x0, 0x0, 0x0, 0x0,
    0x0, 0x0, 0x0, 0x0, 0x0, 0x0, 0x2f, 0xff,
    0xff, 0xff, 0xda, 0x40, 0x0, 0x2, 0xff, 0xff,
    0xff, 0xff, 0xff, 0xc2, 0x0, 0x2f, 0xf9, 0x44,
    0x45, 0x7d, 0xff, 0xe1, 0x2, 0xff, 0x70, 0x0,
    0x0, 0x7, 0xff, 0xb0, 0x2f, 0xf7, 0x0, 0x0,
    0x0, 0xa, 0xff, 0x22, 0xff, 0x70, 0x0, 0x0,
    0x0, 0x3f, 0xf7, 0x2f, 0xf7, 0x0, 0x0, 0x0,
    0x0, 0xff, 0x92, 0xff, 0x70, 0x0, 0x0, 0x0,
    0xf, 0xf9, 0x2f, 0xf7, 0x0, 0x0, 0x0, 0x3,
    0xff, 0x72, 0xff, 0x70, 0x0, 0x0, 0x0, 0xaf,
    0xf2, 0x2f, 0xf7, 0x0, 0x0, 0x0, 0x7f, 0xfb,
    0x2, 0xff, 0x93, 0x33, 0x47, 0xcf, 0xfe, 0x10,
    0x2f, 0xff, 0xff, 0xff, 0xff, 0xfc, 0x20, 0x2,
    0xff, 0xff, 0xff, 0xfd, 0xa5, 0x0, 0x0,

    /* U+010F "ď" */
    0x0, 0x0, 0x0, 0x0, 0x0, 0x0, 0x0, 0x0,
    0x0, 0x0, 0x0, 0x0, 0x0, 0x0, 0x3, 0xfc,
    0x0, 0x0, 0x0, 0x0, 0x6, 0xff, 0x13, 0xfa,
    0x0, 0x0, 0x0, 0x0, 0x6, 0xff, 0x13, 0xf9,
    0x0, 0x0, 0x0, 0x0, 0x6, 0xff, 0x13, 0xf8,
    0x0, 0x0, 0x0, 0x0, 0x6, 0xff, 0x10, 0x0,
    0x0, 0x5, 0xbe, 0xfc, 0x66, 0xff, 0x10, 0x0,
    0x0, 0x9f, 0xff, 0xff, 0xfe, 0xff, 0x10, 0x0,
    0x6, 0xff, 0xc5, 0x25, 0xdf, 0xff, 0x10, 0x0,
    0xe, 0xfd, 0x0, 0x0, 0x1e, 0xff, 0x10, 0x0,
    0x1f, 0xf6, 0x0, 0x0, 0x8, 0xff, 0x10, 0x0,
    0x3f, 0xf4, 0x0, 0x0, 0x6, 0xff, 0x10, 0x0,
    0x1f, 0xf6, 0x0, 0x0, 0x8, 0xff, 0x10, 0x0,
    0xe, 0xfd, 0x0, 0x0, 0x1e, 0xff, 0x10, 0x0,
    0x6, 0xff, 0xd5, 0x35, 0xdf, 0xff, 0x10, 0x0,
    0x0, 0x9f, 0xff, 0xff, 0xfd, 0xff, 0x10, 0x0,
    0x0, 0x5, 0xbe, 0xfd, 0x64, 0xff, 0x10, 0x0,

    /* U+0110 "Đ" */
    0x0, 0xef, 0xff, 0xff, 0xfd, 0xb5, 0x0, 0x0,
    0x0, 0xef, 0xff, 0xff, 0xff, 0xff, 0xd3, 0x0,
    0x0, 0xef, 0xc4, 0x44, 0x46, 0xbf, 0xff, 0x30,
    0x0, 0xef, 0xb0, 0x0, 0x0, 0x5, 0xff, 0xe0,
    0x0, 0xef, 0xb0, 0x0, 0x0, 0x0, 0x7f, 0xf5,
    0x0, 0xef, 0xb0, 0x0, 0x0, 0x0, 0xf, 0xfa,
    0xef, 0xff, 0xff, 0xff, 0x70, 0x0, 0xd, 0xfc,
    0xdf, 0xff, 0xff, 0xff, 0x60, 0x0, 0xd, 0xfc,
    0x0, 0xef, 0xb0, 0x0, 0x0, 0x0, 0xf, 0xfa,
    0x0, 0xef, 0xb0, 0x0, 0x0, 0x0, 0x7f, 0xf6,
    0x0, 0xef, 0xb0, 0x0, 0x0, 0x4, 0xff, 0xe0,
    0x0, 0xef, 0xc3, 0x33, 0x46, 0xbf, 0xff, 0x30,
    0x0, 0xef, 0xff, 0xff, 0xff, 0xff, 0xe4, 0x0,
    0x0, 0xef, 0xff, 0xff, 0xfd, 0xb6, 0x0, 0x0,

    /* U+0111 "đ" */
    0x0, 0x0, 0x0, 0x0, 0x6, 0xff, 0x10, 0x0,
    0x0, 0x5, 0xff, 0xff, 0xff, 0xfb, 0x0, 0x0,
    0x3, 0xaa, 0xaf, 0xff, 0xc7, 0x0, 0x0, 0x0,
    0x0, 0x6, 0xff, 0x10, 0x0, 0x5, 0xbe, 0xfc,
    0x66, 0xff, 0x10, 0x0, 0x9f, 0xff, 0xff, 0xfe,
    0xff, 0x10, 0x6, 0xff, 0xc5, 0x25, 0xdf, 0xff,
    0x10, 0xe, 0xfd, 0x0, 0x0, 0x1e, 0xff, 0x10,
    0x1f, 0xf6, 0x0, 0x0, 0x8, 0xff, 0x10, 0x3f,
    0xf4, 0x0, 0x0, 0x6, 0xff, 0x10, 0x1f, 0xf6,
    0x0, 0x0, 0x8, 0xff, 0x10, 0xe, 0xfd, 0x0,
    0x0, 0x1e, 0xff, 0x10, 0x6, 0xff, 0xd5, 0x35,
    0xdf, 0xff, 0x10, 0x0, 0x9f, 0xff, 0xff, 0xfd,
    0xff, 0x10, 0x0, 0x5, 0xbe, 0xfd, 0x64, 0xff,
    0x10,

    /* U+0112 "Ē" */
    0x0, 0x38, 0x88, 0x88, 0x83, 0x0, 0x0, 0x7f,
    0xff, 0xff, 0xf7, 0x0, 0x0, 0x0, 0x0, 0x0,
    0x0, 0x0, 0x0, 0x0, 0x0, 0x0, 0x0, 0x0,
    0x2f, 0xff, 0xff, 0xff, 0xff, 0xf1, 0x2f, 0xff,
    0xff, 0xff, 0xff, 0xf1, 0x2f, 0xf9, 0x33, 0x33,
    0x33, 0x30, 0x2f, 0xf7, 0x0, 0x0, 0x0, 0x0,
    0x2f, 0xf7, 0x0, 0x0, 0x0, 0x0, 0x2f, 0xf9,
    0x22, 0x22, 0x22, 0x0, 0x2f, 0xff, 0xff, 0xff,
    0xff, 0x30, 0x2f, 0xff, 0xff, 0xff, 0xff, 0x30,
    0x2f, 0xf7, 0x0, 0x0, 0x0, 0x0, 0x2f, 0xf7,
    0x0, 0x0, 0x0, 0x0, 0x2f, 0xf7, 0x0, 0x0,
    0x0, 0x0, 0x2f, 0xf9, 0x33, 0x33, 0x33, 0x31,
    0x2f, 0xff, 0xff, 0xff, 0xff, 0xf6, 0x2f, 0xff,
    0xff, 0xff, 0xff, 0xf6,

    /* U+0113 "ē" */
    0x0, 0x3f, 0xff, 0xff, 0xfb, 0x0, 0x0, 0x18,
    0x88, 0x88, 0x85, 0x0, 0x0, 0x0, 0x0, 0x0,
    0x0, 0x0, 0x0, 0x4, 0xbe, 0xfd, 0x81, 0x0,
    0x0, 0x9f, 0xff, 0xff, 0xfe, 0x30, 0x6, 0xff,
    0x82, 0x14, 0xdf, 0xe0, 0xd, 0xf9, 0x0, 0x0,
    0x1f, 0xf6, 0x1f, 0xfc, 0xbb, 0xbb, 0xbe, 0xf9,
    0x3f, 0xff, 0xff, 0xff, 0xff, 0xfa, 0x1f, 0xf6,
    0x0, 0x0, 0x0, 0x0, 0xd, 0xfd, 0x10, 0x0,
    0x2, 0x0, 0x5, 0xff, 0xd5, 0x33, 0x9f, 0x50,
    0x0, 0x8f, 0xff, 0xff, 0xff, 0x90, 0x0, 0x3,
    0xae, 0xfe, 0xb5, 0x0,

    /* U+0114 "Ĕ" */
    0x0, 0x38, 0x10, 0x2, 0x83, 0x0, 0x0, 0x2f,
    0xb3, 0x3b, 0xf2, 0x0, 0x0, 0x6, 0xff, 0xff,
    0x60, 0x0, 0x0, 0x0, 0x3, 0x30, 0x0, 0x0,
    0x0, 0x0, 0x0, 0x0, 0x0, 0x0, 0x2f, 0xff,
    0xff, 0xff, 0xff, 0xf1, 0x2f, 0xff, 0xff, 0xff,
    0xff, 0xf1, 0x2f, 0xf9, 0x33, 0x33, 0x33, 0x30,
    0x2f, 0xf7, 0x0, 0x0, 0x0, 0x0, 0x2f, 0xf7,
    0x0, 0x0, 0x0, 0x0, 0x2f, 0xf9, 0x22, 0x22,
    0x22, 0x0, 0x2f, 0xff, 0xff, 0xff, 0xff, 0x30,
    0x2f, 0xff, 0xff, 0xff, 0xff, 0x30, 0x2f, 0xf7,
    0x0, 0x0, 0x0, 0x0, 0x2f, 0xf7, 0x0, 0x0,
    0x0, 0x0, 0x2f, 0xf7, 0x0, 0x0, 0x0, 0x0,
    0x2f, 0xf9, 0x33, 0x33, 0x33, 0x31, 0x2f, 0xff,
    0xff, 0xff, 0xff, 0xf6, 0x2f, 0xff, 0xff, 0xff,
    0xff, 0xf6,

    /* U+0115 "ĕ" */
    0x0, 0x1f, 0xb3, 0x26, 0xf8, 0x0, 0x0, 0x6,
    0xff, 0xff, 0xb0, 0x0, 0x0, 0x0, 0x3, 0x41,
    0x0, 0x0, 0x0, 0x0, 0x0, 0x0, 0x0, 0x0,
    0x0, 0x4, 0xbe, 0xfd, 0x81, 0x0, 0x0, 0x9f,
    0xff, 0xff, 0xfe, 0x30, 0x6, 0xff, 0x82, 0x14,
    0xdf, 0xe0, 0xd, 0xf9, 0x0, 0x0, 0x1f, 0xf6,
    0x1f, 0xfc, 0xbb, 0xbb, 0xbe, 0xf9, 0x3f, 0xff,
    0xff, 0xff, 0xff, 0xfa, 0x1f, 0xf6, 0x0, 0x0,
    0x0, 0x0, 0xd, 0xfd, 0x10, 0x0, 0x2, 0x0,
    0x5, 0xff, 0xd5, 0x33, 0x9f, 0x50, 0x0, 0x8f,
    0xff, 0xff, 0xff, 0x90, 0x0, 0x3, 0xae, 0xfe,
    0xb5, 0x0,

    /* U+0116 "Ė" */
    0x0, 0x0, 0x1c, 0xc1, 0x0, 0x0, 0x0, 0x0,
    0x6f, 0xf6, 0x0, 0x0, 0x0, 0x0, 0x2d, 0xd1,
    0x0, 0x0, 0x0, 0x0, 0x0, 0x0, 0x0, 0x0,
    0x0, 0x0, 0x0, 0x0, 0x0, 0x0, 0x2f, 0xff,
    0xff, 0xff, 0xff, 0xf1, 0x2f, 0xff, 0xff, 0xff,
    0xff, 0xf1, 0x2f, 0xf9, 0x33, 0x33, 0x33, 0x30,
    0x2f, 0xf7, 0x0, 0x0, 0x0, 0x0, 0x2f, 0xf7,
    0x0, 0x0, 0x0, 0x0, 0x2f, 0xf9, 0x22, 0x22,
    0x22, 0x0, 0x2f, 0xff, 0xff, 0xff, 0xff, 0x30,
    0x2f, 0xff, 0xff, 0xff, 0xff, 0x30, 0x2f, 0xf7,
    0x0, 0x0, 0x0, 0x0, 0x2f, 0xf7, 0x0, 0x0,
    0x0, 0x0, 0x2f, 0xf7, 0x0, 0x0, 0x0, 0x0,
    0x2f, 0xf9, 0x33, 0x33, 0x33, 0x31, 0x2f, 0xff,
    0xff, 0xff, 0xff, 0xf6, 0x2f, 0xff, 0xff, 0xff,
    0xff, 0xf6,

    /* U+0117 "ė" */
    0x0, 0x0, 0x4, 0x60, 0x0, 0x0, 0x0, 0x0,
    0x1f, 0xf8, 0x0, 0x0, 0x0, 0x0, 0x1f, 0xf7,
    0x0, 0x0, 0x0, 0x0, 0x2, 0x50, 0x0, 0x0,
    0x0, 0x0, 0x0, 0x0, 0x0, 0x0, 0x0, 0x4,
    0xbe, 0xfd, 0x81, 0x0, 0x0, 0x9f, 0xff, 0xff,
    0xfe, 0x30, 0x6, 0xff, 0x82, 0x14, 0xdf, 0xe0,
    0xd, 0xf9, 0x0, 0x0, 0x1f, 0xf6, 0x1f, 0xfc,
    0xbb, 0xbb, 0xbe, 0xf9, 0x3f, 0xff, 0xff, 0xff,
    0xff, 0xfa, 0x1f, 0xf6, 0x0, 0x0, 0x0, 0x0,
    0xd, 0xfd, 0x10, 0x0, 0x2, 0x0, 0x5, 0xff,
    0xd5, 0x33, 0x9f, 0x50, 0x0, 0x8f, 0xff, 0xff,
    0xff, 0x90, 0x0, 0x3, 0xae, 0xfe, 0xb5, 0x0,

    /* U+0118 "Ę" */
    0x2f, 0xff, 0xff, 0xff, 0xff, 0xf1, 0x2f, 0xff,
    0xff, 0xff, 0xff, 0xf1, 0x2f, 0xf9, 0x33, 0x33,
    0x33, 0x30, 0x2f, 0xf7, 0x0, 0x0, 0x0, 0x0,
    0x2f, 0xf7, 0x0, 0x0, 0x0, 0x0, 0x2f, 0xf9,
    0x22, 0x22, 0x22, 0x0, 0x2f, 0xff, 0xff, 0xff,
    0xff, 0x30, 0x2f, 0xff, 0xff, 0xff, 0xff, 0x30,
    0x2f, 0xf7, 0x0, 0x0, 0x0, 0x0, 0x2f, 0xf7,
    0x0, 0x0, 0x0, 0x0, 0x2f, 0xf7, 0x0, 0x0,
    0x0, 0x0, 0x2f, 0xf9, 0x33, 0x33, 0x33, 0x31,
    0x2f, 0xff, 0xff, 0xff, 0xff, 0xf6, 0x2f, 0xff,
    0xff, 0xff, 0xff, 0xf6, 0x0, 0x0, 0x0, 0x0,
    0xbe, 0x60, 0x0, 0x0, 0x0, 0x7, 0xf3, 0x0,
    0x0, 0x0, 0x0, 0x9, 0xf5, 0x22, 0x0, 0x0,
    0x0, 0x2, 0xef, 0xfa, 0x0, 0x0, 0x0, 0x0,
    0x3, 0x30,

    /* U+0119 "ę" */
    0x0, 0x4, 0xbe, 0xfd, 0x81, 0x0, 0x0, 0x9f,
    0xff, 0xff, 0xfe, 0x30, 0x6, 0xff, 0x82, 0x14,
    0xdf, 0xe0, 0xd, 0xf9, 0x0, 0x0, 0x1f, 0xf6,
    0x1f, 0xfc, 0xbb, 0xbb, 0xbe, 0xf9, 0x3f, 0xff,
    0xff, 0xff, 0xff, 0xfa, 0x1f, 0xf6, 0x0, 0x0,
    0x0, 0x0, 0xd, 0xfd, 0x10, 0x0, 0x2, 0x0,
    0x5, 0xff, 0xd5, 0x33, 0x9f, 0x50, 0x0, 0x8f,
    0xff, 0xff, 0xff, 0x90, 0x0, 0x3, 0xae, 0xff,
    0xf8, 0x0, 0x0, 0x0, 0x0, 0x2f, 0x80, 0x0,
    0x0, 0x0, 0x0, 0x9f, 0x0, 0x0, 0x0, 0x0,
    0x0, 0xaf, 0x42, 0x20, 0x0, 0x0, 0x0, 0x3e,
    0xff, 0x90, 0x0, 0x0, 0x0, 0x0, 0x33, 0x0,

    /* U+011A "Ě" */
    0x0, 0x4f, 0xc1, 0x1c, 0xf4, 0x0, 0x0, 0x4,
    0xfe, 0xef, 0x40, 0x0, 0x0, 0x0, 0x38, 0x83,
    0x0, 0x0, 0x0, 0x0, 0x0, 0x0, 0x0, 0x0,
    0x2f, 0xff, 0xff, 0xff, 0xff, 0xf1, 0x2f, 0xff,
    0xff, 0xff, 0xff, 0xf1, 0x2f, 0xf9, 0x33, 0x33,
    0x33, 0x30, 0x2f, 0xf7, 0x0, 0x0, 0x0, 0x0,
    0x2f, 0xf7, 0x0, 0x0, 0x0, 0x0, 0x2f, 0xf9,
    0x22, 0x22, 0x22, 0x0, 0x2f, 0xff, 0xff, 0xff,
    0xff, 0x30, 0x2f, 0xff, 0xff, 0xff, 0xff, 0x30,
    0x2f, 0xf7, 0x0, 0x0, 0x0, 0x0, 0x2f, 0xf7,
    0x0, 0x0, 0x0, 0x0, 0x2f, 0xf7, 0x0, 0x0,
    0x0, 0x0, 0x2f, 0xf9, 0x33, 0x33, 0x33, 0x31,
    0x2f, 0xff, 0xff, 0xff, 0xff, 0xf6, 0x2f, 0xff,
    0xff, 0xff, 0xff, 0xf6,

    /* U+011B "ě" */
    0x0, 0x2e, 0xe3, 0x9, 0xf8, 0x0, 0x0, 0x2,
    0xef, 0xdf, 0x80, 0x0, 0x0, 0x0, 0x2a, 0xa7,
    0x0, 0x0, 0x0, 0x0, 0x0, 0x0, 0x0, 0x0,
    0x0, 0x4, 0xbe, 0xfd, 0x81, 0x0, 0x0, 0x9f,
    0xff, 0xff, 0xfe, 0x30, 0x6, 0xff, 0x82, 0x14,
    0xdf, 0xe0, 0xd, 0xf9, 0x0, 0x0, 0x1f, 0xf6,
    0x1f, 0xfc, 0xbb, 0xbb, 0xbe, 0xf9, 0x3f, 0xff,
    0xff, 0xff, 0xff, 0xfa, 0x1f, 0xf6, 0x0, 0x0,
    0x0, 0x0, 0xd, 0xfd, 0x10, 0x0, 0x2, 0x0,
    0x5, 0xff, 0xd5, 0x33, 0x9f, 0x50, 0x0, 0x8f,
    0xff, 0xff, 0xff, 0x90, 0x0, 0x3, 0xae, 0xfe,
    0xb5, 0x0,

    /* U+011C "Ĝ" */
    0x0, 0x0, 0x0, 0x7, 0x85, 0x0, 0x0, 0x0,
    0x0, 0x0, 0xb, 0xff, 0xf5, 0x0, 0x0, 0x0,
    0x0, 0xa, 0xf9, 0x2e, 0xf3, 0x0, 0x0, 0x0,
    0x2, 0x86, 0x0, 0x17, 0x60, 0x0, 0x0, 0x0,
    0x0, 0x0, 0x0, 0x0, 0x0, 0x0, 0x0, 0x1,
    0x7c, 0xef, 0xeb, 0x60, 0x0, 0x0, 0x6, 0xff,
    0xff, 0xff, 0xff, 0xe3, 0x0, 0x7, 0xff, 0xfb,
    0x75, 0x6a, 0xff, 0xc0, 0x2, 0xff, 0xe3, 0x0,
    0x0, 0x2, 0x90, 0x0, 0xaf, 0xf3, 0x0, 0x0,
    0x0, 0x0, 0x0, 0xf, 0xfc, 0x0, 0x0, 0x0,
    0x0, 0x0, 0x1, 0xff, 0x80, 0x0, 0x0, 0x0,
    0x12, 0x20, 0x1f, 0xf8, 0x0, 0x0, 0x0, 0x9,
    0xfe, 0x0, 0xff, 0xc0, 0x0, 0x0, 0x0, 0x9f,
    0xe0, 0xa, 0xff, 0x30, 0x0, 0x0, 0x9, 0xfe,
    0x0, 0x2f, 0xfe, 0x30, 0x0, 0x0, 0x9f, 0xe0,
    0x0, 0x7f, 0xff, 0xb7, 0x56, 0xaf, 0xfe, 0x0,
    0x0, 0x6f, 0xff, 0xff, 0xff, 0xff, 0x70, 0x0,
    0x0, 0x17, 0xce, 0xfe, 0xb7, 0x10, 0x0,

    /* U+011D "ĝ" */
    0x0, 0x0, 0x1d, 0xff, 0x50, 0x0, 0x0, 0x0,
    0x1d, 0xf7, 0xdf, 0x50, 0x0, 0x0, 0x8, 0xa3,
    0x0, 0x9a, 0x20, 0x0, 0x0, 0x0, 0x0, 0x0,
    0x0, 0x0, 0x0, 0x5, 0xbe, 0xfd, 0x72, 0xff,
    0x30, 0x9, 0xff, 0xff, 0xff, 0xdf, 0xf3, 0x6,
    0xff, 0xd5, 0x35, 0xcf, 0xff, 0x30, 0xef, 0xd0,
    0x0, 0x0, 0xdf, 0xf3, 0x2f, 0xf7, 0x0, 0x0,
    0x6, 0xff, 0x33, 0xff, 0x50, 0x0, 0x0, 0x4f,
    0xf3, 0x1f, 0xf7, 0x0, 0x0, 0x6, 0xff, 0x30,
    0xdf, 0xe0, 0x0, 0x0, 0xdf, 0xf3, 0x6, 0xff,
    0xd5, 0x35, 0xdf, 0xff, 0x30, 0x9, 0xff, 0xff,
    0xff, 0xef, 0xf3, 0x0, 0x5, 0xbe, 0xfd, 0x75,
    0xff, 0x20, 0x0, 0x0, 0x0, 0x0, 0xaf, 0xe0,
    0x1, 0xea, 0x53, 0x24, 0xaf, 0xf8, 0x0, 0x6f,
    0xff, 0xff, 0xff, 0xfc, 0x0, 0x0, 0x29, 0xce,
    0xfe, 0xc6, 0x0, 0x0,

    /* U+011E "Ğ" */
    0x0, 0x0, 0x18, 0x40, 0x0, 0x75, 0x0, 0x0,
    0x0, 0x0, 0xee, 0x42, 0x8f, 0x70, 0x0, 0x0,
    0x0, 0x3, 0xdf, 0xff, 0x90, 0x0, 0x0, 0x0,
    0x0, 0x0, 0x34, 0x10, 0x0, 0x0, 0x0, 0x0,
    0x0, 0x0, 0x0, 0x0, 0x0, 0x0, 0x0, 0x1,
    0x7c, 0xef, 0xeb, 0x60, 0x0, 0x0, 0x6, 0xff,
    0xff, 0xff, 0xff, 0xe3, 0x0, 0x7, 0xff, 0xfb,
    0x75, 0x6a, 0xff, 0xc0, 0x2, 0xff, 0xe3, 0x0,
    0x0, 0x2, 0x90, 0x0, 0xaf, 0xf3, 0x0, 0x0,
    0x0, 0x0, 0x0, 0xf, 0xfc, 0x0, 0x0, 0x0,
    0x0, 0x0, 0x1, 0xff, 0x80, 0x0, 0x0, 0x0,
    0x12, 0x20, 0x1f, 0xf8, 0x0, 0x0, 0x0, 0x9,
    0xfe, 0x0, 0xff, 0xc0, 0x0, 0x0, 0x0, 0x9f,
    0xe0, 0xa, 0xff, 0x30, 0x0, 0x0, 0x9, 0xfe,
    0x0, 0x2f, 0xfe, 0x30, 0x0, 0x0, 0x9f, 0xe0,
    0x0, 0x7f, 0xff, 0xb7, 0x56, 0xaf, 0xfe, 0x0,
    0x0, 0x6f, 0xff, 0xff, 0xff, 0xff, 0x70, 0x0,
    0x0, 0x17, 0xce, 0xfe, 0xb7, 0x10, 0x0,

    /* U+011F "ğ" */
    0x0, 0x9, 0xf6, 0x24, 0xcf, 0x0, 0x0, 0x0,
    0x1c, 0xff, 0xfe, 0x50, 0x0, 0x0, 0x0, 0x2,
    0x43, 0x0, 0x0, 0x0, 0x0, 0x0, 0x0, 0x0,
    0x0, 0x0, 0x0, 0x5, 0xbe, 0xfd, 0x72, 0xff,
    0x30, 0x9, 0xff, 0xff, 0xff, 0xdf, 0xf3, 0x6,
    0xff, 0xd5, 0x35, 0xcf, 0xff, 0x30, 0xef, 0xd0,
    0x0, 0x0, 0xdf, 0xf3, 0x2f, 0xf7, 0x0, 0x0,
    0x6, 0xff, 0x33, 0xff, 0x50, 0x0, 0x0, 0x4f,
    0xf3, 0x1f, 0xf7, 0x0, 0x0, 0x6, 0xff, 0x30,
    0xdf, 0xe0, 0x0, 0x0, 0xdf, 0xf3, 0x6, 0xff,
    0xd5, 0x35, 0xdf, 0xff, 0x30, 0x9, 0xff, 0xff,
    0xff, 0xef, 0xf3, 0x0, 0x5, 0xbe, 0xfd, 0x75,
    0xff, 0x20, 0x0, 0x0, 0x0, 0x0, 0xaf, 0xe0,
    0x1, 0xea, 0x53, 0x24, 0xaf, 0xf8, 0x0, 0x6f,
    0xff, 0xff, 0xff, 0xfc, 0x0, 0x0, 0x29, 0xce,
    0xfe, 0xc6, 0x0, 0x0,

    /* U+0120 "Ġ" */
    0x0, 0x0, 0x0, 0x9, 0xd4, 0x0, 0x0, 0x0,
    0x0, 0x0, 0x1, 0xff, 0xa0, 0x0, 0x0, 0x0,
    0x0, 0x0, 0xb, 0xf5, 0x0, 0x0, 0x0, 0x0,
    0x0, 0x0, 0x0, 0x0, 0x0, 0x0, 0x0, 0x0,
    0x0, 0x0, 0x0, 0x0, 0x0, 0x0, 0x0, 0x1,
    0x7c, 0xef, 0xeb, 0x60, 0x0, 0x0, 0x6, 0xff,
    0xff, 0xff, 0xff, 0xe3, 0x0, 0x7, 0xff, 0xfb,
    0x75, 0x6a, 0xff, 0xc0, 0x2, 0xff, 0xe3, 0x0,
    0x0, 0x2, 0x90, 0x0, 0xaf, 0xf3, 0x0, 0x0,
    0x0, 0x0, 0x0, 0xf, 0xfc, 0x0, 0x0, 0x0,
    0x0, 0x0, 0x1, 0xff, 0x80, 0x0, 0x0, 0x0,
    0x12, 0x20, 0x1f, 0xf8, 0x0, 0x0, 0x0, 0x9,
    0xfe, 0x0, 0xff, 0xc0, 0x0, 0x0, 0x0, 0x9f,
    0xe0, 0xa, 0xff, 0x30, 0x0, 0x0, 0x9, 0xfe,
    0x0, 0x2f, 0xfe, 0x30, 0x0, 0x0, 0x9f, 0xe0,
    0x0, 0x7f, 0xff, 0xb7, 0x56, 0xaf, 0xfe, 0x0,
    0x0, 0x6f, 0xff, 0xff, 0xff, 0xff, 0x70, 0x0,
    0x0, 0x17, 0xce, 0xfe, 0xb7, 0x10, 0x0,

    /* U+0121 "ġ" */
    0x0, 0x0, 0x1, 0x73, 0x0, 0x0, 0x0, 0x0,
    0x0, 0x9f, 0xf0, 0x0, 0x0, 0x0, 0x0, 0x9,
    0xfe, 0x0, 0x0, 0x0, 0x0, 0x0, 0x5, 0x20,
    0x0, 0x0, 0x0, 0x0, 0x0, 0x0, 0x0, 0x0,
    0x0, 0x0, 0x5b, 0xef, 0xd7, 0x2f, 0xf3, 0x0,
    0x9f, 0xff, 0xff, 0xfd, 0xff, 0x30, 0x6f, 0xfd,
    0x53, 0x5c, 0xff, 0xf3, 0xe, 0xfd, 0x0, 0x0,
    0xd, 0xff, 0x32, 0xff, 0x70, 0x0, 0x0, 0x6f,
    0xf3, 0x3f, 0xf5, 0x0, 0x0, 0x4, 0xff, 0x31,
    0xff, 0x70, 0x0, 0x0, 0x6f, 0xf3, 0xd, 0xfe,
    0x0, 0x0, 0xd, 0xff, 0x30, 0x6f, 0xfd, 0x53,
    0x5d, 0xff, 0xf3, 0x0, 0x9f, 0xff, 0xff, 0xfe,
    0xff, 0x30, 0x0, 0x5b, 0xef, 0xd7, 0x5f, 0xf2,
    0x0, 0x0, 0x0, 0x0, 0xa, 0xfe, 0x0, 0x1e,
    0xa5, 0x32, 0x4a, 0xff, 0x80, 0x6, 0xff, 0xff,
    0xff, 0xff, 0xc0, 0x0, 0x2, 0x9c, 0xef, 0xec,
    0x60, 0x0,

    /* U+0122 "Ģ" */
    0x0, 0x0, 0x17, 0xce, 0xfe, 0xb6, 0x0, 0x0,
    0x0, 0x6f, 0xff, 0xff, 0xff, 0xfe, 0x30, 0x0,
    0x7f, 0xff, 0xb7, 0x56, 0xaf, 0xfc, 0x0, 0x2f,
    0xfe, 0x30, 0x0, 0x0, 0x29, 0x0, 0xa, 0xff,
    0x30, 0x0, 0x0, 0x0, 0x0, 0x0, 0xff, 0xc0,
    0x0, 0x0, 0x0, 0x0, 0x0, 0x1f, 0xf8, 0x0,
    0x0, 0x0, 0x1, 0x22, 0x1, 0xff, 0x80, 0x0,
    0x0, 0x0, 0x9f, 0xe0, 0xf, 0xfc, 0x0, 0x0,
    0x0, 0x9, 0xfe, 0x0, 0xaf, 0xf3, 0x0, 0x0,
    0x0, 0x9f, 0xe0, 0x2, 0xff, 0xe3, 0x0, 0x0,
    0x9, 0xfe, 0x0, 0x7, 0xff, 0xfb, 0x75, 0x6a,
    0xff, 0xe0, 0x0, 0x6, 0xff, 0xff, 0xff, 0xff,
    0xf7, 0x0, 0x0, 0x1, 0x7c, 0xef, 0xeb, 0x71,
    0x0, 0x0, 0x0, 0x0, 0x0, 0x0, 0x0, 0x0,
    0x0, 0x0, 0x0, 0x0, 0x79, 0x0, 0x0, 0x0,
    0x0, 0x0, 0x0, 0xf, 0xf4, 0x0, 0x0, 0x0,
    0x0, 0x0, 0x0, 0x8f, 0x0, 0x0, 0x0, 0x0,
    0x0, 0x0, 0xb, 0x90, 0x0, 0x0, 0x0,

    /* U+0123 "ģ" */
    0x0, 0x0, 0x0, 0x1, 0x0, 0x0, 0x0, 0x0,
    0x0, 0xb, 0xb0, 0x0, 0x0, 0x0, 0x0, 0x2,
    0xf6, 0x0, 0x0, 0x0, 0x0, 0x0, 0x8f, 0xd0,
    0x0, 0x0, 0x0, 0x0, 0x5, 0xfb, 0x0, 0x0,
    0x0, 0x0, 0x0, 0x0, 0x0, 0x0, 0x0, 0x0,
    0x5, 0xbe, 0xfd, 0x72, 0xff, 0x30, 0x9, 0xff,
    0xff, 0xff, 0xdf, 0xf3, 0x6, 0xff, 0xd5, 0x35,
    0xcf, 0xff, 0x30, 0xef, 0xd0, 0x0, 0x0, 0xdf,
    0xf3, 0x2f, 0xf7, 0x0, 0x0, 0x6, 0xff, 0x33,
    0xff, 0x50, 0x0, 0x0, 0x4f, 0xf3, 0x1f, 0xf7,
    0x0, 0x0, 0x6, 0xff, 0x30, 0xdf, 0xe0, 0x0,
    0x0, 0xdf, 0xf3, 0x6, 0xff, 0xd5, 0x35, 0xdf,
    0xff, 0x30, 0x9, 0xff, 0xff, 0xff, 0xef, 0xf3,
    0x0, 0x5, 0xbe, 0xfd, 0x75, 0xff, 0x20, 0x0,
    0x0, 0x0, 0x0, 0xaf, 0xe0, 0x1, 0xea, 0x53,
    0x24, 0xaf, 0xf8, 0x0, 0x6f, 0xff, 0xff, 0xff,
    0xfc, 0x0, 0x0, 0x29, 0xce, 0xfe, 0xc6, 0x0,
    0x0,

    /* U+0124 "Ĥ" */
    0x0, 0x0, 0x9, 0xff, 0xb0, 0x0, 0x0, 0x0,
    0x0, 0xaf, 0x97, 0xfc, 0x10, 0x0, 0x0, 0x3,
    0x85, 0x0, 0x38, 0x50, 0x0, 0x0, 0x0, 0x0,
    0x0, 0x0, 0x0, 0x0, 0x2f, 0xf7, 0x0, 0x0,
    0x0, 0x4f, 0xf5, 0x2f, 0xf7, 0x0, 0x0, 0x0,
    0x4f, 0xf5, 0x2f, 0xf7, 0x0, 0x0, 0x0, 0x4f,
    0xf5, 0x2f, 0xf7, 0x0, 0x0, 0x0, 0x4f, 0xf5,
    0x2f, 0xf7, 0x0, 0x0, 0x0, 0x4f, 0xf5, 0x2f,
    0xf9, 0x44, 0x44, 0x44, 0x7f, 0xf5, 0x2f, 0xff,
    0xff, 0xff, 0xff, 0xff, 0xf5, 0x2f, 0xff, 0xff,
    0xff, 0xff, 0xff, 0xf5, 0x2f, 0xf7, 0x0, 0x0,
    0x0, 0x4f, 0xf5, 0x2f, 0xf7, 0x0, 0x0, 0x0,
    0x4f, 0xf5, 0x2f, 0xf7, 0x0, 0x0, 0x0, 0x4f,
    0xf5, 0x2f, 0xf7, 0x0, 0x0, 0x0, 0x4f, 0xf5,
    0x2f, 0xf7, 0x0, 0x0, 0x0, 0x4f, 0xf5, 0x2f,
    0xf7, 0x0, 0x0, 0x0, 0x4f, 0xf5,

    /* U+0125 "ĥ" */
    0x0, 0xaf, 0xf7, 0x0, 0x0, 0x0, 0x0, 0x9,
    0xfb, 0xdf, 0x60, 0x0, 0x0, 0x0, 0x7f, 0xa0,
    0x1c, 0xf4, 0x0, 0x0, 0x0, 0x0, 0x0, 0x0,
    0x0, 0x0, 0x0, 0x0, 0x0, 0x5f, 0xf2, 0x0,
    0x0, 0x0, 0x0, 0x0, 0x5f, 0xf2, 0x0, 0x0,
    0x0, 0x0, 0x0, 0x5f, 0xf2, 0x0, 0x0, 0x0,
    0x0, 0x0, 0x5f, 0xf2, 0x0, 0x0, 0x0, 0x0,
    0x0, 0x5f, 0xf3, 0x8d, 0xfe, 0xa2, 0x0, 0x0,
    0x5f, 0xfe, 0xff, 0xff, 0xff, 0x20, 0x0, 0x5f,
    0xff, 0xb5, 0x49, 0xff, 0xb0, 0x0, 0x5f, 0xfa,
    0x0, 0x0, 0xbf, 0xf0, 0x0, 0x5f, 0xf4, 0x0,
    0x0, 0x6f, 0xf2, 0x0, 0x5f, 0xf2, 0x0, 0x0,
    0x5f, 0xf2, 0x0, 0x5f, 0xf2, 0x0, 0x0, 0x5f,
    0xf2, 0x0, 0x5f, 0xf2, 0x0, 0x0, 0x5f, 0xf2,
    0x0, 0x5f, 0xf2, 0x0, 0x0, 0x5f, 0xf2, 0x0,
    0x5f, 0xf2, 0x0, 0x0, 0x5f, 0xf2, 0x0, 0x5f,
    0xf2, 0x0, 0x0, 0x5f, 0xf2,

    /* U+0126 "Ħ" */
    0x0, 0xef, 0xb0, 0x0, 0x0, 0x1, 0xff, 0x80,
    0x0, 0xe, 0xfb, 0x0, 0x0, 0x0, 0x1f, 0xf8,
    0x0, 0xdf, 0xff, 0xff, 0xff, 0xff, 0xff, 0xff,
    0xff, 0x7c, 0xff, 0xff, 0xff, 0xff, 0xff, 0xff,
    0xff, 0xf6, 0x0, 0xef, 0xb0, 0x0, 0x0, 0x1,
    0xff, 0x80, 0x0, 0xe, 0xfc, 0x33, 0x33, 0x33,
    0x4f, 0xf8, 0x0, 0x0, 0xef, 0xff, 0xff, 0xff,
    0xff, 0xff, 0x80, 0x0, 0xe, 0xff, 0xff, 0xff,
    0xff, 0xff, 0xf8, 0x0, 0x0, 0xef, 0xb0, 0x0,
    0x0, 0x1, 0xff, 0x80, 0x0, 0xe, 0xfb, 0x0,
    0x0, 0x0, 0x1f, 0xf8, 0x0, 0x0, 0xef, 0xb0,
    0x0, 0x0, 0x1, 0xff, 0x80, 0x0, 0xe, 0xfb,
    0x0, 0x0, 0x0, 0x1f, 0xf8, 0x0, 0x0, 0xef,
    0xb0, 0x0, 0x0, 0x1, 0xff, 0x80, 0x0, 0xe,
    0xfb, 0x0, 0x0, 0x0, 0x1f, 0xf8, 0x0,

    /* U+0127 "ħ" */
    0x1, 0xff, 0x60, 0x0, 0x0, 0x0, 0xe, 0xff,
    0xff, 0xff, 0xd0, 0x0, 0x0, 0x9b, 0xff, 0xca,
    0xa8, 0x0, 0x0, 0x0, 0x1f, 0xf6, 0x0, 0x0,
    0x0, 0x0, 0x1, 0xff, 0x66, 0xcf, 0xfb, 0x40,
    0x0, 0x1f, 0xfe, 0xff, 0xff, 0xff, 0x60, 0x1,
    0xff, 0xfd, 0x64, 0x7f, 0xfe, 0x0, 0x1f, 0xfe,
    0x0, 0x0, 0x7f, 0xf4, 0x1, 0xff, 0x80, 0x0,
    0x2, 0xff, 0x60, 0x1f, 0xf6, 0x0, 0x0, 0x1f,
    0xf6, 0x1, 0xff, 0x60, 0x0, 0x1, 0xff, 0x60,
    0x1f, 0xf6, 0x0, 0x0, 0x1f, 0xf6, 0x1, 0xff,
    0x60, 0x0, 0x1, 0xff, 0x60, 0x1f, 0xf6, 0x0,
    0x0, 0x1f, 0xf6, 0x1, 0xff, 0x60, 0x0, 0x1,
    0xff, 0x60,

    /* U+0128 "Ĩ" */
    0x0, 0x76, 0x0, 0x93, 0x9, 0xff, 0xa3, 0xf4,
    0xf, 0x85, 0xff, 0xe0, 0x9, 0x30, 0x37, 0x20,
    0x0, 0x0, 0x0, 0x0, 0x0, 0x2f, 0xf7, 0x0,
    0x0, 0x2f, 0xf7, 0x0, 0x0, 0x2f, 0xf7, 0x0,
    0x0, 0x2f, 0xf7, 0x0, 0x0, 0x2f, 0xf7, 0x0,
    0x0, 0x2f, 0xf7, 0x0, 0x0, 0x2f, 0xf7, 0x0,
    0x0, 0x2f, 0xf7, 0x0, 0x0, 0x2f, 0xf7, 0x0,
    0x0, 0x2f, 0xf7, 0x0, 0x0, 0x2f, 0xf7, 0x0,
    0x0, 0x2f, 0xf7, 0x0, 0x0, 0x2f, 0xf7, 0x0,
    0x0, 0x2f, 0xf7, 0x0,

    /* U+0129 "ĩ" */
    0x7, 0xfc, 0x37, 0xe0, 0xfb, 0xdf, 0xfa, 0x18,
    0x10, 0x56, 0x0, 0x0, 0x0, 0x0, 0x0, 0x5f,
    0xf2, 0x0, 0x5, 0xff, 0x20, 0x0, 0x5f, 0xf2,
    0x0, 0x5, 0xff, 0x20, 0x0, 0x5f, 0xf2, 0x0,
    0x5, 0xff, 0x20, 0x0, 0x5f, 0xf2, 0x0, 0x5,
    0xff, 0x20, 0x0, 0x5f, 0xf2, 0x0, 0x5, 0xff,
    0x20, 0x0, 0x5f, 0xf2, 0x0,

    /* U+012A "Ī" */
    0x58, 0x88, 0x88, 0xaf, 0xff, 0xff, 0x0, 0x0,
    0x0, 0x0, 0x0, 0x0, 0x2, 0xff, 0x70, 0x2,
    0xff, 0x70, 0x2, 0xff, 0x70, 0x2, 0xff, 0x70,
    0x2, 0xff, 0x70, 0x2, 0xff, 0x70, 0x2, 0xff,
    0x70, 0x2, 0xff, 0x70, 0x2, 0xff, 0x70, 0x2,
    0xff, 0x70, 0x2, 0xff, 0x70, 0x2, 0xff, 0x70,
    0x2, 0xff, 0x70, 0x2, 0xff, 0x70,

    /* U+012B "ī" */
    0xef, 0xff, 0xfb, 0x78, 0x88, 0x86, 0x0, 0x0,
    0x0, 0x5, 0xff, 0x20, 0x5, 0xff, 0x20, 0x5,
    0xff, 0x20, 0x5, 0xff, 0x20, 0x5, 0xff, 0x20,
    0x5, 0xff, 0x20, 0x5, 0xff, 0x20, 0x5, 0xff,
    0x20, 0x5, 0xff, 0x20, 0x5, 0xff, 0x20, 0x5,
    0xff, 0x20,

    /* U+012C "Ĭ" */
    0x18, 0x30, 0x0, 0x84, 0xf, 0xd3, 0x29, 0xf5,
    0x4, 0xef, 0xff, 0x80, 0x0, 0x3, 0x31, 0x0,
    0x0, 0x0, 0x0, 0x0, 0x0, 0x2f, 0xf7, 0x0,
    0x0, 0x2f, 0xf7, 0x0, 0x0, 0x2f, 0xf7, 0x0,
    0x0, 0x2f, 0xf7, 0x0, 0x0, 0x2f, 0xf7, 0x0,
    0x0, 0x2f, 0xf7, 0x0, 0x0, 0x2f, 0xf7, 0x0,
    0x0, 0x2f, 0xf7, 0x0, 0x0, 0x2f, 0xf7, 0x0,
    0x0, 0x2f, 0xf7, 0x0, 0x0, 0x2f, 0xf7, 0x0,
    0x0, 0x2f, 0xf7, 0x0, 0x0, 0x2f, 0xf7, 0x0,
    0x0, 0x2f, 0xf7, 0x0,

    /* U+012D "ĭ" */
    0xe, 0xb2, 0x3e, 0xb0, 0x5f, 0xff, 0xe3, 0x0,
    0x3, 0x30, 0x0, 0x0, 0x0, 0x0, 0x0, 0x5f,
    0xf2, 0x0, 0x5, 0xff, 0x20, 0x0, 0x5f, 0xf2,
    0x0, 0x5, 0xff, 0x20, 0x0, 0x5f, 0xf2, 0x0,
    0x5, 0xff, 0x20, 0x0, 0x5f, 0xf2, 0x0, 0x5,
    0xff, 0x20, 0x0, 0x5f, 0xf2, 0x0, 0x5, 0xff,
    0x20, 0x0, 0x5f, 0xf2, 0x0,

    /* U+012E "Į" */
    0x2f, 0xf7, 0x2, 0xff, 0x70, 0x2f, 0xf7, 0x2,
    0xff, 0x70, 0x2f, 0xf7, 0x2, 0xff, 0x70, 0x2f,
    0xf7, 0x2, 0xff, 0x70, 0x2f, 0xf7, 0x2, 0xff,
    0x70, 0x2f, 0xf7, 0x2, 0xff, 0x70, 0x2f, 0xf7,
    0x2, 0xff, 0x90, 0xb, 0xd1, 0x4, 0xf6, 0x0,
    0x5f, 0x82, 0x1, 0xdf, 0xf0, 0x0, 0x32, 0x0,

    /* U+012F "į" */
    0x6, 0x50, 0x8f, 0xf5, 0x9f, 0xf5, 0x7, 0x60,
    0x0, 0x0, 0x5f, 0xf2, 0x5f, 0xf2, 0x5f, 0xf2,
    0x5f, 0xf2, 0x5f, 0xf2, 0x5f, 0xf2, 0x5f, 0xf2,
    0x5f, 0xf2, 0x5f, 0xf2, 0x5f, 0xf2, 0x5f, 0xf2,
    0x2e, 0xa0, 0x9f, 0x10, 0xbf, 0x41, 0x5f, 0xfa,
    0x1, 0x31,

    /* U+0130 "İ" */
    0xa, 0xc2, 0x3f, 0xf8, 0xc, 0xe3, 0x0, 0x0,
    0x0, 0x0, 0x2f, 0xf7, 0x2f, 0xf7, 0x2f, 0xf7,
    0x2f, 0xf7, 0x2f, 0xf7, 0x2f, 0xf7, 0x2f, 0xf7,
    0x2f, 0xf7, 0x2f, 0xf7, 0x2f, 0xf7, 0x2f, 0xf7,
    0x2f, 0xf7, 0x2f, 0xf7, 0x2f, 0xf7,

    /* U+0131 "ı" */
    0x5f, 0xf2, 0x5f, 0xf2, 0x5f, 0xf2, 0x5f, 0xf2,
    0x5f, 0xf2, 0x5f, 0xf2, 0x5f, 0xf2, 0x5f, 0xf2,
    0x5f, 0xf2, 0x5f, 0xf2, 0x5f, 0xf2,

    /* U+0132 "Ĳ" */
    0x3f, 0xf5, 0x0, 0x0, 0xe, 0xfb, 0x3f, 0xf5,
    0x0, 0x0, 0xe, 0xfb, 0x3f, 0xf5, 0x0, 0x0,
    0xe, 0xfb, 0x3f, 0xf5, 0x0, 0x0, 0xe, 0xfb,
    0x3f, 0xf5, 0x0, 0x0, 0xe, 0xfb, 0x3f, 0xf5,
    0x0, 0x0, 0xe, 0xfb, 0x3f, 0xf5, 0x0, 0x0,
    0xe, 0xfb, 0x3d, 0xd4, 0x0, 0x0, 0xe, 0xfa,
    0x0, 0x0, 0x0, 0x0, 0xf, 0xf9, 0x0, 0x0,
    0x0, 0x0, 0x2f, 0xf7, 0x3, 0x0, 0x0, 0x0,
    0xaf, 0xf2, 0xe, 0xe9, 0x65, 0x7c, 0xff, 0xa0,
    0x4f, 0xff, 0xff, 0xff, 0xfb, 0x0, 0x1, 0x7c,
    0xef, 0xeb, 0x50, 0x0,

    /* U+0133 "ĳ" */
    0x6, 0x50, 0x0, 0x6, 0x40, 0x8f, 0xf5, 0x0,
    0xaf, 0xf4, 0x9f, 0xf5, 0x0, 0xaf, 0xf4, 0x7,
    0x60, 0x0, 0x17, 0x50, 0x0, 0x0, 0x0, 0x0,
    0x0, 0x5f, 0xf2, 0x0, 0x7f, 0xf0, 0x5f, 0xf2,
    0x0, 0x7f, 0xf0, 0x5f, 0xf2, 0x0, 0x7f, 0xf0,
    0x5f, 0xf2, 0x0, 0x7f, 0xf0, 0x5f, 0xf2, 0x0,
    0x7f, 0xf0, 0x5f, 0xf2, 0x0, 0x7f, 0xf0, 0x5f,
    0xf2, 0x0, 0x7f, 0xf0, 0x5f, 0xf2, 0x0, 0x7f,
    0xf0, 0x5f, 0xf2, 0x0, 0x7f, 0xf0, 0x5f, 0xf2,
    0x0, 0x7f, 0xf0, 0x5f, 0xf2, 0x0, 0x7f, 0xf0,
    0x0, 0x0, 0x0, 0x7f, 0xf0, 0x0, 0x3, 0x23,
    0xdf, 0xd0, 0x0, 0xb, 0xff, 0xff, 0x50, 0x0,
    0xa, 0xef, 0xd6, 0x0,

    /* U+0134 "Ĵ" */
    0x0, 0x0, 0x28, 0x82, 0x0, 0x0, 0x2, 0xef,
    0xfe, 0x20, 0x0, 0x1d, 0xf5, 0x5f, 0xd1, 0x0,
    0x48, 0x40, 0x4, 0x84, 0x0, 0x0, 0x0, 0x0,
    0x0, 0x0, 0xcf, 0xff, 0xff, 0xfc, 0x0, 0xcf,
    0xff, 0xff, 0xfc, 0x0, 0x23, 0x33, 0x3d, 0xfc,
    0x0, 0x0, 0x0, 0xd, 0xfc, 0x0, 0x0, 0x0,
    0xd, 0xfc, 0x0, 0x0, 0x0, 0xd, 0xfc, 0x0,
    0x0, 0x0, 0xd, 0xfc, 0x0, 0x0, 0x0, 0xd,
    0xfc, 0x0, 0x0, 0x0, 0xd, 0xfc, 0x0, 0x0,
    0x0, 0xd, 0xfc, 0x1, 0x60, 0x0, 0x1f, 0xfa,
    0xd, 0xfa, 0x45, 0xcf, 0xf5, 0xb, 0xff, 0xff,
    0xff, 0xc0, 0x0, 0x6c, 0xff, 0xd8, 0x0,

    /* U+0135 "ĵ" */
    0x0, 0x8, 0xff, 0x80, 0x0, 0x6, 0xfb, 0xbf,
    0x60, 0x0, 0x98, 0x0, 0x89, 0x0, 0x0, 0x0,
    0x0, 0x0, 0x0, 0x3, 0xff, 0x40, 0x0, 0x0,
    0x3f, 0xf4, 0x0, 0x0, 0x3, 0xff, 0x40, 0x0,
    0x0, 0x3f, 0xf4, 0x0, 0x0, 0x3, 0xff, 0x40,
    0x0, 0x0, 0x3f, 0xf4, 0x0, 0x0, 0x3, 0xff,
    0x40, 0x0, 0x0, 0x3f, 0xf4, 0x0, 0x0, 0x3,
    0xff, 0x40, 0x0, 0x0, 0x3f, 0xf4, 0x0, 0x0,
    0x3, 0xff, 0x40, 0x0, 0x0, 0x4f, 0xf3, 0x0,
    0x13, 0x2b, 0xff, 0x0, 0x8, 0xff, 0xff, 0x80,
    0x0, 0x7e, 0xfe, 0x80, 0x0, 0x0,

    /* U+0136 "Ķ" */
    0x2f, 0xf7, 0x0, 0x0, 0x2, 0xef, 0xc0, 0x2f,
    0xf7, 0x0, 0x0, 0x2e, 0xfd, 0x10, 0x2f, 0xf7,
    0x0, 0x1, 0xef, 0xd1, 0x0, 0x2f, 0xf7, 0x0,
    0x1d, 0xfe, 0x20, 0x0, 0x2f, 0xf7, 0x1, 0xdf,
    0xe2, 0x0, 0x0, 0x2f, 0xf7, 0x1d, 0xff, 0x30,
    0x0, 0x0, 0x2f, 0xf8, 0xcf, 0xfa, 0x0, 0x0,
    0x0, 0x2f, 0xff, 0xff, 0xff, 0x60, 0x0, 0x0,
    0x2f, 0xff, 0xf7, 0xef, 0xf4, 0x0, 0x0, 0x2f,
    0xff, 0x60, 0x3f, 0xfe, 0x20, 0x0, 0x2f, 0xf9,
    0x0, 0x5, 0xff, 0xd0, 0x0, 0x2f, 0xf7, 0x0,
    0x0, 0x7f, 0xfa, 0x0, 0x2f, 0xf7, 0x0, 0x0,
    0x9, 0xff, 0x70, 0x2f, 0xf7, 0x0, 0x0, 0x0,
    0xcf, 0xf4, 0x0, 0x0, 0x0, 0x0, 0x0, 0x0,
    0x0, 0x0, 0x0, 0x3, 0xa4, 0x0, 0x0, 0x0,
    0x0, 0x0, 0x9, 0xfb, 0x0, 0x0, 0x0, 0x0,
    0x0, 0x1, 0xf7, 0x0, 0x0, 0x0, 0x0, 0x0,
    0x4, 0xf0, 0x0, 0x0, 0x0,

    /* U+0137 "ķ" */
    0x5f, 0xf2, 0x0, 0x0, 0x0, 0x0, 0x5f, 0xf2,
    0x0, 0x0, 0x0, 0x0, 0x5f, 0xf2, 0x0, 0x0,
    0x0, 0x0, 0x5f, 0xf2, 0x0, 0x0, 0x0, 0x0,
    0x5f, 0xf2, 0x0, 0x4, 0xff, 0xc0, 0x5f, 0xf2,
    0x0, 0x4f, 0xfc, 0x0, 0x5f, 0xf2, 0x5, 0xff,
    0xd1, 0x0, 0x5f, 0xf2, 0x5f, 0xfd, 0x10, 0x0,
    0x5f, 0xf8, 0xff, 0xf1, 0x0, 0x0, 0x5f, 0xff,
    0xff, 0xf8, 0x0, 0x0, 0x5f, 0xff, 0xbc, 0xff,
    0x40, 0x0, 0x5f, 0xfb, 0x1, 0xef, 0xe2, 0x0,
    0x5f, 0xf2, 0x0, 0x4f, 0xfc, 0x0, 0x5f, 0xf2,
    0x0, 0x7, 0xff, 0x90, 0x5f, 0xf2, 0x0, 0x0,
    0xaf, 0xf5, 0x0, 0x0, 0x0, 0x0, 0x0, 0x0,
    0x0, 0x0, 0x6a, 0x20, 0x0, 0x0, 0x0, 0x0,
    0xdf, 0x70, 0x0, 0x0, 0x0, 0x0, 0x5f, 0x30,
    0x0, 0x0, 0x0, 0x0, 0x8c, 0x0, 0x0, 0x0,

    /* U+0138 "ĸ" */
    0x5f, 0xf2, 0x0, 0x4, 0xff, 0xc0, 0x5f, 0xf2,
    0x0, 0x4f, 0xfc, 0x0, 0x5f, 0xf2, 0x5, 0xff,
    0xd1, 0x0, 0x5f, 0xf2, 0x5f, 0xfd, 0x10, 0x0,
    0x5f, 0xf8, 0xff, 0xf1, 0x0, 0x0, 0x5f, 0xff,
    0xff, 0xf8, 0x0, 0x0, 0x5f, 0xff, 0xbc, 0xff,
    0x40, 0x0, 0x5f, 0xfb, 0x1, 0xef, 0xe2, 0x0,
    0x5f, 0xf2, 0x0, 0x4f, 0xfc, 0x0, 0x5f, 0xf2,
    0x0, 0x7, 0xff, 0x90, 0x5f, 0xf2, 0x0, 0x0,
    0xaf, 0xf5,

    /* U+0139 "Ĺ" */
    0x0, 0x5f, 0xf7, 0x0, 0x0, 0x0, 0x6f, 0xd3,
    0x0, 0x0, 0x0, 0x17, 0x70, 0x0, 0x0, 0x0,
    0x0, 0x0, 0x0, 0x0, 0x0, 0x0, 0x2f, 0xf7,
    0x0, 0x0, 0x0, 0x2, 0xff, 0x70, 0x0, 0x0,
    0x0, 0x2f, 0xf7, 0x0, 0x0, 0x0, 0x2, 0xff,
    0x70, 0x0, 0x0, 0x0, 0x2f, 0xf7, 0x0, 0x0,
    0x0, 0x2, 0xff, 0x70, 0x0, 0x0, 0x0, 0x2f,
    0xf7, 0x0, 0x0, 0x0, 0x2, 0xff, 0x70, 0x0,
    0x0, 0x0, 0x2f, 0xf7, 0x0, 0x0, 0x0, 0x2,
    0xff, 0x70, 0x0, 0x0, 0x0, 0x2f, 0xf7, 0x0,
    0x0, 0x0, 0x2, 0xff, 0x93, 0x33, 0x33, 0x32,
    0x2f, 0xff, 0xff, 0xff, 0xff, 0xc2, 0xff, 0xff,
    0xff, 0xff, 0xfc,

    /* U+013A "ĺ" */
    0x0, 0x9f, 0xe4, 0xa, 0xfb, 0x10, 0x48, 0x50,
    0x0, 0x0, 0x0, 0x0, 0x5f, 0xf2, 0x0, 0x5f,
    0xf2, 0x0, 0x5f, 0xf2, 0x0, 0x5f, 0xf2, 0x0,
    0x5f, 0xf2, 0x0, 0x5f, 0xf2, 0x0, 0x5f, 0xf2,
    0x0, 0x5f, 0xf2, 0x0, 0x5f, 0xf2, 0x0, 0x5f,
    0xf2, 0x0, 0x5f, 0xf2, 0x0, 0x5f, 0xf2, 0x0,
    0x5f, 0xf2, 0x0, 0x5f, 0xf2, 0x0, 0x5f, 0xf2,
    0x0,

    /* U+013B "Ļ" */
    0x2f, 0xf7, 0x0, 0x0, 0x0, 0x2, 0xff, 0x70,
    0x0, 0x0, 0x0, 0x2f, 0xf7, 0x0, 0x0, 0x0,
    0x2, 0xff, 0x70, 0x0, 0x0, 0x0, 0x2f, 0xf7,
    0x0, 0x0, 0x0, 0x2, 0xff, 0x70, 0x0, 0x0,
    0x0, 0x2f, 0xf7, 0x0, 0x0, 0x0, 0x2, 0xff,
    0x70, 0x0, 0x0, 0x0, 0x2f, 0xf7, 0x0, 0x0,
    0x0, 0x2, 0xff, 0x70, 0x0, 0x0, 0x0, 0x2f,
    0xf7, 0x0, 0x0, 0x0, 0x2, 0xff, 0x93, 0x33,
    0x33, 0x32, 0x2f, 0xff, 0xff, 0xff, 0xff, 0xc2,
    0xff, 0xff, 0xff, 0xff, 0xfc, 0x0, 0x0, 0x0,
    0x0, 0x0, 0x0, 0x0, 0x1, 0x97, 0x0, 0x0,
    0x0, 0x0, 0x4f, 0xf0, 0x0, 0x0, 0x0, 0x0,
    0xcc, 0x0, 0x0, 0x0, 0x0, 0xf, 0x50, 0x0,
    0x0,

    /* U+013C "ļ" */
    0x5f, 0xf2, 0x5f, 0xf2, 0x5f, 0xf2, 0x5f, 0xf2,
    0x5f, 0xf2, 0x5f, 0xf2, 0x5f, 0xf2, 0x5f, 0xf2,
    0x5f, 0xf2, 0x5f, 0xf2, 0x5f, 0xf2, 0x5f, 0xf2,
    0x5f, 0xf2, 0x5f, 0xf2, 0x5f, 0xf2, 0x0, 0x0,
    0x9, 0x70, 0x3f, 0xf0, 0xb, 0xc0, 0xe, 0x50,

    /* U+013D "Ľ" */
    0x0, 0x0, 0x0, 0x5, 0xf9, 0x2, 0xff, 0x70,
    0x0, 0x5f, 0x80, 0x2f, 0xf7, 0x0, 0x5, 0xf7,
    0x2, 0xff, 0x70, 0x0, 0x5f, 0x60, 0x2f, 0xf7,
    0x0, 0x0, 0x0, 0x2, 0xff, 0x70, 0x0, 0x0,
    0x0, 0x2f, 0xf7, 0x0, 0x0, 0x0, 0x2, 0xff,
    0x70, 0x0, 0x0, 0x0, 0x2f, 0xf7, 0x0, 0x0,
    0x0, 0x2, 0xff, 0x70, 0x0, 0x0, 0x0, 0x2f,
    0xf7, 0x0, 0x0, 0x0, 0x2, 0xff, 0x70, 0x0,
    0x0, 0x0, 0x2f, 0xf9, 0x33, 0x33, 0x33, 0x22,
    0xff, 0xff, 0xff, 0xff, 0xfc, 0x2f, 0xff, 0xff,
    0xff, 0xff, 0xc0,

    /* U+013E "ľ" */
    0x0, 0x0, 0x3f, 0xc5, 0xff, 0x23, 0xfa, 0x5f,
    0xf2, 0x3f, 0x95, 0xff, 0x23, 0xf8, 0x5f, 0xf2,
    0x0, 0x5, 0xff, 0x20, 0x0, 0x5f, 0xf2, 0x0,
    0x5, 0xff, 0x20, 0x0, 0x5f, 0xf2, 0x0, 0x5,
    0xff, 0x20, 0x0, 0x5f, 0xf2, 0x0, 0x5, 0xff,
    0x20, 0x0, 0x5f, 0xf2, 0x0, 0x5, 0xff, 0x20,
    0x0, 0x5f, 0xf2, 0x0, 0x5, 0xff, 0x20, 0x0,

    /* U+013F "Ŀ" */
    0x2f, 0xf7, 0x0, 0x0, 0x0, 0x2, 0xff, 0x70,
    0x0, 0x0, 0x0, 0x2f, 0xf7, 0x0, 0x0, 0x0,
    0x2, 0xff, 0x70, 0x0, 0x0, 0x0, 0x2f, 0xf7,
    0x0, 0x9, 0xf6, 0x2, 0xff, 0x70, 0x0, 0xff,
    0xc0, 0x2f, 0xf7, 0x0, 0xa, 0xf6, 0x2, 0xff,
    0x70, 0x0, 0x0, 0x0, 0x2f, 0xf7, 0x0, 0x0,
    0x0, 0x2, 0xff, 0x70, 0x0, 0x0, 0x0, 0x2f,
    0xf7, 0x0, 0x0, 0x0, 0x2, 0xff, 0x93, 0x33,
    0x33, 0x32, 0x2f, 0xff, 0xff, 0xff, 0xff, 0xc2,
    0xff, 0xff, 0xff, 0xff, 0xfc,

    /* U+0140 "ŀ" */
    0x5f, 0xf2, 0x0, 0x0, 0x5f, 0xf2, 0x0, 0x0,
    0x5f, 0xf2, 0x0, 0x0, 0x5f, 0xf2, 0x0, 0x0,
    0x5f, 0xf2, 0x0, 0x0, 0x5f, 0xf2, 0x0, 0x0,
    0x5f, 0xf2, 0x9, 0xa0, 0x5f, 0xf2, 0x3f, 0xf6,
    0x5f, 0xf2, 0xc, 0xe2, 0x5f, 0xf2, 0x0, 0x0,
    0x5f, 0xf2, 0x0, 0x0, 0x5f, 0xf2, 0x0, 0x0,
    0x5f, 0xf2, 0x0, 0x0, 0x5f, 0xf2, 0x0, 0x0,
    0x5f, 0xf2, 0x0, 0x0,

    /* U+0141 "Ł" */
    0x0, 0xe, 0xfb, 0x0, 0x0, 0x0, 0x0, 0x0,
    0xef, 0xb0, 0x0, 0x0, 0x0, 0x0, 0xe, 0xfb,
    0x0, 0x0, 0x0, 0x0, 0x0, 0xef, 0xb0, 0x92,
    0x0, 0x0, 0x0, 0xe, 0xfd, 0xdf, 0xa0, 0x0,
    0x0, 0x0, 0xef, 0xff, 0x80, 0x0, 0x0, 0x0,
    0xf, 0xff, 0x40, 0x0, 0x0, 0x0, 0x2d, 0xff,
    0xd0, 0x0, 0x0, 0x0, 0xd, 0xff, 0xfb, 0x0,
    0x0, 0x0, 0x0, 0x35, 0xef, 0xb0, 0x0, 0x0,
    0x0, 0x0, 0xe, 0xfb, 0x0, 0x0, 0x0, 0x0,
    0x0, 0xef, 0xc3, 0x33, 0x33, 0x33, 0x0, 0xe,
    0xff, 0xff, 0xff, 0xff, 0xf0, 0x0, 0xef, 0xff,
    0xff, 0xff, 0xff,

    /* U+0142 "ł" */
    0x0, 0x2f, 0xf5, 0x0, 0x0, 0x2f, 0xf5, 0x0,
    0x0, 0x2f, 0xf5, 0x0, 0x0, 0x2f, 0xf5, 0x0,
    0x0, 0x2f, 0xf5, 0x0, 0x0, 0x2f, 0xfa, 0xc0,
    0x0, 0x2f, 0xff, 0xf4, 0x0, 0x3f, 0xff, 0x30,
    0x3, 0xff, 0xf6, 0x0, 0x2f, 0xff, 0xf5, 0x0,
    0x8, 0x6f, 0xf5, 0x0, 0x0, 0x2f, 0xf5, 0x0,
    0x0, 0x2f, 0xf5, 0x0, 0x0, 0x2f, 0xf5, 0x0,
    0x0, 0x2f, 0xf5, 0x0,

    /* U+0143 "Ń" */
    0x0, 0x0, 0x0, 0x6, 0xff, 0x60, 0x0, 0x0,
    0x0, 0x0, 0x7f, 0xc2, 0x0, 0x0, 0x0, 0x0,
    0x2, 0x86, 0x0, 0x0, 0x0, 0x0, 0x0, 0x0,
    0x0, 0x0, 0x0, 0x0, 0x2f, 0xf6, 0x0, 0x0,
    0x0, 0x4f, 0xf5, 0x2f, 0xff, 0x40, 0x0, 0x0,
    0x4f, 0xf5, 0x2f, 0xff, 0xe2, 0x0, 0x0, 0x4f,
    0xf5, 0x2f, 0xff, 0xfd, 0x0, 0x0, 0x4f, 0xf5,
    0x2f, 0xfe, 0xff, 0xa0, 0x0, 0x4f, 0xf5, 0x2f,
    0xf7, 0xbf, 0xf7, 0x0, 0x4f, 0xf5, 0x2f, 0xf7,
    0x1d, 0xff, 0x40, 0x4f, 0xf5, 0x2f, 0xf7, 0x2,
    0xff, 0xf2, 0x4f, 0xf5, 0x2f, 0xf7, 0x0, 0x4f,
    0xfd, 0x5f, 0xf5, 0x2f, 0xf7, 0x0, 0x7, 0xff,
    0xef, 0xf5, 0x2f, 0xf7, 0x0, 0x0, 0xaf, 0xff,
    0xf5, 0x2f, 0xf7, 0x0, 0x0, 0xc, 0xff, 0xf5,
    0x2f, 0xf7, 0x0, 0x0, 0x1, 0xef, 0xf5, 0x2f,
    0xf7, 0x0, 0x0, 0x0, 0x3f, 0xf5,

    /* U+0144 "ń" */
    0x0, 0x0, 0x0, 0x9f, 0xe4, 0x0, 0x0, 0x0,
    0xa, 0xfb, 0x10, 0x0, 0x0, 0x0, 0x49, 0x70,
    0x0, 0x0, 0x0, 0x0, 0x0, 0x0, 0x0, 0x0,
    0x5f, 0xf1, 0x9d, 0xfe, 0xa2, 0x0, 0x5f, 0xfe,
    0xff, 0xff, 0xff, 0x20, 0x5f, 0xff, 0x93, 0x27,
    0xff, 0xb0, 0x5f, 0xf9, 0x0, 0x0, 0xaf, 0xf0,
    0x5f, 0xf4, 0x0, 0x0, 0x6f, 0xf2, 0x5f, 0xf2,
    0x0, 0x0, 0x5f, 0xf2, 0x5f, 0xf2, 0x0, 0x0,
    0x5f, 0xf2, 0x5f, 0xf2, 0x0, 0x0, 0x5f, 0xf2,
    0x5f, 0xf2, 0x0, 0x0, 0x5f, 0xf2, 0x5f, 0xf2,
    0x0, 0x0, 0x5f, 0xf2, 0x5f, 0xf2, 0x0, 0x0,
    0x5f, 0xf2,

    /* U+0145 "Ņ" */
    0x2f, 0xf6, 0x0, 0x0, 0x0, 0x4f, 0xf5, 0x2f,
    0xff, 0x40, 0x0, 0x0, 0x4f, 0xf5, 0x2f, 0xff,
    0xe2, 0x0, 0x0, 0x4f, 0xf5, 0x2f, 0xff, 0xfd,
    0x0, 0x0, 0x4f, 0xf5, 0x2f, 0xfe, 0xff, 0xa0,
    0x0, 0x4f, 0xf5, 0x2f, 0xf7, 0xbf, 0xf7, 0x0,
    0x4f, 0xf5, 0x2f, 0xf7, 0x1d, 0xff, 0x40, 0x4f,
    0xf5, 0x2f, 0xf7, 0x2, 0xff, 0xf2, 0x4f, 0xf5,
    0x2f, 0xf7, 0x0, 0x4f, 0xfd, 0x5f, 0xf5, 0x2f,
    0xf7, 0x0, 0x7, 0xff, 0xef, 0xf5, 0x2f, 0xf7,
    0x0, 0x0, 0xaf, 0xff, 0xf5, 0x2f, 0xf7, 0x0,
    0x0, 0xc, 0xff, 0xf5, 0x2f, 0xf7, 0x0, 0x0,
    0x1, 0xef, 0xf5, 0x2f, 0xf7, 0x0, 0x0, 0x0,
    0x3f, 0xf5, 0x0, 0x0, 0x0, 0x0, 0x0, 0x0,
    0x0, 0x0, 0x0, 0x0, 0x89, 0x0, 0x0, 0x0,
    0x0, 0x0, 0x0, 0xff, 0x40, 0x0, 0x0, 0x0,
    0x0, 0x0, 0x9f, 0x0, 0x0, 0x0, 0x0, 0x0,
    0x0, 0xb9, 0x0, 0x0, 0x0,

    /* U+0146 "ņ" */
    0x5f, 0xf1, 0x9d, 0xfe, 0xa2, 0x0, 0x5f, 0xfe,
    0xff, 0xff, 0xff, 0x20, 0x5f, 0xff, 0x93, 0x27,
    0xff, 0xb0, 0x5f, 0xf9, 0x0, 0x0, 0xaf, 0xf0,
    0x5f, 0xf4, 0x0, 0x0, 0x6f, 0xf2, 0x5f, 0xf2,
    0x0, 0x0, 0x5f, 0xf2, 0x5f, 0xf2, 0x0, 0x0,
    0x5f, 0xf2, 0x5f, 0xf2, 0x0, 0x0, 0x5f, 0xf2,
    0x5f, 0xf2, 0x0, 0x0, 0x5f, 0xf2, 0x5f, 0xf2,
    0x0, 0x0, 0x5f, 0xf2, 0x5f, 0xf2, 0x0, 0x0,
    0x5f, 0xf2, 0x0, 0x0, 0x0, 0x0, 0x0, 0x0,
    0x0, 0x0, 0x9, 0x70, 0x0, 0x0, 0x0, 0x0,
    0x3f, 0xf0, 0x0, 0x0, 0x0, 0x0, 0xb, 0xc0,
    0x0, 0x0, 0x0, 0x0, 0xe, 0x50, 0x0, 0x0,

    /* U+0147 "Ň" */
    0x0, 0x3, 0xfd, 0x21, 0xbf, 0x60, 0x0, 0x0,
    0x0, 0x3e, 0xfe, 0xf5, 0x0, 0x0, 0x0, 0x0,
    0x2, 0x88, 0x40, 0x0, 0x0, 0x0, 0x0, 0x0,
    0x0, 0x0, 0x0, 0x0, 0x2f, 0xf6, 0x0, 0x0,
    0x0, 0x4f, 0xf5, 0x2f, 0xff, 0x40, 0x0, 0x0,
    0x4f, 0xf5, 0x2f, 0xff, 0xe2, 0x0, 0x0, 0x4f,
    0xf5, 0x2f, 0xff, 0xfd, 0x0, 0x0, 0x4f, 0xf5,
    0x2f, 0xfe, 0xff, 0xa0, 0x0, 0x4f, 0xf5, 0x2f,
    0xf7, 0xbf, 0xf7, 0x0, 0x4f, 0xf5, 0x2f, 0xf7,
    0x1d, 0xff, 0x40, 0x4f, 0xf5, 0x2f, 0xf7, 0x2,
    0xff, 0xf2, 0x4f, 0xf5, 0x2f, 0xf7, 0x0, 0x4f,
    0xfd, 0x5f, 0xf5, 0x2f, 0xf7, 0x0, 0x7, 0xff,
    0xef, 0xf5, 0x2f, 0xf7, 0x0, 0x0, 0xaf, 0xff,
    0xf5, 0x2f, 0xf7, 0x0, 0x0, 0xc, 0xff, 0xf5,
    0x2f, 0xf7, 0x0, 0x0, 0x1, 0xef, 0xf5, 0x2f,
    0xf7, 0x0, 0x0, 0x0, 0x3f, 0xf5,

    /* U+0148 "ň" */
    0x0, 0x6f, 0xb1, 0x2d, 0xf3, 0x0, 0x0, 0x6,
    0xfe, 0xff, 0x30, 0x0, 0x0, 0x0, 0x59, 0x93,
    0x0, 0x0, 0x0, 0x0, 0x0, 0x0, 0x0, 0x0,
    0x5f, 0xf1, 0x9d, 0xfe, 0xa2, 0x0, 0x5f, 0xfe,
    0xff, 0xff, 0xff, 0x20, 0x5f, 0xff, 0x93, 0x27,
    0xff, 0xb0, 0x5f, 0xf9, 0x0, 0x0, 0xaf, 0xf0,
    0x5f, 0xf4, 0x0, 0x0, 0x6f, 0xf2, 0x5f, 0xf2,
    0x0, 0x0, 0x5f, 0xf2, 0x5f, 0xf2, 0x0, 0x0,
    0x5f, 0xf2, 0x5f, 0xf2, 0x0, 0x0, 0x5f, 0xf2,
    0x5f, 0xf2, 0x0, 0x0, 0x5f, 0xf2, 0x5f, 0xf2,
    0x0, 0x0, 0x5f, 0xf2, 0x5f, 0xf2, 0x0, 0x0,
    0x5f, 0xf2,

    /* U+0149 "ŉ" */
    0xb, 0xf7, 0x0, 0x0, 0x0, 0x0, 0x0, 0x2,
    0xff, 0xf0, 0x0, 0x0, 0x0, 0x0, 0x0, 0xb,
    0xfd, 0x0, 0x0, 0x0, 0x0, 0x0, 0x0, 0x7f,
    0x80, 0x0, 0x0, 0x0, 0x0, 0x0, 0xa, 0xf3,
    0xff, 0x55, 0xcf, 0xfc, 0x50, 0x0, 0xed, 0xf,
    0xfc, 0xff, 0xff, 0xff, 0x70, 0x5, 0x30, 0xff,
    0xfe, 0x85, 0x9f, 0xff, 0x10, 0x0, 0xf, 0xff,
    0x10, 0x0, 0x6f, 0xf5, 0x0, 0x0, 0xff, 0x90,
    0x0, 0x1, 0xff, 0x70, 0x0, 0xf, 0xf7, 0x0,
    0x0, 0xf, 0xf7, 0x0, 0x0, 0xff, 0x70, 0x0,
    0x0, 0xff, 0x70, 0x0, 0xf, 0xf7, 0x0, 0x0,
    0xf, 0xf7, 0x0, 0x0, 0xff, 0x70, 0x0, 0x0,
    0xff, 0x70, 0x0, 0xf, 0xf7, 0x0, 0x0, 0xf,
    0xf7, 0x0, 0x0, 0xff, 0x70, 0x0, 0x0, 0xff,
    0x70,

    /* U+014A "Ŋ" */
    0x2f, 0xf6, 0x0, 0x0, 0x0, 0x4f, 0xf5, 0x2f,
    0xff, 0x40, 0x0, 0x0, 0x4f, 0xf5, 0x2f, 0xff,
    0xe2, 0x0, 0x0, 0x4f, 0xf5, 0x2f, 0xff, 0xfd,
    0x0, 0x0, 0x4f, 0xf5, 0x2f, 0xfe, 0xff, 0xa0,
    0x0, 0x4f, 0xf5, 0x2f, 0xf7, 0xbf, 0xf7, 0x0,
    0x4f, 0xf5, 0x2f, 0xf7, 0x1d, 0xff, 0x40, 0x4f,
    0xf5, 0x2f, 0xf7, 0x2, 0xff, 0xf2, 0x4f, 0xf5,
    0x2f, 0xf7, 0x0, 0x5f, 0xfd, 0x5f, 0xf5, 0x2f,
    0xf7, 0x0, 0x7, 0xff, 0xef, 0xf5, 0x2f, 0xf7,
    0x0, 0x0, 0xaf, 0xff, 0xf5, 0x2f, 0xf7, 0x0,
    0x0, 0xd, 0xff, 0xf5, 0x2f, 0xf7, 0x0, 0x0,
    0x2, 0xef, 0xf4, 0x2f, 0xf7, 0x0, 0x0, 0x0,
    0x6f, 0xf4, 0x0, 0x0, 0x0, 0x10, 0x0, 0x8f,
    0xf2, 0x0, 0x0, 0x4, 0xf7, 0x36, 0xff, 0xd0,
    0x0, 0x0, 0xc, 0xff, 0xff, 0xff, 0x40, 0x0,
    0x0, 0x1, 0x8d, 0xfe, 0xb3, 0x0,

    /* U+014B "ŋ" */
    0x5f, 0xf1, 0x9d, 0xfe, 0xa2, 0x0, 0x5f, 0xfe,
    0xff, 0xff, 0xff, 0x20, 0x5f, 0xff, 0x93, 0x27,
    0xff, 0xb0, 0x5f, 0xf9, 0x0, 0x0, 0xaf, 0xf0,
    0x5f, 0xf4, 0x0, 0x0, 0x6f, 0xf2, 0x5f, 0xf2,
    0x0, 0x0, 0x5f, 0xf2, 0x5f, 0xf2, 0x0, 0x0,
    0x5f, 0xf2, 0x5f, 0xf2, 0x0, 0x0, 0x5f, 0xf2,
    0x5f, 0xf2, 0x0, 0x0, 0x5f, 0xf2, 0x5f, 0xf2,
    0x0, 0x0, 0x5f, 0xf2, 0x5f, 0xf2, 0x0, 0x0,
    0x5f, 0xf2, 0x0, 0x0, 0x0, 0x0, 0x6f, 0xf1,
    0x0, 0x0, 0x2, 0x32, 0xcf, 0xe0, 0x0, 0x0,
    0x9, 0xff, 0xff, 0x70, 0x0, 0x0, 0x8, 0xef,
    0xd7, 0x0,

    /* U+014C "Ō" */
    0x0, 0x0, 0xf, 0xff, 0xff, 0xfe, 0x0, 0x0,
    0x0, 0x0, 0x8, 0x88, 0x88, 0x87, 0x0, 0x0,
    0x0, 0x0, 0x0, 0x0, 0x0, 0x0, 0x0, 0x0,
    0x0, 0x0, 0x0, 0x0, 0x0, 0x0, 0x0, 0x0,
    0x0, 0x0, 0x17, 0xce, 0xfe, 0xb6, 0x0, 0x0,
    0x0, 0x5, 0xff, 0xff, 0xff, 0xff, 0xe3, 0x0,
    0x0, 0x6f, 0xff, 0xb6, 0x57, 0xcf, 0xff, 0x40,
    0x2, 0xff, 0xe3, 0x0, 0x0, 0x5, 0xff, 0xe1,
    0xa, 0xff, 0x30, 0x0, 0x0, 0x0, 0x6f, 0xf7,
    0xf, 0xfc, 0x0, 0x0, 0x0, 0x0, 0xe, 0xfc,
    0x1f, 0xf9, 0x0, 0x0, 0x0, 0x0, 0xb, 0xfe,
    0x1f, 0xf8, 0x0, 0x0, 0x0, 0x0, 0xb, 0xfe,
    0xf, 0xfc, 0x0, 0x0, 0x0, 0x0, 0xe, 0xfc,
    0xa, 0xff, 0x30, 0x0, 0x0, 0x0, 0x6f, 0xf7,
    0x2, 0xff, 0xe3, 0x0, 0x0, 0x5, 0xff, 0xe1,
    0x0, 0x7f, 0xff, 0xb6, 0x57, 0xcf, 0xff, 0x40,
    0x0, 0x6, 0xff, 0xff, 0xff, 0xff, 0xe4, 0x0,
    0x0, 0x0, 0x17, 0xce, 0xfe, 0xb6, 0x0, 0x0,

    /* U+014D "ō" */
    0x0, 0xf, 0xff, 0xff, 0xfe, 0x0, 0x0, 0x0,
    0x88, 0x88, 0x88, 0x70, 0x0, 0x0, 0x0, 0x0,
    0x0, 0x0, 0x0, 0x0, 0x0, 0x3a, 0xef, 0xea,
    0x30, 0x0, 0x0, 0x8f, 0xff, 0xff, 0xff, 0x70,
    0x0, 0x5f, 0xfc, 0x53, 0x5d, 0xff, 0x40, 0xd,
    0xfd, 0x0, 0x0, 0x1e, 0xfc, 0x1, 0xff, 0x60,
    0x0, 0x0, 0x8f, 0xf0, 0x3f, 0xf4, 0x0, 0x0,
    0x6, 0xff, 0x11, 0xff, 0x60, 0x0, 0x0, 0x8f,
    0xf0, 0xd, 0xfd, 0x0, 0x0, 0x1e, 0xfc, 0x0,
    0x5f, 0xfc, 0x53, 0x6e, 0xff, 0x40, 0x0, 0x8f,
    0xff, 0xff, 0xff, 0x60, 0x0, 0x0, 0x3a, 0xef,
    0xea, 0x30, 0x0,

    /* U+014E "Ŏ" */
    0x0, 0x0, 0x7, 0x50, 0x0, 0x66, 0x0, 0x0,
    0x0, 0x0, 0xc, 0xf5, 0x26, 0xf9, 0x0, 0x0,
    0x0, 0x0, 0x2, 0xcf, 0xff, 0xb0, 0x0, 0x0,
    0x0, 0x0, 0x0, 0x2, 0x42, 0x0, 0x0, 0x0,
    0x0, 0x0, 0x0, 0x0, 0x0, 0x0, 0x0, 0x0,
    0x0, 0x0, 0x17, 0xce, 0xfe, 0xb6, 0x0, 0x0,
    0x0, 0x5, 0xff, 0xff, 0xff, 0xff, 0xe3, 0x0,
    0x0, 0x6f, 0xff, 0xb6, 0x57, 0xcf, 0xff, 0x40,
    0x2, 0xff, 0xe3, 0x0, 0x0, 0x5, 0xff, 0xe1,
    0xa, 0xff, 0x30, 0x0, 0x0, 0x0, 0x6f, 0xf7,
    0xf, 0xfc, 0x0, 0x0, 0x0, 0x0, 0xe, 0xfc,
    0x1f, 0xf9, 0x0, 0x0, 0x0, 0x0, 0xb, 0xfe,
    0x1f, 0xf8, 0x0, 0x0, 0x0, 0x0, 0xb, 0xfe,
    0xf, 0xfc, 0x0, 0x0, 0x0, 0x0, 0xe, 0xfc,
    0xa, 0xff, 0x30, 0x0, 0x0, 0x0, 0x6f, 0xf7,
    0x2, 0xff, 0xe3, 0x0, 0x0, 0x5, 0xff, 0xe1,
    0x0, 0x7f, 0xff, 0xb6, 0x57, 0xcf, 0xff, 0x40,
    0x0, 0x6, 0xff, 0xff, 0xff, 0xff, 0xe4, 0x0,
    0x0, 0x0, 0x17, 0xce, 0xfe, 0xb6, 0x0, 0x0,

    /* U+014F "ŏ" */
    0x0, 0xe, 0xd4, 0x25, 0xfb, 0x0, 0x0, 0x0,
    0x3e, 0xff, 0xfd, 0x20, 0x0, 0x0, 0x0, 0x3,
    0x42, 0x0, 0x0, 0x0, 0x0, 0x0, 0x0, 0x0,
    0x0, 0x0, 0x0, 0x3, 0xae, 0xfe, 0xa3, 0x0,
    0x0, 0x8, 0xff, 0xff, 0xff, 0xf7, 0x0, 0x5,
    0xff, 0xc5, 0x35, 0xdf, 0xf4, 0x0, 0xdf, 0xd0,
    0x0, 0x1, 0xef, 0xc0, 0x1f, 0xf6, 0x0, 0x0,
    0x8, 0xff, 0x3, 0xff, 0x40, 0x0, 0x0, 0x6f,
    0xf1, 0x1f, 0xf6, 0x0, 0x0, 0x8, 0xff, 0x0,
    0xdf, 0xd0, 0x0, 0x1, 0xef, 0xc0, 0x5, 0xff,
    0xc5, 0x36, 0xef, 0xf4, 0x0, 0x8, 0xff, 0xff,
    0xff, 0xf6, 0x0, 0x0, 0x3, 0xae, 0xfe, 0xa3,
    0x0, 0x0,

    /* U+0150 "Ő" */
    0x0, 0x0, 0x0, 0x1c, 0xc4, 0x3c, 0xc1, 0x0,
    0x0, 0x0, 0x0, 0x9f, 0xa0, 0xdf, 0x60, 0x0,
    0x0, 0x0, 0x2, 0xfd, 0x6, 0xfa, 0x0, 0x0,
    0x0, 0x0, 0x0, 0x0, 0x0, 0x0, 0x0, 0x0,
    0x0, 0x0, 0x0, 0x0, 0x0, 0x0, 0x0, 0x0,
    0x0, 0x0, 0x17, 0xce, 0xfe, 0xb6, 0x0, 0x0,
    0x0, 0x5, 0xff, 0xff, 0xff, 0xff, 0xe3, 0x0,
    0x0, 0x6f, 0xff, 0xb6, 0x57, 0xcf, 0xff, 0x40,
    0x2, 0xff, 0xe3, 0x0, 0x0, 0x5, 0xff, 0xe1,
    0xa, 0xff, 0x30, 0x0, 0x0, 0x0, 0x6f, 0xf7,
    0xf, 0xfc, 0x0, 0x0, 0x0, 0x0, 0xe, 0xfc,
    0x1f, 0xf9, 0x0, 0x0, 0x0, 0x0, 0xb, 0xfe,
    0x1f, 0xf8, 0x0, 0x0, 0x0, 0x0, 0xb, 0xfe,
    0xf, 0xfc, 0x0, 0x0, 0x0, 0x0, 0xe, 0xfc,
    0xa, 0xff, 0x30, 0x0, 0x0, 0x0, 0x6f, 0xf7,
    0x2, 0xff, 0xe3, 0x0, 0x0, 0x5, 0xff, 0xe1,
    0x0, 0x7f, 0xff, 0xb6, 0x57, 0xcf, 0xff, 0x40,
    0x0, 0x6, 0xff, 0xff, 0xff, 0xff, 0xe4, 0x0,
    0x0, 0x0, 0x17, 0xce, 0xfe, 0xb6, 0x0, 0x0,

    /* U+0151 "ő" */
    0x0, 0x0, 0x2f, 0xf4, 0x5f, 0xe1, 0x0, 0x0,
    0xb, 0xf8, 0xe, 0xf4, 0x0, 0x0, 0x2, 0xca,
    0x5, 0xc7, 0x0, 0x0, 0x0, 0x0, 0x0, 0x0,
    0x0, 0x0, 0x0, 0x3, 0xae, 0xfe, 0xa3, 0x0,
    0x0, 0x8, 0xff, 0xff, 0xff, 0xf7, 0x0, 0x5,
    0xff, 0xc5, 0x35, 0xdf, 0xf4, 0x0, 0xdf, 0xd0,
    0x0, 0x1, 0xef, 0xc0, 0x1f, 0xf6, 0x0, 0x0,
    0x8, 0xff, 0x3, 0xff, 0x40, 0x0, 0x0, 0x6f,
    0xf1, 0x1f, 0xf6, 0x0, 0x0, 0x8, 0xff, 0x0,
    0xdf, 0xd0, 0x0, 0x1, 0xef, 0xc0, 0x5, 0xff,
    0xc5, 0x36, 0xef, 0xf4, 0x0, 0x8, 0xff, 0xff,
    0xff, 0xf6, 0x0, 0x0, 0x3, 0xae, 0xfe, 0xa3,
    0x0, 0x0,

    /* U+0152 "Œ" */
    0x0, 0x0, 0x17, 0xce, 0xff, 0xff, 0xff, 0xff,
    0xff, 0xff, 0xf4, 0x0, 0x6, 0xff, 0xff, 0xff,
    0xff, 0xff, 0xff, 0xff, 0xff, 0xf4, 0x0, 0x7f,
    0xff, 0x95, 0x33, 0x3e, 0xfc, 0x33, 0x33, 0x33,
    0x31, 0x3, 0xff, 0xd2, 0x0, 0x0, 0xe, 0xfb,
    0x0, 0x0, 0x0, 0x0, 0xa, 0xff, 0x20, 0x0,
    0x0, 0xe, 0xfb, 0x0, 0x0, 0x0, 0x0, 0xf,
    0xfb, 0x0, 0x0, 0x0, 0xe, 0xfb, 0x22, 0x22,
    0x22, 0x10, 0x1f, 0xf8, 0x0, 0x0, 0x0, 0xe,
    0xff, 0xff, 0xff, 0xff, 0x70, 0x1f, 0xf8, 0x0,
    0x0, 0x0, 0xe, 0xff, 0xff, 0xff, 0xff, 0x70,
    0xf, 0xfb, 0x0, 0x0, 0x0, 0xe, 0xfb, 0x0,
    0x0, 0x0, 0x0, 0xa, 0xff, 0x20, 0x0, 0x0,
    0xe, 0xfb, 0x0, 0x0, 0x0, 0x0, 0x3, 0xff,
    0xd2, 0x0, 0x0, 0xe, 0xfb, 0x0, 0x0, 0x0,
    0x0, 0x0, 0x8f, 0xff, 0x95, 0x33, 0x3e, 0xfc,
    0x33, 0x33, 0x33, 0x32, 0x0, 0x7, 0xff, 0xff,
    0xff, 0xff, 0xff, 0xff, 0xff, 0xff, 0xf9, 0x0,
    0x0, 0x17, 0xce, 0xff, 0xff, 0xff, 0xff, 0xff,
    0xff, 0xf9,

    /* U+0153 "œ" */
    0x0, 0x3, 0xae, 0xfe, 0x92, 0x0, 0x5b, 0xef,
    0xd8, 0x0, 0x0, 0x8, 0xff, 0xff, 0xff, 0xf4,
    0x9f, 0xff, 0xff, 0xfe, 0x20, 0x5, 0xff, 0xc5,
    0x35, 0xdf, 0xff, 0xf8, 0x33, 0x6e, 0xfd, 0x0,
    0xdf, 0xd0, 0x0, 0x1, 0xef, 0xf7, 0x0, 0x0,
    0x3f, 0xf4, 0x1f, 0xf6, 0x0, 0x0, 0x8, 0xff,
    0xbb, 0xbb, 0xbb, 0xff, 0x73, 0xff, 0x40, 0x0,
    0x0, 0x6f, 0xff, 0xff, 0xff, 0xff, 0xf8, 0x1f,
    0xf6, 0x0, 0x0, 0x8, 0xff, 0x40, 0x0, 0x0,
    0x0, 0x0, 0xdf, 0xd0, 0x0, 0x1, 0xef, 0xfc,
    0x0, 0x0, 0x2, 0x0, 0x5, 0xff, 0xc5, 0x35,
    0xdf, 0xff, 0xfc, 0x53, 0x4a, 0xf4, 0x0, 0x8,
    0xff, 0xff, 0xff, 0xf4, 0x8f, 0xff, 0xff, 0xff,
    0x80, 0x0, 0x3, 0xae, 0xfe, 0x92, 0x0, 0x4a,
    0xef, 0xeb, 0x40, 0x0,

    /* U+0154 "Ŕ" */
    0x0, 0x0, 0x0, 0x3f, 0xf9, 0x0, 0x0, 0x0,
    0x0, 0x4f, 0xe4, 0x0, 0x0, 0x0, 0x0, 0x7,
    0x71, 0x0, 0x0, 0x0, 0x0, 0x0, 0x0, 0x0,
    0x0, 0x0, 0x2f, 0xff, 0xff, 0xff, 0xc8, 0x10,
    0x2, 0xff, 0xff, 0xff, 0xff, 0xfe, 0x30, 0x2f,
    0xf9, 0x44, 0x45, 0xaf, 0xfe, 0x2, 0xff, 0x70,
    0x0, 0x0, 0x8f, 0xf5, 0x2f, 0xf7, 0x0, 0x0,
    0x1, 0xff, 0x82, 0xff, 0x70, 0x0, 0x0, 0x1f,
    0xf8, 0x2f, 0xf7, 0x0, 0x0, 0x7, 0xff, 0x52,
    0xff, 0x93, 0x33, 0x49, 0xff, 0xe0, 0x2f, 0xff,
    0xff, 0xff, 0xff, 0xe3, 0x2, 0xff, 0xff, 0xff,
    0xff, 0xd1, 0x0, 0x2f, 0xf7, 0x0, 0x7, 0xff,
    0x50, 0x2, 0xff, 0x70, 0x0, 0xb, 0xff, 0x10,
    0x2f, 0xf7, 0x0, 0x0, 0x1e, 0xfc, 0x2, 0xff,
    0x70, 0x0, 0x0, 0x5f, 0xf7,

    /* U+0155 "ŕ" */
    0x0, 0x0, 0xbf, 0xd2, 0x0, 0xc, 0xfa, 0x0,
    0x0, 0x69, 0x50, 0x0, 0x0, 0x0, 0x0, 0x0,
    0x5f, 0xf1, 0x8d, 0xc0, 0x5f, 0xfd, 0xff, 0xd0,
    0x5f, 0xff, 0xb5, 0x30, 0x5f, 0xfb, 0x0, 0x0,
    0x5f, 0xf4, 0x0, 0x0, 0x5f, 0xf2, 0x0, 0x0,
    0x5f, 0xf2, 0x0, 0x0, 0x5f, 0xf2, 0x0, 0x0,
    0x5f, 0xf2, 0x0, 0x0, 0x5f, 0xf2, 0x0, 0x0,
    0x5f, 0xf2, 0x0, 0x0,

    /* U+0156 "Ŗ" */
    0x2f, 0xff, 0xff, 0xff, 0xc8, 0x10, 0x2, 0xff,
    0xff, 0xff, 0xff, 0xfe, 0x30, 0x2f, 0xf9, 0x44,
    0x45, 0xaf, 0xfe, 0x2, 0xff, 0x70, 0x0, 0x0,
    0x8f, 0xf5, 0x2f, 0xf7, 0x0, 0x0, 0x1, 0xff,
    0x82, 0xff, 0x70, 0x0, 0x0, 0x1f, 0xf8, 0x2f,
    0xf7, 0x0, 0x0, 0x7, 0xff, 0x52, 0xff, 0x93,
    0x33, 0x49, 0xff, 0xe0, 0x2f, 0xff, 0xff, 0xff,
    0xff, 0xe3, 0x2, 0xff, 0xff, 0xff, 0xff, 0xd1,
    0x0, 0x2f, 0xf7, 0x0, 0x7, 0xff, 0x50, 0x2,
    0xff, 0x70, 0x0, 0xb, 0xff, 0x10, 0x2f, 0xf7,
    0x0, 0x0, 0x1e, 0xfc, 0x2, 0xff, 0x70, 0x0,
    0x0, 0x5f, 0xf7, 0x0, 0x0, 0x0, 0x0, 0x0,
    0x0, 0x0, 0x0, 0x0, 0x5a, 0x20, 0x0, 0x0,
    0x0, 0x0, 0xc, 0xf8, 0x0, 0x0, 0x0, 0x0,
    0x0, 0x5f, 0x30, 0x0, 0x0, 0x0, 0x0, 0x7,
    0xc0, 0x0, 0x0, 0x0,

    /* U+0157 "ŗ" */
    0x5f, 0xf1, 0x8d, 0xc5, 0xff, 0xdf, 0xfd, 0x5f,
    0xff, 0xb5, 0x35, 0xff, 0xb0, 0x0, 0x5f, 0xf4,
    0x0, 0x5, 0xff, 0x20, 0x0, 0x5f, 0xf2, 0x0,
    0x5, 0xff, 0x20, 0x0, 0x5f, 0xf2, 0x0, 0x5,
    0xff, 0x20, 0x0, 0x5f, 0xf2, 0x0, 0x0, 0x0,
    0x0, 0x0, 0x9, 0x80, 0x0, 0x2, 0xff, 0x20,
    0x0, 0xa, 0xe0, 0x0, 0x0, 0xd7, 0x0, 0x0,

    /* U+0158 "Ř" */
    0x0, 0x1d, 0xe4, 0x8, 0xf9, 0x0, 0x0, 0x0,
    0x1c, 0xfd, 0xf8, 0x0, 0x0, 0x0, 0x0, 0x7,
    0x86, 0x0, 0x0, 0x0, 0x0, 0x0, 0x0, 0x0,
    0x0, 0x0, 0x2f, 0xff, 0xff, 0xff, 0xc8, 0x10,
    0x2, 0xff, 0xff, 0xff, 0xff, 0xfe, 0x30, 0x2f,
    0xf9, 0x44, 0x45, 0xaf, 0xfe, 0x2, 0xff, 0x70,
    0x0, 0x0, 0x8f, 0xf5, 0x2f, 0xf7, 0x0, 0x0,
    0x1, 0xff, 0x82, 0xff, 0x70, 0x0, 0x0, 0x1f,
    0xf8, 0x2f, 0xf7, 0x0, 0x0, 0x7, 0xff, 0x52,
    0xff, 0x93, 0x33, 0x49, 0xff, 0xe0, 0x2f, 0xff,
    0xff, 0xff, 0xff, 0xe3, 0x2, 0xff, 0xff, 0xff,
    0xff, 0xd1, 0x0, 0x2f, 0xf7, 0x0, 0x7, 0xff,
    0x50, 0x2, 0xff, 0x70, 0x0, 0xb, 0xff, 0x10,
    0x2f, 0xf7, 0x0, 0x0, 0x1e, 0xfc, 0x2, 0xff,
    0x70, 0x0, 0x0, 0x5f, 0xf7,

    /* U+0159 "ř" */
    0x9, 0xf9, 0x3, 0xee, 0x20, 0x8, 0xfd, 0xfd,
    0x20, 0x0, 0x6, 0x99, 0x10, 0x0, 0x0, 0x0,
    0x0, 0x0, 0x5, 0xff, 0x18, 0xdc, 0x0, 0x5f,
    0xfd, 0xff, 0xd0, 0x5, 0xff, 0xfb, 0x53, 0x0,
    0x5f, 0xfb, 0x0, 0x0, 0x5, 0xff, 0x40, 0x0,
    0x0, 0x5f, 0xf2, 0x0, 0x0, 0x5, 0xff, 0x20,
    0x0, 0x0, 0x5f, 0xf2, 0x0, 0x0, 0x5, 0xff,
    0x20, 0x0, 0x0, 0x5f, 0xf2, 0x0, 0x0, 0x5,
    0xff, 0x20, 0x0, 0x0,

    /* U+015A "Ś" */
    0x0, 0x0, 0x0, 0x5, 0x87, 0x10, 0x0, 0x0,
    0x0, 0x6f, 0xf5, 0x0, 0x0, 0x0, 0x5, 0xfe,
    0x30, 0x0, 0x0, 0x0, 0x7, 0x71, 0x0, 0x0,
    0x0, 0x0, 0x0, 0x0, 0x0, 0x0, 0x0, 0x6,
    0xbe, 0xff, 0xc8, 0x20, 0x1, 0xdf, 0xff, 0xff,
    0xff, 0xf2, 0x9, 0xff, 0xa5, 0x34, 0x7c, 0xc0,
    0xe, 0xfb, 0x0, 0x0, 0x0, 0x10, 0xf, 0xfb,
    0x0, 0x0, 0x0, 0x0, 0xa, 0xff, 0xb5, 0x10,
    0x0, 0x0, 0x1, 0xcf, 0xff, 0xfc, 0x82, 0x0,
    0x0, 0x4, 0xae, 0xff, 0xff, 0xa0, 0x0, 0x0,
    0x0, 0x26, 0xdf, 0xf8, 0x0, 0x0, 0x0, 0x0,
    0xd, 0xfd, 0x5, 0x20, 0x0, 0x0, 0xd, 0xfc,
    0xe, 0xfb, 0x64, 0x35, 0xbf, 0xf8, 0x1c, 0xff,
    0xff, 0xff, 0xff, 0xb0, 0x0, 0x4a, 0xdf, 0xfe,
    0xb5, 0x0,

    /* U+015B "ś" */
    0x0, 0x0, 0x6, 0xff, 0x60, 0x0, 0x0, 0x6f,
    0xe3, 0x0, 0x0, 0x2, 0xa9, 0x10, 0x0, 0x0,
    0x0, 0x0, 0x0, 0x0, 0x0, 0x5b, 0xef, 0xeb,
    0x71, 0x9, 0xff, 0xff, 0xff, 0xf2, 0x2f, 0xfa,
    0x21, 0x36, 0x80, 0x3f, 0xf4, 0x0, 0x0, 0x0,
    0x1f, 0xff, 0xa7, 0x40, 0x0, 0x4, 0xef, 0xff,
    0xff, 0x90, 0x0, 0x3, 0x79, 0xdf, 0xf8, 0x0,
    0x0, 0x0, 0xc, 0xfb, 0xd, 0x94, 0x11, 0x4e,
    0xfa, 0x6f, 0xff, 0xff, 0xff, 0xe2, 0x5, 0xae,
    0xff, 0xd8, 0x10,

    /* U+015C "Ŝ" */
    0x0, 0x0, 0x6, 0x86, 0x0, 0x0, 0x0, 0x0,
    0x8f, 0xff, 0x80, 0x0, 0x0, 0x7, 0xfc, 0x1c,
    0xf6, 0x0, 0x0, 0x17, 0x70, 0x0, 0x77, 0x0,
    0x0, 0x0, 0x0, 0x0, 0x0, 0x0, 0x0, 0x6,
    0xbe, 0xff, 0xc8, 0x20, 0x1, 0xdf, 0xff, 0xff,
    0xff, 0xf2, 0x9, 0xff, 0xa5, 0x34, 0x7c, 0xc0,
    0xe, 0xfb, 0x0, 0x0, 0x0, 0x10, 0xf, 0xfb,
    0x0, 0x0, 0x0, 0x0, 0xa, 0xff, 0xb5, 0x10,
    0x0, 0x0, 0x1, 0xcf, 0xff, 0xfc, 0x82, 0x0,
    0x0, 0x4, 0xae, 0xff, 0xff, 0xa0, 0x0, 0x0,
    0x0, 0x26, 0xdf, 0xf8, 0x0, 0x0, 0x0, 0x0,
    0xd, 0xfd, 0x5, 0x20, 0x0, 0x0, 0xd, 0xfc,
    0xe, 0xfb, 0x64, 0x35, 0xbf, 0xf8, 0x1c, 0xff,
    0xff, 0xff, 0xff, 0xb0, 0x0, 0x4a, 0xdf, 0xfe,
    0xb5, 0x0,

    /* U+015D "ŝ" */
    0x0, 0x8, 0xff, 0xb0, 0x0, 0x0, 0x8f, 0xb9,
    0xfb, 0x0, 0x4, 0xa7, 0x0, 0x6a, 0x60, 0x0,
    0x0, 0x0, 0x0, 0x0, 0x0, 0x5b, 0xef, 0xeb,
    0x71, 0x9, 0xff, 0xff, 0xff, 0xf2, 0x2f, 0xfa,
    0x21, 0x36, 0x80, 0x3f, 0xf4, 0x0, 0x0, 0x0,
    0x1f, 0xff, 0xa7, 0x40, 0x0, 0x4, 0xef, 0xff,
    0xff, 0x90, 0x0, 0x3, 0x79, 0xdf, 0xf8, 0x0,
    0x0, 0x0, 0xc, 0xfb, 0xd, 0x94, 0x11, 0x4e,
    0xfa, 0x6f, 0xff, 0xff, 0xff, 0xe2, 0x5, 0xae,
    0xff, 0xd8, 0x10,

    /* U+015E "Ş" */
    0x0, 0x6, 0xbe, 0xff, 0xc8, 0x20, 0x1, 0xdf,
    0xff, 0xff, 0xff, 0xf2, 0x9, 0xff, 0xa5, 0x34,
    0x7c, 0xc0, 0xe, 0xfb, 0x0, 0x0, 0x0, 0x10,
    0xf, 0xfb, 0x0, 0x0, 0x0, 0x0, 0xa, 0xff,
    0xb5, 0x10, 0x0, 0x0, 0x1, 0xcf, 0xff, 0xfc,
    0x82, 0x0, 0x0, 0x4, 0xae, 0xff, 0xff, 0xa0,
    0x0, 0x0, 0x0, 0x26, 0xdf, 0xf8, 0x0, 0x0,
    0x0, 0x0, 0xd, 0xfd, 0x5, 0x20, 0x0, 0x0,
    0xd, 0xfc, 0xe, 0xfb, 0x64, 0x35, 0xbf, 0xf8,
    0x1c, 0xff, 0xff, 0xff, 0xff, 0xb0, 0x0, 0x4a,
    0xdf, 0xff, 0xb5, 0x0, 0x0, 0x0, 0x6, 0xf1,
    0x0, 0x0, 0x0, 0x0, 0x6, 0xcf, 0x40, 0x0,
    0x0, 0x0, 0x21, 0x4f, 0x90, 0x0, 0x0, 0x0,
    0xcf, 0xfe, 0x20, 0x0, 0x0, 0x0, 0x3, 0x20,
    0x0, 0x0,

    /* U+015F "ş" */
    0x0, 0x5b, 0xef, 0xeb, 0x71, 0x9, 0xff, 0xff,
    0xff, 0xf2, 0x2f, 0xfa, 0x21, 0x36, 0x80, 0x3f,
    0xf4, 0x0, 0x0, 0x0, 0x1f, 0xff, 0xa7, 0x40,
    0x0, 0x4, 0xef, 0xff, 0xff, 0x90, 0x0, 0x3,
    0x79, 0xdf, 0xf8, 0x0, 0x0, 0x0, 0xc, 0xfb,
    0xd, 0x94, 0x11, 0x4e, 0xfa, 0x6f, 0xff, 0xff,
    0xff, 0xe2, 0x5, 0xae, 0xff, 0xd8, 0x10, 0x0,
    0x0, 0xda, 0x0, 0x0, 0x0, 0x0, 0xae, 0xc0,
    0x0, 0x0, 0x3, 0x19, 0xf2, 0x0, 0x0, 0x2f,
    0xff, 0xa0, 0x0, 0x0, 0x1, 0x31, 0x0, 0x0,

    /* U+0160 "Š" */
    0x0, 0x17, 0x70, 0x0, 0x77, 0x0, 0x0, 0x7,
    0xfc, 0x2c, 0xf6, 0x0, 0x0, 0x0, 0x8f, 0xff,
    0x80, 0x0, 0x0, 0x0, 0x6, 0x86, 0x0, 0x0,
    0x0, 0x0, 0x0, 0x0, 0x0, 0x0, 0x0, 0x6,
    0xbe, 0xff, 0xc8, 0x20, 0x1, 0xdf, 0xff, 0xff,
    0xff, 0xf2, 0x9, 0xff, 0xa5, 0x34, 0x7c, 0xc0,
    0xe, 0xfb, 0x0, 0x0, 0x0, 0x10, 0xf, 0xfb,
    0x0, 0x0, 0x0, 0x0, 0xa, 0xff, 0xb5, 0x10,
    0x0, 0x0, 0x1, 0xcf, 0xff, 0xfc, 0x82, 0x0,
    0x0, 0x4, 0xae, 0xff, 0xff, 0xa0, 0x0, 0x0,
    0x0, 0x26, 0xdf, 0xf8, 0x0, 0x0, 0x0, 0x0,
    0xd, 0xfd, 0x5, 0x20, 0x0, 0x0, 0xd, 0xfc,
    0xe, 0xfb, 0x64, 0x35, 0xbf, 0xf8, 0x1c, 0xff,
    0xff, 0xff, 0xff, 0xb0, 0x0, 0x4a, 0xdf, 0xfe,
    0xb5, 0x0,

    /* U+0161 "š" */
    0x4, 0xfc, 0x11, 0xbf, 0x60, 0x0, 0x4f, 0xed,
    0xf6, 0x0, 0x0, 0x4, 0xaa, 0x50, 0x0, 0x0,
    0x0, 0x0, 0x0, 0x0, 0x0, 0x5b, 0xef, 0xeb,
    0x71, 0x9, 0xff, 0xff, 0xff, 0xf2, 0x2f, 0xfa,
    0x21, 0x36, 0x80, 0x3f, 0xf4, 0x0, 0x0, 0x0,
    0x1f, 0xff, 0xa7, 0x40, 0x0, 0x4, 0xef, 0xff,
    0xff, 0x90, 0x0, 0x3, 0x79, 0xdf, 0xf8, 0x0,
    0x0, 0x0, 0xc, 0xfb, 0xd, 0x94, 0x11, 0x4e,
    0xfa, 0x6f, 0xff, 0xff, 0xff, 0xe2, 0x5, 0xae,
    0xff, 0xd8, 0x10,

    /* U+0162 "Ţ" */
    0xef, 0xff, 0xff, 0xff, 0xff, 0xff, 0xef, 0xff,
    0xff, 0xff, 0xff, 0xff, 0x34, 0x44, 0x7f, 0xf7,
    0x44, 0x43, 0x0, 0x0, 0x4f, 0xf5, 0x0, 0x0,
    0x0, 0x0, 0x4f, 0xf5, 0x0, 0x0, 0x0, 0x0,
    0x4f, 0xf5, 0x0, 0x0, 0x0, 0x0, 0x4f, 0xf5,
    0x0, 0x0, 0x0, 0x0, 0x4f, 0xf5, 0x0, 0x0,
    0x0, 0x0, 0x4f, 0xf5, 0x0, 0x0, 0x0, 0x0,
    0x4f, 0xf5, 0x0, 0x0, 0x0, 0x0, 0x4f, 0xf5,
    0x0, 0x0, 0x0, 0x0, 0x4f, 0xf5, 0x0, 0x0,
    0x0, 0x0, 0x4f, 0xf5, 0x0, 0x0, 0x0, 0x0,
    0x4f, 0xf5, 0x0, 0x0, 0x0, 0x0, 0xd, 0x80,
    0x0, 0x0, 0x0, 0x0, 0x1b, 0xfa, 0x0, 0x0,
    0x0, 0x0, 0x31, 0xaf, 0x10, 0x0, 0x0, 0x3,
    0xff, 0xfa, 0x0, 0x0, 0x0, 0x0, 0x13, 0x10,
    0x0, 0x0,

    /* U+0163 "ţ" */
    0x0, 0x88, 0x30, 0x0, 0x0, 0xf, 0xf7, 0x0,
    0x0, 0x0, 0xff, 0x70, 0x0, 0xc, 0xff, 0xff,
    0xff, 0x50, 0xcf, 0xff, 0xff, 0xf5, 0x0, 0xf,
    0xf8, 0x0, 0x0, 0x0, 0xff, 0x70, 0x0, 0x0,
    0xf, 0xf7, 0x0, 0x0, 0x0, 0xff, 0x70, 0x0,
    0x0, 0xf, 0xf7, 0x0, 0x0, 0x0, 0xff, 0x80,
    0x0, 0x0, 0xd, 0xfd, 0x33, 0x30, 0x0, 0x6f,
    0xff, 0xfc, 0x0, 0x0, 0x6f, 0xfe, 0x80, 0x0,
    0x0, 0xcb, 0x0, 0x0, 0x0, 0xa, 0xed, 0x0,
    0x0, 0x3, 0x19, 0xf3, 0x0, 0x1, 0xff, 0xfb,
    0x0, 0x0, 0x1, 0x31, 0x0, 0x0,

    /* U+0164 "Ť" */
    0x0, 0x4f, 0xc2, 0x1c, 0xf5, 0x0, 0x0, 0x3,
    0xfe, 0xef, 0x40, 0x0, 0x0, 0x0, 0x38, 0x83,
    0x0, 0x0, 0x0, 0x0, 0x0, 0x0, 0x0, 0x0,
    0xef, 0xff, 0xff, 0xff, 0xff, 0xff, 0xef, 0xff,
    0xff, 0xff, 0xff, 0xff, 0x34, 0x44, 0x7f, 0xf7,
    0x44, 0x43, 0x0, 0x0, 0x4f, 0xf5, 0x0, 0x0,
    0x0, 0x0, 0x4f, 0xf5, 0x0, 0x0, 0x0, 0x0,
    0x4f, 0xf5, 0x0, 0x0, 0x0, 0x0, 0x4f, 0xf5,
    0x0, 0x0, 0x0, 0x0, 0x4f, 0xf5, 0x0, 0x0,
    0x0, 0x0, 0x4f, 0xf5, 0x0, 0x0, 0x0, 0x0,
    0x4f, 0xf5, 0x0, 0x0, 0x0, 0x0, 0x4f, 0xf5,
    0x0, 0x0, 0x0, 0x0, 0x4f, 0xf5, 0x0, 0x0,
    0x0, 0x0, 0x4f, 0xf5, 0x0, 0x0, 0x0, 0x0,
    0x4f, 0xf5, 0x0, 0x0,

    /* U+0165 "ť" */
    0x0, 0x0, 0x0, 0xfd, 0x0, 0x0, 0x0, 0xf,
    0xb0, 0x0, 0x99, 0x40, 0xfa, 0x0, 0xf, 0xf7,
    0x9, 0x50, 0x0, 0xff, 0x70, 0x0, 0xc, 0xff,
    0xff, 0xff, 0x50, 0xcf, 0xff, 0xff, 0xf5, 0x0,
    0xf, 0xf8, 0x0, 0x0, 0x0, 0xff, 0x70, 0x0,
    0x0, 0xf, 0xf7, 0x0, 0x0, 0x0, 0xff, 0x70,
    0x0, 0x0, 0xf, 0xf7, 0x0, 0x0, 0x0, 0xff,
    0x80, 0x0, 0x0, 0xd, 0xfd, 0x33, 0x30, 0x0,
    0x6f, 0xff, 0xfc, 0x0, 0x0, 0x6d, 0xfe, 0x80,

    /* U+0166 "Ŧ" */
    0xef, 0xff, 0xff, 0xff, 0xff, 0xff, 0xef, 0xff,
    0xff, 0xff, 0xff, 0xff, 0x34, 0x44, 0x7f, 0xf7,
    0x44, 0x43, 0x0, 0x0, 0x4f, 0xf5, 0x0, 0x0,
    0x0, 0x0, 0x4f, 0xf5, 0x0, 0x0, 0x0, 0x0,
    0x4f, 0xf5, 0x0, 0x0, 0x2, 0xff, 0xff, 0xff,
    0xff, 0x30, 0x2, 0xff, 0xff, 0xff, 0xff, 0x30,
    0x0, 0x0, 0x4f, 0xf5, 0x0, 0x0, 0x0, 0x0,
    0x4f, 0xf5, 0x0, 0x0, 0x0, 0x0, 0x4f, 0xf5,
    0x0, 0x0, 0x0, 0x0, 0x4f, 0xf5, 0x0, 0x0,
    0x0, 0x0, 0x4f, 0xf5, 0x0, 0x0, 0x0, 0x0,
    0x4f, 0xf5, 0x0, 0x0,

    /* U+0167 "ŧ" */
    0x0, 0x78, 0x40, 0x0, 0x0, 0xf, 0xf8, 0x0,
    0x0, 0x0, 0xff, 0x80, 0x0, 0xb, 0xff, 0xff,
    0xff, 0x60, 0xbf, 0xff, 0xff, 0xf6, 0x0, 0xf,
    0xf8, 0x0, 0x0, 0x0, 0xff, 0x80, 0x0, 0x7,
    0xaf, 0xfd, 0xa5, 0x0, 0xbf, 0xff, 0xff, 0x90,
    0x0, 0xf, 0xf8, 0x0, 0x0, 0x0, 0xef, 0x90,
    0x0, 0x0, 0xc, 0xfe, 0x32, 0x40, 0x0, 0x5f,
    0xff, 0xfd, 0x0, 0x0, 0x5c, 0xfe, 0x90,

    /* U+0168 "Ũ" */
    0x0, 0x0, 0x58, 0x30, 0x7, 0x60, 0x0, 0x0,
    0x5, 0xff, 0xf6, 0x1f, 0x90, 0x0, 0x0, 0xc,
    0xd1, 0x9f, 0xff, 0x30, 0x0, 0x0, 0x8, 0x50,
    0x4, 0x84, 0x0, 0x0, 0x0, 0x0, 0x0, 0x0,
    0x0, 0x0, 0x0, 0x3f, 0xf5, 0x0, 0x0, 0x0,
    0x8f, 0xf0, 0x3f, 0xf5, 0x0, 0x0, 0x0, 0x8f,
    0xf0, 0x3f, 0xf5, 0x0, 0x0, 0x0, 0x8f, 0xf0,
    0x3f, 0xf5, 0x0, 0x0, 0x0, 0x8f, 0xf0, 0x3f,
    0xf5, 0x0, 0x0, 0x0, 0x8f, 0xf0, 0x3f, 0xf5,
    0x0, 0x0, 0x0, 0x8f, 0xf0, 0x3f, 0xf5, 0x0,
    0x0, 0x0, 0x8f, 0xf0, 0x3f, 0xf5, 0x0, 0x0,
    0x0, 0x8f, 0xf0, 0x2f, 0xf6, 0x0, 0x0, 0x0,
    0x9f, 0xf0, 0x1f, 0xf9, 0x0, 0x0, 0x0, 0xdf,
    0xd0, 0xc, 0xff, 0x30, 0x0, 0x5, 0xff, 0x90,
    0x4, 0xff, 0xf9, 0x66, 0xaf, 0xff, 0x10, 0x0,
    0x7f, 0xff, 0xff, 0xff, 0xf4, 0x0, 0x0, 0x3,
    0xad, 0xff, 0xd8, 0x10, 0x0,

    /* U+0169 "ũ" */
    0x0, 0x1c, 0xfa, 0x23, 0xf4, 0x0, 0xa, 0xe8,
    0xef, 0xfd, 0x0, 0x0, 0x64, 0x0, 0x56, 0x10,
    0x0, 0x0, 0x0, 0x0, 0x0, 0x0, 0x7f, 0xf1,
    0x0, 0x0, 0x8f, 0xf7, 0xff, 0x10, 0x0, 0x8,
    0xff, 0x7f, 0xf1, 0x0, 0x0, 0x8f, 0xf7, 0xff,
    0x10, 0x0, 0x8, 0xff, 0x7f, 0xf1, 0x0, 0x0,
    0x8f, 0xf7, 0xff, 0x10, 0x0, 0x8, 0xff, 0x6f,
    0xf2, 0x0, 0x0, 0xaf, 0xf4, 0xff, 0x60, 0x0,
    0x1f, 0xff, 0x1f, 0xff, 0x74, 0x6e, 0xff, 0xf0,
    0x6f, 0xff, 0xff, 0xfd, 0xff, 0x0, 0x4b, 0xff,
    0xc5, 0x6f, 0xf0,

    /* U+016A "Ū" */
    0x0, 0x8, 0xff, 0xff, 0xff, 0x60, 0x0, 0x0,
    0x4, 0x88, 0x88, 0x88, 0x30, 0x0, 0x0, 0x0,
    0x0, 0x0, 0x0, 0x0, 0x0, 0x0, 0x0, 0x0,
    0x0, 0x0, 0x0, 0x0, 0x3f, 0xf5, 0x0, 0x0,
    0x0, 0x8f, 0xf0, 0x3f, 0xf5, 0x0, 0x0, 0x0,
    0x8f, 0xf0, 0x3f, 0xf5, 0x0, 0x0, 0x0, 0x8f,
    0xf0, 0x3f, 0xf5, 0x0, 0x0, 0x0, 0x8f, 0xf0,
    0x3f, 0xf5, 0x0, 0x0, 0x0, 0x8f, 0xf0, 0x3f,
    0xf5, 0x0, 0x0, 0x0, 0x8f, 0xf0, 0x3f, 0xf5,
    0x0, 0x0, 0x0, 0x8f, 0xf0, 0x3f, 0xf5, 0x0,
    0x0, 0x0, 0x8f, 0xf0, 0x2f, 0xf6, 0x0, 0x0,
    0x0, 0x9f, 0xf0, 0x1f, 0xf9, 0x0, 0x0, 0x0,
    0xdf, 0xd0, 0xc, 0xff, 0x30, 0x0, 0x5, 0xff,
    0x90, 0x4, 0xff, 0xf9, 0x66, 0xaf, 0xff, 0x10,
    0x0, 0x7f, 0xff, 0xff, 0xff, 0xf4, 0x0, 0x0,
    0x3, 0xad, 0xff, 0xd8, 0x10, 0x0,

    /* U+016B "ū" */
    0x0, 0xbf, 0xff, 0xff, 0xf3, 0x0, 0x5, 0x88,
    0x88, 0x88, 0x10, 0x0, 0x0, 0x0, 0x0, 0x0,
    0x7, 0xff, 0x10, 0x0, 0x8, 0xff, 0x7f, 0xf1,
    0x0, 0x0, 0x8f, 0xf7, 0xff, 0x10, 0x0, 0x8,
    0xff, 0x7f, 0xf1, 0x0, 0x0, 0x8f, 0xf7, 0xff,
    0x10, 0x0, 0x8, 0xff, 0x7f, 0xf1, 0x0, 0x0,
    0x8f, 0xf6, 0xff, 0x20, 0x0, 0xa, 0xff, 0x4f,
    0xf6, 0x0, 0x1, 0xff, 0xf1, 0xff, 0xf7, 0x46,
    0xef, 0xff, 0x6, 0xff, 0xff, 0xff, 0xdf, 0xf0,
    0x4, 0xbf, 0xfc, 0x56, 0xff,

    /* U+016C "Ŭ" */
    0x0, 0x3, 0x81, 0x0, 0x28, 0x20, 0x0, 0x0,
    0x4, 0xfa, 0x23, 0xcf, 0x10, 0x0, 0x0, 0x0,
    0x7f, 0xff, 0xe5, 0x0, 0x0, 0x0, 0x0, 0x1,
    0x33, 0x0, 0x0, 0x0, 0x0, 0x0, 0x0, 0x0,
    0x0, 0x0, 0x0, 0x3f, 0xf5, 0x0, 0x0, 0x0,
    0x8f, 0xf0, 0x3f, 0xf5, 0x0, 0x0, 0x0, 0x8f,
    0xf0, 0x3f, 0xf5, 0x0, 0x0, 0x0, 0x8f, 0xf0,
    0x3f, 0xf5, 0x0, 0x0, 0x0, 0x8f, 0xf0, 0x3f,
    0xf5, 0x0, 0x0, 0x0, 0x8f, 0xf0, 0x3f, 0xf5,
    0x0, 0x0, 0x0, 0x8f, 0xf0, 0x3f, 0xf5, 0x0,
    0x0, 0x0, 0x8f, 0xf0, 0x3f, 0xf5, 0x0, 0x0,
    0x0, 0x8f, 0xf0, 0x2f, 0xf6, 0x0, 0x0, 0x0,
    0x9f, 0xf0, 0x1f, 0xf9, 0x0, 0x0, 0x0, 0xdf,
    0xd0, 0xc, 0xff, 0x30, 0x0, 0x5, 0xff, 0x90,
    0x4, 0xff, 0xf9, 0x66, 0xaf, 0xff, 0x10, 0x0,
    0x7f, 0xff, 0xff, 0xff, 0xf4, 0x0, 0x0, 0x3,
    0xad, 0xff, 0xd8, 0x10, 0x0,

    /* U+016D "ŭ" */
    0x0, 0x8f, 0x62, 0x3b, 0xf1, 0x0, 0x1, 0xbf,
    0xff, 0xe5, 0x0, 0x0, 0x0, 0x24, 0x30, 0x0,
    0x0, 0x0, 0x0, 0x0, 0x0, 0x0, 0x7f, 0xf1,
    0x0, 0x0, 0x8f, 0xf7, 0xff, 0x10, 0x0, 0x8,
    0xff, 0x7f, 0xf1, 0x0, 0x0, 0x8f, 0xf7, 0xff,
    0x10, 0x0, 0x8, 0xff, 0x7f, 0xf1, 0x0, 0x0,
    0x8f, 0xf7, 0xff, 0x10, 0x0, 0x8, 0xff, 0x6f,
    0xf2, 0x0, 0x0, 0xaf, 0xf4, 0xff, 0x60, 0x0,
    0x1f, 0xff, 0x1f, 0xff, 0x74, 0x6e, 0xff, 0xf0,
    0x6f, 0xff, 0xff, 0xfd, 0xff, 0x0, 0x4b, 0xff,
    0xc5, 0x6f, 0xf0,

    /* U+016E "Ů" */
    0x0, 0x0, 0x5, 0xdc, 0x30, 0x0, 0x0, 0x0,
    0x0, 0x1e, 0x46, 0xd0, 0x0, 0x0, 0x0, 0x0,
    0x5b, 0x0, 0xd2, 0x0, 0x0, 0x0, 0x0, 0x4c,
    0x0, 0xe1, 0x0, 0x0, 0x0, 0x0, 0xd, 0xab,
    0xa0, 0x0, 0x0, 0x0, 0x0, 0x1, 0x76, 0x0,
    0x0, 0x0, 0x3f, 0xf5, 0x0, 0x0, 0x0, 0x8f,
    0xf0, 0x3f, 0xf5, 0x0, 0x0, 0x0, 0x8f, 0xf0,
    0x3f, 0xf5, 0x0, 0x0, 0x0, 0x8f, 0xf0, 0x3f,
    0xf5, 0x0, 0x0, 0x0, 0x8f, 0xf0, 0x3f, 0xf5,
    0x0, 0x0, 0x0, 0x8f, 0xf0, 0x3f, 0xf5, 0x0,
    0x0, 0x0, 0x8f, 0xf0, 0x3f, 0xf5, 0x0, 0x0,
    0x0, 0x8f, 0xf0, 0x3f, 0xf5, 0x0, 0x0, 0x0,
    0x8f, 0xf0, 0x2f, 0xf6, 0x0, 0x0, 0x0, 0x9f,
    0xf0, 0x1f, 0xf9, 0x0, 0x0, 0x0, 0xdf, 0xd0,
    0xc, 0xff, 0x30, 0x0, 0x5, 0xff, 0x90, 0x4,
    0xff, 0xf9, 0x66, 0xaf, 0xff, 0x10, 0x0, 0x7f,
    0xff, 0xff, 0xff, 0xf4, 0x0, 0x0, 0x3, 0xad,
    0xff, 0xd8, 0x10, 0x0,

    /* U+016F "ů" */
    0x0, 0x0, 0x7d, 0xb2, 0x0, 0x0, 0x0, 0x4d,
    0x38, 0xc0, 0x0, 0x0, 0x8, 0x80, 0xf, 0x0,
    0x0, 0x0, 0x6c, 0x4, 0xe0, 0x0, 0x0, 0x0,
    0xaf, 0xe4, 0x0, 0x0, 0x0, 0x0, 0x0, 0x0,
    0x0, 0x7f, 0xf1, 0x0, 0x0, 0x8f, 0xf7, 0xff,
    0x10, 0x0, 0x8, 0xff, 0x7f, 0xf1, 0x0, 0x0,
    0x8f, 0xf7, 0xff, 0x10, 0x0, 0x8, 0xff, 0x7f,
    0xf1, 0x0, 0x0, 0x8f, 0xf7, 0xff, 0x10, 0x0,
    0x8, 0xff, 0x6f, 0xf2, 0x0, 0x0, 0xaf, 0xf4,
    0xff, 0x60, 0x0, 0x1f, 0xff, 0x1f, 0xff, 0x74,
    0x6e, 0xff, 0xf0, 0x6f, 0xff, 0xff, 0xfd, 0xff,
    0x0, 0x4b, 0xff, 0xc5, 0x6f, 0xf0,

    /* U+0170 "Ű" */
    0x0, 0x0, 0x6, 0xca, 0xa, 0xc7, 0x0, 0x0,
    0x0, 0x1f, 0xf3, 0x5f, 0xd1, 0x0, 0x0, 0x0,
    0xaf, 0x60, 0xdf, 0x30, 0x0, 0x0, 0x0, 0x0,
    0x0, 0x0, 0x0, 0x0, 0x0, 0x0, 0x0, 0x0,
    0x0, 0x0, 0x0, 0x3f, 0xf5, 0x0, 0x0, 0x0,
    0x8f, 0xf0, 0x3f, 0xf5, 0x0, 0x0, 0x0, 0x8f,
    0xf0, 0x3f, 0xf5, 0x0, 0x0, 0x0, 0x8f, 0xf0,
    0x3f, 0xf5, 0x0, 0x0, 0x0, 0x8f, 0xf0, 0x3f,
    0xf5, 0x0, 0x0, 0x0, 0x8f, 0xf0, 0x3f, 0xf5,
    0x0, 0x0, 0x0, 0x8f, 0xf0, 0x3f, 0xf5, 0x0,
    0x0, 0x0, 0x8f, 0xf0, 0x3f, 0xf5, 0x0, 0x0,
    0x0, 0x8f, 0xf0, 0x2f, 0xf6, 0x0, 0x0, 0x0,
    0x9f, 0xf0, 0x1f, 0xf9, 0x0, 0x0, 0x0, 0xdf,
    0xd0, 0xc, 0xff, 0x30, 0x0, 0x5, 0xff, 0x90,
    0x4, 0xff, 0xf9, 0x66, 0xaf, 0xff, 0x10, 0x0,
    0x7f, 0xff, 0xff, 0xff, 0xf4, 0x0, 0x0, 0x3,
    0xad, 0xff, 0xd8, 0x10, 0x0,

    /* U+0171 "ű" */
    0x0, 0x0, 0xcf, 0xa1, 0xff, 0x60, 0x0, 0x5f,
    0xd0, 0x9f, 0x90, 0x0, 0xa, 0xc2, 0x1c, 0xb0,
    0x0, 0x0, 0x0, 0x0, 0x0, 0x0, 0x7f, 0xf1,
    0x0, 0x0, 0x8f, 0xf7, 0xff, 0x10, 0x0, 0x8,
    0xff, 0x7f, 0xf1, 0x0, 0x0, 0x8f, 0xf7, 0xff,
    0x10, 0x0, 0x8, 0xff, 0x7f, 0xf1, 0x0, 0x0,
    0x8f, 0xf7, 0xff, 0x10, 0x0, 0x8, 0xff, 0x6f,
    0xf2, 0x0, 0x0, 0xaf, 0xf4, 0xff, 0x60, 0x0,
    0x1f, 0xff, 0x1f, 0xff, 0x74, 0x6e, 0xff, 0xf0,
    0x6f, 0xff, 0xff, 0xfd, 0xff, 0x0, 0x4b, 0xff,
    0xc5, 0x6f, 0xf0,

    /* U+0172 "Ų" */
    0x3f, 0xf5, 0x0, 0x0, 0x0, 0x8f, 0xf0, 0x3f,
    0xf5, 0x0, 0x0, 0x0, 0x8f, 0xf0, 0x3f, 0xf5,
    0x0, 0x0, 0x0, 0x8f, 0xf0, 0x3f, 0xf5, 0x0,
    0x0, 0x0, 0x8f, 0xf0, 0x3f, 0xf5, 0x0, 0x0,
    0x0, 0x8f, 0xf0, 0x3f, 0xf5, 0x0, 0x0, 0x0,
    0x8f, 0xf0, 0x3f, 0xf5, 0x0, 0x0, 0x0, 0x8f,
    0xf0, 0x3f, 0xf5, 0x0, 0x0, 0x0, 0x8f, 0xf0,
    0x3f, 0xf6, 0x0, 0x0, 0x0, 0x9f, 0xf0, 0x2f,
    0xf7, 0x0, 0x0, 0x0, 0xaf, 0xe0, 0xf, 0xfc,
    0x0, 0x0, 0x0, 0xef, 0xb0, 0x9, 0xff, 0x70,
    0x0, 0x9, 0xff, 0x60, 0x1, 0xff, 0xfd, 0xaa,
    0xef, 0xfc, 0x0, 0x0, 0x3e, 0xff, 0xff, 0xff,
    0xb1, 0x0, 0x0, 0x0, 0x6a, 0xff, 0xc4, 0x0,
    0x0, 0x0, 0x0, 0x9, 0xf6, 0x0, 0x0, 0x0,
    0x0, 0x0, 0x1f, 0xa0, 0x0, 0x0, 0x0, 0x0,
    0x0, 0x1f, 0xc2, 0x30, 0x0, 0x0, 0x0, 0x0,
    0x8, 0xff, 0xf3, 0x0, 0x0, 0x0, 0x0, 0x0,
    0x23, 0x10, 0x0, 0x0,

    /* U+0173 "ų" */
    0x7f, 0xf1, 0x0, 0x0, 0x8f, 0xf0, 0x7f, 0xf1,
    0x0, 0x0, 0x8f, 0xf0, 0x7f, 0xf1, 0x0, 0x0,
    0x8f, 0xf0, 0x7f, 0xf1, 0x0, 0x0, 0x8f, 0xf0,
    0x7f, 0xf1, 0x0, 0x0, 0x8f, 0xf0, 0x7f, 0xf1,
    0x0, 0x0, 0x8f, 0xf0, 0x6f, 0xf2, 0x0, 0x0,
    0xaf, 0xf0, 0x4f, 0xf6, 0x0, 0x1, 0xff, 0xf0,
    0x1f, 0xff, 0x74, 0x6e, 0xff, 0xf0, 0x6, 0xff,
    0xff, 0xff, 0xdf, 0xf0, 0x0, 0x4b, 0xff, 0xc5,
    0x9f, 0xf0, 0x0, 0x0, 0x0, 0x4, 0xfb, 0x10,
    0x0, 0x0, 0x0, 0xe, 0xc0, 0x0, 0x0, 0x0,
    0x0, 0xf, 0xd3, 0x30, 0x0, 0x0, 0x0, 0x7,
    0xff, 0xf4, 0x0, 0x0, 0x0, 0x0, 0x13, 0x20,

    /* U+0174 "Ŵ" */
    0x0, 0x0, 0x0, 0x0, 0x4, 0xff, 0xe3, 0x0,
    0x0, 0x0, 0x0, 0x0, 0x0, 0x0, 0x0, 0x5,
    0xfd, 0x5e, 0xf4, 0x0, 0x0, 0x0, 0x0, 0x0,
    0x0, 0x0, 0x0, 0x77, 0x0, 0x17, 0x70, 0x0,
    0x0, 0x0, 0x0, 0x0, 0x0, 0x0, 0x0, 0x0,
    0x0, 0x0, 0x0, 0x0, 0x0, 0x0, 0x4f, 0xf6,
    0x0, 0x0, 0x0, 0xdf, 0xe0, 0x0, 0x0, 0x4,
    0xff, 0x20, 0xef, 0xb0, 0x0, 0x0, 0x2f, 0xff,
    0x30, 0x0, 0x0, 0xaf, 0xd0, 0xa, 0xff, 0x10,
    0x0, 0x8, 0xff, 0xf8, 0x0, 0x0, 0xf, 0xf8,
    0x0, 0x4f, 0xf6, 0x0, 0x0, 0xdf, 0xff, 0xe0,
    0x0, 0x5, 0xff, 0x20, 0x0, 0xff, 0xb0, 0x0,
    0x3f, 0xf6, 0xff, 0x30, 0x0, 0xaf, 0xd0, 0x0,
    0xa, 0xff, 0x0, 0x8, 0xfd, 0xe, 0xf8, 0x0,
    0xf, 0xf8, 0x0, 0x0, 0x4f, 0xf5, 0x0, 0xdf,
    0x80, 0x9f, 0xe0, 0x5, 0xff, 0x20, 0x0, 0x0,
    0xff, 0xb0, 0x3f, 0xf2, 0x3, 0xff, 0x30, 0xaf,
    0xd0, 0x0, 0x0, 0xa, 0xff, 0x8, 0xfd, 0x0,
    0xe, 0xf8, 0xf, 0xf8, 0x0, 0x0, 0x0, 0x4f,
    0xf5, 0xef, 0x70, 0x0, 0x9f, 0xe5, 0xff, 0x30,
    0x0, 0x0, 0x0, 0xff, 0xdf, 0xf2, 0x0, 0x3,
    0xff, 0xdf, 0xd0, 0x0, 0x0, 0x0, 0xa, 0xff,
    0xfc, 0x0, 0x0, 0xe, 0xff, 0xf8, 0x0, 0x0,
    0x0, 0x0, 0x4f, 0xff, 0x70, 0x0, 0x0, 0x9f,
    0xff, 0x30, 0x0, 0x0, 0x0, 0x0, 0xff, 0xf2,
    0x0, 0x0, 0x3, 0xff, 0xd0, 0x0, 0x0,

    /* U+0175 "ŵ" */
    0x0, 0x0, 0x0, 0x8, 0xff, 0xb0, 0x0, 0x0,
    0x0, 0x0, 0x0, 0x0, 0x8, 0xfb, 0x7f, 0xc0,
    0x0, 0x0, 0x0, 0x0, 0x0, 0x3, 0x97, 0x0,
    0x49, 0x60, 0x0, 0x0, 0x0, 0x0, 0x0, 0x0,
    0x0, 0x0, 0x0, 0x0, 0x0, 0x0, 0xbf, 0x90,
    0x0, 0x0, 0xff, 0x70, 0x0, 0x1, 0xff, 0x16,
    0xfe, 0x0, 0x0, 0x5f, 0xfd, 0x0, 0x0, 0x7f,
    0xc0, 0xf, 0xf4, 0x0, 0xb, 0xff, 0xf2, 0x0,
    0xc, 0xf6, 0x0, 0xaf, 0xa0, 0x1, 0xff, 0xdf,
    0x80, 0x2, 0xff, 0x10, 0x5, 0xff, 0x0, 0x6f,
    0xc6, 0xfe, 0x0, 0x8f, 0xa0, 0x0, 0xe, 0xf5,
    0xc, 0xf6, 0x1f, 0xf3, 0xd, 0xf5, 0x0, 0x0,
    0x9f, 0xb2, 0xff, 0x10, 0xaf, 0x93, 0xff, 0x0,
    0x0, 0x4, 0xff, 0x9f, 0xb0, 0x5, 0xfe, 0x9f,
    0x90, 0x0, 0x0, 0xe, 0xff, 0xf5, 0x0, 0xe,
    0xff, 0xf4, 0x0, 0x0, 0x0, 0x8f, 0xfe, 0x0,
    0x0, 0x9f, 0xfe, 0x0, 0x0, 0x0, 0x2, 0xff,
    0x90, 0x0, 0x3, 0xff, 0x80, 0x0, 0x0,

    /* U+0176 "Ŷ" */
    0x0, 0x0, 0x0, 0x23, 0x30, 0x0, 0x0, 0x0,
    0x0, 0x0, 0x3f, 0xff, 0x60, 0x0, 0x0, 0x0,
    0x0, 0x2e, 0xf6, 0xdf, 0x50, 0x0, 0x0, 0x0,
    0xa, 0xc3, 0x1, 0xbb, 0x10, 0x0, 0x0, 0x0,
    0x0, 0x0, 0x0, 0x0, 0x0, 0x0, 0xdf, 0xd0,
    0x0, 0x0, 0x0, 0x7f, 0xf2, 0x4, 0xff, 0x70,
    0x0, 0x0, 0x1f, 0xf7, 0x0, 0xa, 0xff, 0x20,
    0x0, 0xa, 0xfd, 0x0, 0x0, 0x1f, 0xfb, 0x0,
    0x4, 0xff, 0x40, 0x0, 0x0, 0x7f, 0xf4, 0x0,
    0xdf, 0xa0, 0x0, 0x0, 0x0, 0xdf, 0xd0, 0x8f,
    0xf1, 0x0, 0x0, 0x0, 0x4, 0xff, 0xaf, 0xf7,
    0x0, 0x0, 0x0, 0x0, 0xa, 0xff, 0xfd, 0x0,
    0x0, 0x0, 0x0, 0x0, 0x1f, 0xff, 0x40, 0x0,
    0x0, 0x0, 0x0, 0x0, 0xbf, 0xe0, 0x0, 0x0,
    0x0, 0x0, 0x0, 0xb, 0xfe, 0x0, 0x0, 0x0,
    0x0, 0x0, 0x0, 0xbf, 0xe0, 0x0, 0x0, 0x0,
    0x0, 0x0, 0xb, 0xfe, 0x0, 0x0, 0x0, 0x0,
    0x0, 0x0, 0xbf, 0xe0, 0x0, 0x0, 0x0,

    /* U+0177 "ŷ" */
    0x0, 0x0, 0x3e, 0xff, 0x30, 0x0, 0x0, 0x0,
    0x3f, 0xe6, 0xef, 0x40, 0x0, 0x0, 0x8, 0x91,
    0x1, 0x88, 0x0, 0x0, 0x0, 0x0, 0x0, 0x0,
    0x0, 0x0, 0xd, 0xfb, 0x0, 0x0, 0x0, 0xef,
    0x60, 0x7f, 0xf2, 0x0, 0x0, 0x6f, 0xf0, 0x1,
    0xff, 0x80, 0x0, 0xc, 0xf9, 0x0, 0x9, 0xfe,
    0x0, 0x3, 0xff, 0x20, 0x0, 0x2f, 0xf5, 0x0,
    0xaf, 0xb0, 0x0, 0x0, 0xcf, 0xc0, 0x1f, 0xf4,
    0x0, 0x0, 0x5, 0xff, 0x37, 0xfd, 0x0, 0x0,
    0x0, 0xe, 0xfa, 0xef, 0x70, 0x0, 0x0, 0x0,
    0x7f, 0xff, 0xf1, 0x0, 0x0, 0x0, 0x1, 0xff,
    0xf9, 0x0, 0x0, 0x0, 0x0, 0x9, 0xff, 0x20,
    0x0, 0x0, 0x0, 0x0, 0xbf, 0xc0, 0x0, 0x0,
    0x7, 0x52, 0x7f, 0xf4, 0x0, 0x0, 0x1, 0xff,
    0xff, 0xfb, 0x0, 0x0, 0x0, 0x7, 0xdf, 0xd7,
    0x0, 0x0, 0x0, 0x0,

    /* U+0178 "Ÿ" */
    0x0, 0x0, 0x3e, 0x80, 0x5f, 0x70, 0x0, 0x0,
    0x0, 0x7, 0xfc, 0x9, 0xfa, 0x0, 0x0, 0x0,
    0x0, 0x6, 0x20, 0x16, 0x10, 0x0, 0x0, 0x0,
    0x0, 0x0, 0x0, 0x0, 0x0, 0x0, 0xd, 0xfd,
    0x0, 0x0, 0x0, 0x7, 0xff, 0x20, 0x4f, 0xf7,
    0x0, 0x0, 0x1, 0xff, 0x70, 0x0, 0xaf, 0xf2,
    0x0, 0x0, 0xaf, 0xd0, 0x0, 0x1, 0xff, 0xb0,
    0x0, 0x4f, 0xf4, 0x0, 0x0, 0x7, 0xff, 0x40,
    0xd, 0xfa, 0x0, 0x0, 0x0, 0xd, 0xfd, 0x8,
    0xff, 0x10, 0x0, 0x0, 0x0, 0x4f, 0xfa, 0xff,
    0x70, 0x0, 0x0, 0x0, 0x0, 0xaf, 0xff, 0xd0,
    0x0, 0x0, 0x0, 0x0, 0x1, 0xff, 0xf4, 0x0,
    0x0, 0x0, 0x0, 0x0, 0xb, 0xfe, 0x0, 0x0,
    0x0, 0x0, 0x0, 0x0, 0xbf, 0xe0, 0x0, 0x0,
    0x0, 0x0, 0x0, 0xb, 0xfe, 0x0, 0x0, 0x0,
    0x0, 0x0, 0x0, 0xbf, 0xe0, 0x0, 0x0, 0x0,
    0x0, 0x0, 0xb, 0xfe, 0x0, 0x0, 0x0,

    /* U+0179 "Ź" */
    0x0, 0x0, 0x0, 0xb, 0xfd, 0x30, 0x0, 0x0,
    0x0, 0xb, 0xfa, 0x0, 0x0, 0x0, 0x0, 0x4,
    0x85, 0x0, 0x0, 0x0, 0x0, 0x0, 0x0, 0x0,
    0x0, 0x0, 0xf, 0xff, 0xff, 0xff, 0xff, 0xff,
    0x80, 0xff, 0xff, 0xff, 0xff, 0xff, 0xf7, 0x4,
    0x44, 0x44, 0x44, 0x7f, 0xfd, 0x0, 0x0, 0x0,
    0x0, 0x1e, 0xfe, 0x20, 0x0, 0x0, 0x0, 0xc,
    0xff, 0x40, 0x0, 0x0, 0x0, 0x9, 0xff, 0x60,
    0x0, 0x0, 0x0, 0x7, 0xff, 0x90, 0x0, 0x0,
    0x0, 0x4, 0xff, 0xc0, 0x0, 0x0, 0x0, 0x2,
    0xff, 0xe1, 0x0, 0x0, 0x0, 0x1, 0xdf, 0xf2,
    0x0, 0x0, 0x0, 0x0, 0xbf, 0xf5, 0x0, 0x0,
    0x0, 0x0, 0x9f, 0xfa, 0x33, 0x33, 0x33, 0x32,
    0x2f, 0xff, 0xff, 0xff, 0xff, 0xff, 0xc3, 0xff,
    0xff, 0xff, 0xff, 0xff, 0xfc,

    /* U+017A "ź" */
    0x0, 0x0, 0x3, 0xef, 0x90, 0x0, 0x0, 0x3f,
    0xf5, 0x0, 0x0, 0x0, 0x89, 0x20, 0x0, 0x0,
    0x0, 0x0, 0x0, 0x0, 0x2f, 0xff, 0xff, 0xff,
    0xfd, 0x2f, 0xff, 0xff, 0xff, 0xfc, 0x0, 0x0,
    0x0, 0xbf, 0xf2, 0x0, 0x0, 0x8, 0xff, 0x40,
    0x0, 0x0, 0x5f, 0xf7, 0x0, 0x0, 0x2, 0xff,
    0xb0, 0x0, 0x0, 0x1d, 0xfd, 0x0, 0x0, 0x0,
    0xbf, 0xf2, 0x0, 0x0, 0x8, 0xff, 0x50, 0x0,
    0x0, 0x2f, 0xff, 0xff, 0xff, 0xff, 0x3f, 0xff,
    0xff, 0xff, 0xff,

    /* U+017B "Ż" */
    0x0, 0x0, 0x3, 0xda, 0x0, 0x0, 0x0, 0x0,
    0x0, 0x9f, 0xf2, 0x0, 0x0, 0x0, 0x0, 0x4,
    0xec, 0x0, 0x0, 0x0, 0x0, 0x0, 0x0, 0x0,
    0x0, 0x0, 0x0, 0x0, 0x0, 0x0, 0x0, 0x0,
    0x0, 0xff, 0xff, 0xff, 0xff, 0xff, 0xf8, 0xf,
    0xff, 0xff, 0xff, 0xff, 0xff, 0x70, 0x44, 0x44,
    0x44, 0x47, 0xff, 0xd0, 0x0, 0x0, 0x0, 0x1,
    0xef, 0xe2, 0x0, 0x0, 0x0, 0x0, 0xcf, 0xf4,
    0x0, 0x0, 0x0, 0x0, 0x9f, 0xf6, 0x0, 0x0,
    0x0, 0x0, 0x7f, 0xf9, 0x0, 0x0, 0x0, 0x0,
    0x4f, 0xfc, 0x0, 0x0, 0x0, 0x0, 0x2f, 0xfe,
    0x10, 0x0, 0x0, 0x0, 0x1d, 0xff, 0x20, 0x0,
    0x0, 0x0, 0xb, 0xff, 0x50, 0x0, 0x0, 0x0,
    0x9, 0xff, 0xa3, 0x33, 0x33, 0x33, 0x22, 0xff,
    0xff, 0xff, 0xff, 0xff, 0xfc, 0x3f, 0xff, 0xff,
    0xff, 0xff, 0xff, 0xc0,

    /* U+017C "ż" */
    0x0, 0x0, 0x37, 0x10, 0x0, 0x0, 0x0, 0xff,
    0xa0, 0x0, 0x0, 0x0, 0xef, 0xa0, 0x0, 0x0,
    0x0, 0x25, 0x0, 0x0, 0x0, 0x0, 0x0, 0x0,
    0x0, 0x2f, 0xff, 0xff, 0xff, 0xfd, 0x2f, 0xff,
    0xff, 0xff, 0xfc, 0x0, 0x0, 0x0, 0xbf, 0xf2,
    0x0, 0x0, 0x8, 0xff, 0x40, 0x0, 0x0, 0x5f,
    0xf7, 0x0, 0x0, 0x2, 0xff, 0xb0, 0x0, 0x0,
    0x1d, 0xfd, 0x0, 0x0, 0x0, 0xbf, 0xf2, 0x0,
    0x0, 0x8, 0xff, 0x50, 0x0, 0x0, 0x2f, 0xff,
    0xff, 0xff, 0xff, 0x3f, 0xff, 0xff, 0xff, 0xff,

    /* U+017D "Ž" */
    0x0, 0x7, 0xfa, 0x3, 0xee, 0x20, 0x0, 0x0,
    0x6, 0xfe, 0xfd, 0x20, 0x0, 0x0, 0x0, 0x4,
    0x87, 0x10, 0x0, 0x0, 0x0, 0x0, 0x0, 0x0,
    0x0, 0x0, 0xf, 0xff, 0xff, 0xff, 0xff, 0xff,
    0x80, 0xff, 0xff, 0xff, 0xff, 0xff, 0xf7, 0x4,
    0x44, 0x44, 0x44, 0x7f, 0xfd, 0x0, 0x0, 0x0,
    0x0, 0x1e, 0xfe, 0x20, 0x0, 0x0, 0x0, 0xc,
    0xff, 0x40, 0x0, 0x0, 0x0, 0x9, 0xff, 0x60,
    0x0, 0x0, 0x0, 0x7, 0xff, 0x90, 0x0, 0x0,
    0x0, 0x4, 0xff, 0xc0, 0x0, 0x0, 0x0, 0x2,
    0xff, 0xe1, 0x0, 0x0, 0x0, 0x1, 0xdf, 0xf2,
    0x0, 0x0, 0x0, 0x0, 0xbf, 0xf5, 0x0, 0x0,
    0x0, 0x0, 0x9f, 0xfa, 0x33, 0x33, 0x33, 0x32,
    0x2f, 0xff, 0xff, 0xff, 0xff, 0xff, 0xc3, 0xff,
    0xff, 0xff, 0xff, 0xff, 0xfc,

    /* U+017E "ž" */
    0x1, 0xde, 0x40, 0x8f, 0xa0, 0x0, 0x1d, 0xfd,
    0xf9, 0x0, 0x0, 0x1, 0x99, 0x70, 0x0, 0x0,
    0x0, 0x0, 0x0, 0x0, 0x2f, 0xff, 0xff, 0xff,
    0xfd, 0x2f, 0xff, 0xff, 0xff, 0xfc, 0x0, 0x0,
    0x0, 0xbf, 0xf2, 0x0, 0x0, 0x8, 0xff, 0x40,
    0x0, 0x0, 0x5f, 0xf7, 0x0, 0x0, 0x2, 0xff,
    0xb0, 0x0, 0x0, 0x1d, 0xfd, 0x0, 0x0, 0x0,
    0xbf, 0xf2, 0x0, 0x0, 0x8, 0xff, 0x50, 0x0,
    0x0, 0x2f, 0xff, 0xff, 0xff, 0xff, 0x3f, 0xff,
    0xff, 0xff, 0xff,

    /* U+017F "ſ" */
    0x0, 0x4, 0xce, 0xfb, 0x10, 0x3, 0xff, 0xff,
    0xe0, 0x0, 0xaf, 0xf4, 0x13, 0x0, 0xc, 0xfb,
    0x0, 0x0, 0x9f, 0xff, 0xb0, 0x0, 0x9, 0xff,
    0xfb, 0x0, 0x0, 0x0, 0xdf, 0xb0, 0x0, 0x0,
    0xd, 0xfb, 0x0, 0x0, 0x0, 0xdf, 0xb0, 0x0,
    0x0, 0xd, 0xfb, 0x0, 0x0, 0x0, 0xdf, 0xb0,
    0x0, 0x0, 0xd, 0xfb, 0x0, 0x0, 0x0, 0xdf,
    0xb0, 0x0, 0x0, 0xd, 0xfb, 0x0, 0x0, 0x0,
    0xdf, 0xb0, 0x0, 0x0,

    /* U+2026 "…" */
    0x1, 0x51, 0x0, 0x15, 0x0, 0x1, 0x50, 0x0,
    0xef, 0xd0, 0xe, 0xfd, 0x0, 0xef, 0xd0, 0x2f,
    0xff, 0x2, 0xff, 0xf0, 0x2f, 0xff, 0x0, 0xaf,
    0x80, 0xa, 0xf8, 0x0, 0xaf, 0x80
};


/*---------------------
 *  GLYPH DESCRIPTION
 *--------------------*/

static const lv_font_fmt_txt_glyph_dsc_t glyph_dsc[] = {
    {.bitmap_index = 0, .adv_w = 0, .box_w = 0, .box_h = 0, .ofs_x = 0, .ofs_y = 0} /* id = 0 reserved */,
    {.bitmap_index = 0, .adv_w = 88, .box_w = 0, .box_h = 0, .ofs_x = 0, .ofs_y = 0},
    {.bitmap_index = 0, .adv_w = 89, .box_w = 4, .box_h = 14, .ofs_x = 1, .ofs_y = 0},
    {.bitmap_index = 28, .adv_w = 132, .box_w = 7, .box_h = 6, .ofs_x = 1, .ofs_y = 8},
    {.bitmap_index = 49, .adv_w = 228, .box_w = 14, .box_h = 14, .ofs_x = 0, .ofs_y = 0},
    {.bitmap_index = 147, .adv_w = 201, .box_w = 12, .box_h = 20, .ofs_x = 0, .ofs_y = -3},
    {.bitmap_index = 267, .adv_w = 275, .box_w = 17, .box_h = 14, .ofs_x = 0, .ofs_y = 0},
    {.bitmap_index = 386, .adv_w = 226, .box_w = 14, .box_h = 15, .ofs_x = 0, .ofs_y = -1},
    {.bitmap_index = 491, .adv_w = 70, .box_w = 3, .box_h = 6, .ofs_x = 1, .ofs_y = 8},
    {.bitmap_index = 500, .adv_w = 111, .box_w = 6, .box_h = 19, .ofs_x = 1, .ofs_y = -4},
    {.bitmap_index = 557, .adv_w = 111, .box_w = 6, .box_h = 19, .ofs_x = 0, .ofs_y = -4},
    {.bitmap_index = 614, .adv_w = 133, .box_w = 8, .box_h = 8, .ofs_x = 0, .ofs_y = 7},
    {.bitmap_index = 646, .adv_w = 189, .box_w = 10, .box_h = 10, .ofs_x = 1, .ofs_y = 3},
    {.bitmap_index = 696, .adv_w = 78, .box_w = 5, .box_h = 7, .ofs_x = 0, .ofs_y = -3},
    {.bitmap_index = 714, .adv_w = 123, .box_w = 6, .box_h = 3, .ofs_x = 1, .ofs_y = 5},
    {.bitmap_index = 723, .adv_w = 78, .box_w = 5, .box_h = 4, .ofs_x = 0, .ofs_y = 0},
    {.bitmap_index = 733, .adv_w = 119, .box_w = 10, .box_h = 19, .ofs_x = -1, .ofs_y = -2},
    {.bitmap_index = 828, .adv_w = 215, .box_w = 13, .box_h = 14, .ofs_x = 0, .ofs_y = 0},
    {.bitmap_index = 919, .adv_w = 122, .box_w = 6, .box_h = 14, .ofs_x = 0, .ofs_y = 0},
    {.bitmap_index = 961, .adv_w = 186, .box_w = 12, .box_h = 14, .ofs_x = 0, .ofs_y = 0},
    {.bitmap_index = 1045, .adv_w = 186, .box_w = 11, .box_h = 14, .ofs_x = 0, .ofs_y = 0},
    {.bitmap_index = 1122, .adv_w = 217, .box_w = 14, .box_h = 14, .ofs_x = 0, .ofs_y = 0},
    {.bitmap_index = 1220, .adv_w = 187, .box_w = 12, .box_h = 14, .ofs_x = 0, .ofs_y = 0},
    {.bitmap_index = 1304, .adv_w = 201, .box_w = 13, .box_h = 14, .ofs_x = 0, .ofs_y = 0},
    {.bitmap_index = 1395, .adv_w = 195, .box_w = 12, .box_h = 14, .ofs_x = 0, .ofs_y = 0},
    {.bitmap_index = 1479, .adv_w = 209, .box_w = 13, .box_h = 14, .ofs_x = 0, .ofs_y = 0},
    {.bitmap_index = 1570, .adv_w = 201, .box_w = 12, .box_h = 14, .ofs_x = 0, .ofs_y = 0},
    {.bitmap_index = 1654, .adv_w = 78, .box_w = 5, .box_h = 11, .ofs_x = 0, .ofs_y = 0},
    {.bitmap_index = 1682, .adv_w = 78, .box_w = 5, .box_h = 14, .ofs_x = 0, .ofs_y = -3},
    {.bitmap_index = 1717, .adv_w = 189, .box_w = 10, .box_h = 10, .ofs_x = 1, .ofs_y = 2},
    {.bitmap_index = 1767, .adv_w = 189, .box_w = 10, .box_h = 7, .ofs_x = 1, .ofs_y = 4},
    {.bitmap_index = 1802, .adv_w = 189, .box_w = 10, .box_h = 10, .ofs_x = 1, .ofs_y = 2},
    {.bitmap_index = 1852, .adv_w = 186, .box_w = 11, .box_h = 14, .ofs_x = 0, .ofs_y = 0},
    {.bitmap_index = 1929, .adv_w = 331, .box_w = 20, .box_h = 18, .ofs_x = 0, .ofs_y = -4},
    {.bitmap_index = 2109, .adv_w = 240, .box_w = 17, .box_h = 14, .ofs_x = -1, .ofs_y = 0},
    {.bitmap_index = 2228, .adv_w = 244, .box_w = 14, .box_h = 14, .ofs_x = 1, .ofs_y = 0},
    {.bitmap_index = 2326, .adv_w = 230, .box_w = 14, .box_h = 14, .ofs_x = 0, .ofs_y = 0},
    {.bitmap_index = 2424, .adv_w = 264, .box_w = 15, .box_h = 14, .ofs_x = 1, .ofs_y = 0},
    {.bitmap_index = 2529, .adv_w = 214, .box_w = 12, .box_h = 14, .ofs_x = 1, .ofs_y = 0},
    {.bitmap_index = 2613, .adv_w = 204, .box_w = 12, .box_h = 14, .ofs_x = 1, .ofs_y = 0},
    {.bitmap_index = 2697, .adv_w = 247, .box_w = 15, .box_h = 14, .ofs_x = 0, .ofs_y = 0},
    {.bitmap_index = 2802, .adv_w = 259, .box_w = 14, .box_h = 14, .ofs_x = 1, .ofs_y = 0},
    {.bitmap_index = 2900, .adv_w = 102, .box_w = 4, .box_h = 14, .ofs_x = 1, .ofs_y = 0},
    {.bitmap_index = 2928, .adv_w = 169, .box_w = 10, .box_h = 14, .ofs_x = -1, .ofs_y = 0},
    {.bitmap_index = 2998, .adv_w = 233, .box_w = 14, .box_h = 14, .ofs_x = 1, .ofs_y = 0},
    {.bitmap_index = 3096, .adv_w = 192, .box_w = 11, .box_h = 14, .ofs_x = 1, .ofs_y = 0},
    {.bitmap_index = 3173, .adv_w = 306, .box_w = 17, .box_h = 14, .ofs_x = 1, .ofs_y = 0},
    {.bitmap_index = 3292, .adv_w = 259, .box_w = 14, .box_h = 14, .ofs_x = 1, .ofs_y = 0},
    {.bitmap_index = 3390, .adv_w = 269, .box_w = 16, .box_h = 14, .ofs_x = 0, .ofs_y = 0},
    {.bitmap_index = 3502, .adv_w = 232, .box_w = 13, .box_h = 14, .ofs_x = 1, .ofs_y = 0},
    {.bitmap_index = 3593, .adv_w = 269, .box_w = 17, .box_h = 18, .ofs_x = 0, .ofs_y = -4},
    {.bitmap_index = 3746, .adv_w = 234, .box_w = 13, .box_h = 14, .ofs_x = 1, .ofs_y = 0},
    {.bitmap_index = 3837, .adv_w = 201, .box_w = 12, .box_h = 14, .ofs_x = 0, .ofs_y = 0},
    {.bitmap_index = 3921, .adv_w = 193, .box_w = 12, .box_h = 14, .ofs_x = 0, .ofs_y = 0},
    {.bitmap_index = 4005, .adv_w = 252, .box_w = 14, .box_h = 14, .ofs_x = 1, .ofs_y = 0},
    {.bitmap_index = 4103, .adv_w = 233, .box_w = 16, .box_h = 14, .ofs_x = -1, .ofs_y = 0},
    {.bitmap_index = 4215, .adv_w = 366, .box_w = 23, .box_h = 14, .ofs_x = 0, .ofs_y = 0},
    {.bitmap_index = 4376, .adv_w = 222, .box_w = 14, .box_h = 14, .ofs_x = 0, .ofs_y = 0},
    {.bitmap_index = 4474, .adv_w = 212, .box_w = 15, .box_h = 14, .ofs_x = -1, .ofs_y = 0},
    {.bitmap_index = 4579, .adv_w = 212, .box_w = 13, .box_h = 14, .ofs_x = 0, .ofs_y = 0},
    {.bitmap_index = 4670, .adv_w = 112, .box_w = 6, .box_h = 19, .ofs_x = 1, .ofs_y = -4},
    {.bitmap_index = 4727, .adv_w = 119, .box_w = 10, .box_h = 19, .ofs_x = -1, .ofs_y = -2},
    {.bitmap_index = 4822, .adv_w = 112, .box_w = 6, .box_h = 19, .ofs_x = 0, .ofs_y = -4},
    {.bitmap_index = 4879, .adv_w = 189, .box_w = 10, .box_h = 9, .ofs_x = 1, .ofs_y = 3},
    {.bitmap_index = 4924, .adv_w = 160, .box_w = 10, .box_h = 2, .ofs_x = 0, .ofs_y = -2},
    {.bitmap_index = 4934, .adv_w = 192, .box_w = 6, .box_h = 3, .ofs_x = 2, .ofs_y = 12},
    {.bitmap_index = 4943, .adv_w = 194, .box_w = 11, .box_h = 11, .ofs_x = 0, .ofs_y = 0},
    {.bitmap_index = 5004, .adv_w = 220, .box_w = 12, .box_h = 15, .ofs_x = 1, .ofs_y = 0},
    {.bitmap_index = 5094, .adv_w = 186, .box_w = 12, .box_h = 11, .ofs_x = 0, .ofs_y = 0},
    {.bitmap_index = 5160, .adv_w = 220, .box_w = 13, .box_h = 15, .ofs_x = 0, .ofs_y = 0},
    {.bitmap_index = 5258, .adv_w = 199, .box_w = 12, .box_h = 11, .ofs_x = 0, .ofs_y = 0},
    {.bitmap_index = 5324, .adv_w = 118, .box_w = 9, .box_h = 15, .ofs_x = 0, .ofs_y = 0},
    {.bitmap_index = 5392, .adv_w = 222, .box_w = 13, .box_h = 15, .ofs_x = 0, .ofs_y = -4},
    {.bitmap_index = 5490, .adv_w = 219, .box_w = 12, .box_h = 15, .ofs_x = 1, .ofs_y = 0},
    {.bitmap_index = 5580, .adv_w = 92, .box_w = 4, .box_h = 16, .ofs_x = 1, .ofs_y = 0},
    {.bitmap_index = 5612, .adv_w = 94, .box_w = 7, .box_h = 20, .ofs_x = -2, .ofs_y = -4},
    {.bitmap_index = 5682, .adv_w = 203, .box_w = 12, .box_h = 15, .ofs_x = 1, .ofs_y = 0},
    {.bitmap_index = 5772, .adv_w = 92, .box_w = 4, .box_h = 15, .ofs_x = 1, .ofs_y = 0},
    {.bitmap_index = 5802, .adv_w = 337, .box_w = 19, .box_h = 11, .ofs_x = 1, .ofs_y = 0},
    {.bitmap_index = 5907, .adv_w = 219, .box_w = 12, .box_h = 11, .ofs_x = 1, .ofs_y = 0},
    {.bitmap_index = 5973, .adv_w = 206, .box_w = 13, .box_h = 11, .ofs_x = 0, .ofs_y = 0},
    {.bitmap_index = 6045, .adv_w = 220, .box_w = 12, .box_h = 15, .ofs_x = 1, .ofs_y = -4},
    {.bitmap_index = 6135, .adv_w = 220, .box_w = 13, .box_h = 15, .ofs_x = 0, .ofs_y = -4},
    {.bitmap_index = 6233, .adv_w = 134, .box_w = 7, .box_h = 11, .ofs_x = 1, .ofs_y = 0},
    {.bitmap_index = 6272, .adv_w = 165, .box_w = 10, .box_h = 11, .ofs_x = 0, .ofs_y = 0},
    {.bitmap_index = 6327, .adv_w = 136, .box_w = 9, .box_h = 14, .ofs_x = 0, .ofs_y = 0},
    {.bitmap_index = 6390, .adv_w = 218, .box_w = 11, .box_h = 11, .ofs_x = 1, .ofs_y = 0},
    {.bitmap_index = 6451, .adv_w = 185, .box_w = 13, .box_h = 11, .ofs_x = -1, .ofs_y = 0},
    {.bitmap_index = 6523, .adv_w = 294, .box_w = 19, .box_h = 11, .ofs_x = 0, .ofs_y = 0},
    {.bitmap_index = 6628, .adv_w = 183, .box_w = 12, .box_h = 11, .ofs_x = 0, .ofs_y = 0},
    {.bitmap_index = 6694, .adv_w = 185, .box_w = 13, .box_h = 15, .ofs_x = -1, .ofs_y = -4},
    {.bitmap_index = 6792, .adv_w = 170, .box_w = 10, .box_h = 11, .ofs_x = 0, .ofs_y = 0},
    {.bitmap_index = 6847, .adv_w = 118, .box_w = 7, .box_h = 19, .ofs_x = 1, .ofs_y = -4},
    {.bitmap_index = 6914, .adv_w = 97, .box_w = 4, .box_h = 19, .ofs_x = 1, .ofs_y = -4},
    {.bitmap_index = 6952, .adv_w = 118, .box_w = 7, .box_h = 19, .ofs_x = 0, .ofs_y = -4},
    {.bitmap_index = 7019, .adv_w = 189, .box_w = 10, .box_h = 4, .ofs_x = 1, .ofs_y = 5},
    {.bitmap_index = 7039, .adv_w = 88, .box_w = 0, .box_h = 0, .ofs_x = 0, .ofs_y = 0},
    {.bitmap_index = 7039, .adv_w = 89, .box_w = 4, .box_h = 14, .ofs_x = 1, .ofs_y = -3},
    {.bitmap_index = 7067, .adv_w = 186, .box_w = 12, .box_h = 16, .ofs_x = 0, .ofs_y = -2},
    {.bitmap_index = 7163, .adv_w = 210, .box_w = 13, .box_h = 14, .ofs_x = 0, .ofs_y = 0},
    {.bitmap_index = 7254, .adv_w = 224, .box_w = 14, .box_h = 15, .ofs_x = 0, .ofs_y = -1},
    {.bitmap_index = 7359, .adv_w = 231, .box_w = 16, .box_h = 14, .ofs_x = -1, .ofs_y = 0},
    {.bitmap_index = 7471, .adv_w = 97, .box_w = 4, .box_h = 19, .ofs_x = 1, .ofs_y = -4},
    {.bitmap_index = 7509, .adv_w = 164, .box_w = 10, .box_h = 17, .ofs_x = 0, .ofs_y = -3},
    {.bitmap_index = 7594, .adv_w = 192, .box_w = 8, .box_h = 3, .ofs_x = 2, .ofs_y = 13},
    {.bitmap_index = 7606, .adv_w = 254, .box_w = 15, .box_h = 15, .ofs_x = 0, .ofs_y = -1},
    {.bitmap_index = 7719, .adv_w = 131, .box_w = 7, .box_h = 8, .ofs_x = 0, .ofs_y = 7},
    {.bitmap_index = 7747, .adv_w = 171, .box_w = 11, .box_h = 8, .ofs_x = 0, .ofs_y = 2},
    {.bitmap_index = 7791, .adv_w = 189, .box_w = 10, .box_h = 7, .ofs_x = 1, .ofs_y = 2},
    {.bitmap_index = 7826, .adv_w = 254, .box_w = 15, .box_h = 15, .ofs_x = 0, .ofs_y = -1},
    {.bitmap_index = 7939, .adv_w = 192, .box_w = 8, .box_h = 2, .ofs_x = 2, .ofs_y = 13},
    {.bitmap_index = 7947, .adv_w = 134, .box_w = 8, .box_h = 8, .ofs_x = 0, .ofs_y = 7},
    {.bitmap_index = 7979, .adv_w = 189, .box_w = 10, .box_h = 13, .ofs_x = 1, .ofs_y = 0},
    {.bitmap_index = 8044, .adv_w = 138, .box_w = 8, .box_h = 8, .ofs_x = 0, .ofs_y = 7},
    {.bitmap_index = 8076, .adv_w = 138, .box_w = 8, .box_h = 8, .ofs_x = 0, .ofs_y = 7},
    {.bitmap_index = 8108, .adv_w = 192, .box_w = 6, .box_h = 3, .ofs_x = 4, .ofs_y = 12},
    {.bitmap_index = 8117, .adv_w = 220, .box_w = 12, .box_h = 15, .ofs_x = 1, .ofs_y = -4},
    {.bitmap_index = 8207, .adv_w = 213, .box_w = 12, .box_h = 17, .ofs_x = 0, .ofs_y = -2},
    {.bitmap_index = 8309, .adv_w = 91, .box_w = 4, .box_h = 4, .ofs_x = 1, .ofs_y = 4},
    {.bitmap_index = 8317, .adv_w = 192, .box_w = 6, .box_h = 6, .ofs_x = 3, .ofs_y = -5},
    {.bitmap_index = 8335, .adv_w = 138, .box_w = 7, .box_h = 8, .ofs_x = 1, .ofs_y = 7},
    {.bitmap_index = 8363, .adv_w = 135, .box_w = 8, .box_h = 7, .ofs_x = 0, .ofs_y = 8},
    {.bitmap_index = 8391, .adv_w = 171, .box_w = 10, .box_h = 8, .ofs_x = 0, .ofs_y = 2},
    {.bitmap_index = 8431, .adv_w = 332, .box_w = 20, .box_h = 16, .ofs_x = 1, .ofs_y = -1},
    {.bitmap_index = 8591, .adv_w = 332, .box_w = 19, .box_h = 16, .ofs_x = 1, .ofs_y = -1},
    {.bitmap_index = 8743, .adv_w = 332, .box_w = 21, .box_h = 16, .ofs_x = 0, .ofs_y = -1},
    {.bitmap_index = 8911, .adv_w = 186, .box_w = 11, .box_h = 15, .ofs_x = 1, .ofs_y = -4},
    {.bitmap_index = 8994, .adv_w = 240, .box_w = 17, .box_h = 18, .ofs_x = -1, .ofs_y = 0},
    {.bitmap_index = 9147, .adv_w = 240, .box_w = 17, .box_h = 18, .ofs_x = -1, .ofs_y = 0},
    {.bitmap_index = 9300, .adv_w = 240, .box_w = 17, .box_h = 18, .ofs_x = -1, .ofs_y = 0},
    {.bitmap_index = 9453, .adv_w = 240, .box_w = 17, .box_h = 19, .ofs_x = -1, .ofs_y = 0},
    {.bitmap_index = 9615, .adv_w = 240, .box_w = 17, .box_h = 18, .ofs_x = -1, .ofs_y = 0},
    {.bitmap_index = 9768, .adv_w = 240, .box_w = 17, .box_h = 20, .ofs_x = -1, .ofs_y = 0},
    {.bitmap_index = 9938, .adv_w = 340, .box_w = 22, .box_h = 14, .ofs_x = -1, .ofs_y = 0},
    {.bitmap_index = 10092, .adv_w = 230, .box_w = 14, .box_h = 19, .ofs_x = 0, .ofs_y = -5},
    {.bitmap_index = 10225, .adv_w = 214, .box_w = 12, .box_h = 18, .ofs_x = 1, .ofs_y = 0},
    {.bitmap_index = 10333, .adv_w = 214, .box_w = 12, .box_h = 18, .ofs_x = 1, .ofs_y = 0},
    {.bitmap_index = 10441, .adv_w = 214, .box_w = 12, .box_h = 18, .ofs_x = 1, .ofs_y = 0},
    {.bitmap_index = 10549, .adv_w = 214, .box_w = 12, .box_h = 18, .ofs_x = 1, .ofs_y = 0},
    {.bitmap_index = 10657, .adv_w = 102, .box_w = 6, .box_h = 18, .ofs_x = -1, .ofs_y = 0},
    {.bitmap_index = 10711, .adv_w = 102, .box_w = 7, .box_h = 18, .ofs_x = 1, .ofs_y = 0},
    {.bitmap_index = 10774, .adv_w = 102, .box_w = 8, .box_h = 18, .ofs_x = -1, .ofs_y = 0},
    {.bitmap_index = 10846, .adv_w = 102, .box_w = 7, .box_h = 18, .ofs_x = 0, .ofs_y = 0},
    {.bitmap_index = 10909, .adv_w = 268, .box_w = 16, .box_h = 14, .ofs_x = 0, .ofs_y = 0},
    {.bitmap_index = 11021, .adv_w = 259, .box_w = 14, .box_h = 19, .ofs_x = 1, .ofs_y = 0},
    {.bitmap_index = 11154, .adv_w = 269, .box_w = 16, .box_h = 19, .ofs_x = 0, .ofs_y = 0},
    {.bitmap_index = 11306, .adv_w = 269, .box_w = 16, .box_h = 19, .ofs_x = 0, .ofs_y = 0},
    {.bitmap_index = 11458, .adv_w = 269, .box_w = 16, .box_h = 19, .ofs_x = 0, .ofs_y = 0},
    {.bitmap_index = 11610, .adv_w = 269, .box_w = 16, .box_h = 19, .ofs_x = 0, .ofs_y = 0},
    {.bitmap_index = 11762, .adv_w = 269, .box_w = 16, .box_h = 19, .ofs_x = 0, .ofs_y = 0},
    {.bitmap_index = 11914, .adv_w = 189, .box_w = 9, .box_h = 9, .ofs_x = 1, .ofs_y = 3},
    {.bitmap_index = 11955, .adv_w = 269, .box_w = 16, .box_h = 17, .ofs_x = 0, .ofs_y = -1},
    {.bitmap_index = 12091, .adv_w = 252, .box_w = 14, .box_h = 19, .ofs_x = 1, .ofs_y = 0},
    {.bitmap_index = 12224, .adv_w = 252, .box_w = 14, .box_h = 19, .ofs_x = 1, .ofs_y = 0},
    {.bitmap_index = 12357, .adv_w = 252, .box_w = 14, .box_h = 19, .ofs_x = 1, .ofs_y = 0},
    {.bitmap_index = 12490, .adv_w = 252, .box_w = 14, .box_h = 19, .ofs_x = 1, .ofs_y = 0},
    {.bitmap_index = 12623, .adv_w = 212, .box_w = 15, .box_h = 19, .ofs_x = -1, .ofs_y = 0},
    {.bitmap_index = 12766, .adv_w = 232, .box_w = 13, .box_h = 14, .ofs_x = 1, .ofs_y = 0},
    {.bitmap_index = 12857, .adv_w = 219, .box_w = 12, .box_h = 15, .ofs_x = 1, .ofs_y = 0},
    {.bitmap_index = 12947, .adv_w = 194, .box_w = 11, .box_h = 15, .ofs_x = 0, .ofs_y = 0},
    {.bitmap_index = 13030, .adv_w = 194, .box_w = 11, .box_h = 15, .ofs_x = 0, .ofs_y = 0},
    {.bitmap_index = 13113, .adv_w = 194, .box_w = 11, .box_h = 15, .ofs_x = 0, .ofs_y = 0},
    {.bitmap_index = 13196, .adv_w = 194, .box_w = 11, .box_h = 15, .ofs_x = 0, .ofs_y = 0},
    {.bitmap_index = 13279, .adv_w = 194, .box_w = 11, .box_h = 15, .ofs_x = 0, .ofs_y = 0},
    {.bitmap_index = 13362, .adv_w = 194, .box_w = 11, .box_h = 17, .ofs_x = 0, .ofs_y = 0},
    {.bitmap_index = 13456, .adv_w = 318, .box_w = 20, .box_h = 11, .ofs_x = 0, .ofs_y = 0},
    {.bitmap_index = 13566, .adv_w = 186, .box_w = 12, .box_h = 16, .ofs_x = 0, .ofs_y = -5},
    {.bitmap_index = 13662, .adv_w = 199, .box_w = 12, .box_h = 15, .ofs_x = 0, .ofs_y = 0},
    {.bitmap_index = 13752, .adv_w = 199, .box_w = 12, .box_h = 15, .ofs_x = 0, .ofs_y = 0},
    {.bitmap_index = 13842, .adv_w = 199, .box_w = 12, .box_h = 15, .ofs_x = 0, .ofs_y = 0},
    {.bitmap_index = 13932, .adv_w = 199, .box_w = 12, .box_h = 15, .ofs_x = 0, .ofs_y = 0},
    {.bitmap_index = 14022, .adv_w = 92, .box_w = 7, .box_h = 15, .ofs_x = -2, .ofs_y = 0},
    {.bitmap_index = 14075, .adv_w = 92, .box_w = 6, .box_h = 15, .ofs_x = 1, .ofs_y = 0},
    {.bitmap_index = 14120, .adv_w = 92, .box_w = 8, .box_h = 15, .ofs_x = -1, .ofs_y = 0},
    {.bitmap_index = 14180, .adv_w = 92, .box_w = 6, .box_h = 15, .ofs_x = 0, .ofs_y = 0},
    {.bitmap_index = 14225, .adv_w = 194, .box_w = 12, .box_h = 16, .ofs_x = 0, .ofs_y = 0},
    {.bitmap_index = 14321, .adv_w = 219, .box_w = 12, .box_h = 15, .ofs_x = 1, .ofs_y = 0},
    {.bitmap_index = 14411, .adv_w = 206, .box_w = 13, .box_h = 15, .ofs_x = 0, .ofs_y = 0},
    {.bitmap_index = 14509, .adv_w = 206, .box_w = 13, .box_h = 15, .ofs_x = 0, .ofs_y = 0},
    {.bitmap_index = 14607, .adv_w = 206, .box_w = 13, .box_h = 15, .ofs_x = 0, .ofs_y = 0},
    {.bitmap_index = 14705, .adv_w = 206, .box_w = 13, .box_h = 15, .ofs_x = 0, .ofs_y = 0},
    {.bitmap_index = 14803, .adv_w = 206, .box_w = 13, .box_h = 15, .ofs_x = 0, .ofs_y = 0},
    {.bitmap_index = 14901, .adv_w = 189, .box_w = 10, .box_h = 11, .ofs_x = 1, .ofs_y = 2},
    {.bitmap_index = 14956, .adv_w = 206, .box_w = 13, .box_h = 15, .ofs_x = 0, .ofs_y = -2},
    {.bitmap_index = 15054, .adv_w = 218, .box_w = 11, .box_h = 15, .ofs_x = 1, .ofs_y = 0},
    {.bitmap_index = 15137, .adv_w = 218, .box_w = 11, .box_h = 15, .ofs_x = 1, .ofs_y = 0},
    {.bitmap_index = 15220, .adv_w = 218, .box_w = 11, .box_h = 15, .ofs_x = 1, .ofs_y = 0},
    {.bitmap_index = 15303, .adv_w = 218, .box_w = 11, .box_h = 15, .ofs_x = 1, .ofs_y = 0},
    {.bitmap_index = 15386, .adv_w = 185, .box_w = 13, .box_h = 19, .ofs_x = -1, .ofs_y = -4},
    {.bitmap_index = 15510, .adv_w = 220, .box_w = 12, .box_h = 19, .ofs_x = 1, .ofs_y = -4},
    {.bitmap_index = 15624, .adv_w = 185, .box_w = 13, .box_h = 19, .ofs_x = -1, .ofs_y = -4},
    {.bitmap_index = 15748, .adv_w = 240, .box_w = 17, .box_h = 18, .ofs_x = -1, .ofs_y = 0},
    {.bitmap_index = 15901, .adv_w = 194, .box_w = 11, .box_h = 14, .ofs_x = 0, .ofs_y = 0},
    {.bitmap_index = 15978, .adv_w = 240, .box_w = 17, .box_h = 19, .ofs_x = -1, .ofs_y = 0},
    {.bitmap_index = 16140, .adv_w = 194, .box_w = 11, .box_h = 15, .ofs_x = 0, .ofs_y = 0},
    {.bitmap_index = 16223, .adv_w = 240, .box_w = 17, .box_h = 19, .ofs_x = -1, .ofs_y = -5},
    {.bitmap_index = 16385, .adv_w = 194, .box_w = 12, .box_h = 16, .ofs_x = 0, .ofs_y = -5},
    {.bitmap_index = 16481, .adv_w = 230, .box_w = 14, .box_h = 19, .ofs_x = 0, .ofs_y = 0},
    {.bitmap_index = 16614, .adv_w = 186, .box_w = 12, .box_h = 15, .ofs_x = 0, .ofs_y = 0},
    {.bitmap_index = 16704, .adv_w = 230, .box_w = 14, .box_h = 19, .ofs_x = 0, .ofs_y = 0},
    {.bitmap_index = 16837, .adv_w = 186, .box_w = 12, .box_h = 15, .ofs_x = 0, .ofs_y = 0},
    {.bitmap_index = 16927, .adv_w = 230, .box_w = 14, .box_h = 19, .ofs_x = 0, .ofs_y = 0},
    {.bitmap_index = 17060, .adv_w = 186, .box_w = 12, .box_h = 16, .ofs_x = 0, .ofs_y = 0},
    {.bitmap_index = 17156, .adv_w = 230, .box_w = 14, .box_h = 19, .ofs_x = 0, .ofs_y = 0},
    {.bitmap_index = 17289, .adv_w = 186, .box_w = 12, .box_h = 15, .ofs_x = 0, .ofs_y = 0},
    {.bitmap_index = 17379, .adv_w = 264, .box_w = 15, .box_h = 18, .ofs_x = 1, .ofs_y = 0},
    {.bitmap_index = 17514, .adv_w = 220, .box_w = 16, .box_h = 17, .ofs_x = 0, .ofs_y = 0},
    {.bitmap_index = 17650, .adv_w = 268, .box_w = 16, .box_h = 14, .ofs_x = 0, .ofs_y = 0},
    {.bitmap_index = 17762, .adv_w = 220, .box_w = 14, .box_h = 15, .ofs_x = 0, .ofs_y = 0},
    {.bitmap_index = 17867, .adv_w = 214, .box_w = 12, .box_h = 18, .ofs_x = 1, .ofs_y = 0},
    {.bitmap_index = 17975, .adv_w = 199, .box_w = 12, .box_h = 14, .ofs_x = 0, .ofs_y = 0},
    {.bitmap_index = 18059, .adv_w = 214, .box_w = 12, .box_h = 19, .ofs_x = 1, .ofs_y = 0},
    {.bitmap_index = 18173, .adv_w = 199, .box_w = 12, .box_h = 15, .ofs_x = 0, .ofs_y = 0},
    {.bitmap_index = 18263, .adv_w = 214, .box_w = 12, .box_h = 19, .ofs_x = 1, .ofs_y = 0},
    {.bitmap_index = 18377, .adv_w = 199, .box_w = 12, .box_h = 16, .ofs_x = 0, .ofs_y = 0},
    {.bitmap_index = 18473, .adv_w = 214, .box_w = 12, .box_h = 19, .ofs_x = 1, .ofs_y = -5},
    {.bitmap_index = 18587, .adv_w = 199, .box_w = 12, .box_h = 16, .ofs_x = 0, .ofs_y = -5},
    {.bitmap_index = 18683, .adv_w = 214, .box_w = 12, .box_h = 18, .ofs_x = 1, .ofs_y = 0},
    {.bitmap_index = 18791, .adv_w = 199, .box_w = 12, .box_h = 15, .ofs_x = 0, .ofs_y = 0},
    {.bitmap_index = 18881, .adv_w = 247, .box_w = 15, .box_h = 19, .ofs_x = 0, .ofs_y = 0},
    {.bitmap_index = 19024, .adv_w = 222, .box_w = 13, .box_h = 19, .ofs_x = 0, .ofs_y = -4},
    {.bitmap_index = 19148, .adv_w = 247, .box_w = 15, .box_h = 19, .ofs_x = 0, .ofs_y = 0},
    {.bitmap_index = 19291, .adv_w = 222, .box_w = 13, .box_h = 19, .ofs_x = 0, .ofs_y = -4},
    {.bitmap_index = 19415, .adv_w = 247, .box_w = 15, .box_h = 19, .ofs_x = 0, .ofs_y = 0},
    {.bitmap_index = 19558, .adv_w = 222, .box_w = 13, .box_h = 20, .ofs_x = 0, .ofs_y = -4},
    {.bitmap_index = 19688, .adv_w = 247, .box_w = 15, .box_h = 19, .ofs_x = 0, .ofs_y = -5},
    {.bitmap_index = 19831, .adv_w = 222, .box_w = 13, .box_h = 21, .ofs_x = 0, .ofs_y = -4},
    {.bitmap_index = 19968, .adv_w = 259, .box_w = 14, .box_h = 18, .ofs_x = 1, .ofs_y = 0},
    {.bitmap_index = 20094, .adv_w = 219, .box_w = 14, .box_h = 19, .ofs_x = -1, .ofs_y = 0},
    {.bitmap_index = 20227, .adv_w = 266, .box_w = 17, .box_h = 14, .ofs_x = 0, .ofs_y = 0},
    {.bitmap_index = 20346, .adv_w = 223, .box_w = 13, .box_h = 15, .ofs_x = 0, .ofs_y = 0},
    {.bitmap_index = 20444, .adv_w = 102, .box_w = 8, .box_h = 19, .ofs_x = -1, .ofs_y = 0},
    {.bitmap_index = 20520, .adv_w = 92, .box_w = 7, .box_h = 15, .ofs_x = -1, .ofs_y = 0},
    {.bitmap_index = 20573, .adv_w = 102, .box_w = 6, .box_h = 18, .ofs_x = 0, .ofs_y = 0},
    {.bitmap_index = 20627, .adv_w = 92, .box_w = 6, .box_h = 14, .ofs_x = 0, .ofs_y = 0},
    {.bitmap_index = 20669, .adv_w = 102, .box_w = 8, .box_h = 19, .ofs_x = -1, .ofs_y = 0},
    {.bitmap_index = 20745, .adv_w = 92, .box_w = 7, .box_h = 15, .ofs_x = -1, .ofs_y = 0},
    {.bitmap_index = 20798, .adv_w = 102, .box_w = 5, .box_h = 19, .ofs_x = 1, .ofs_y = -5},
    {.bitmap_index = 20846, .adv_w = 92, .box_w = 4, .box_h = 21, .ofs_x = 1, .ofs_y = -5},
    {.bitmap_index = 20888, .adv_w = 102, .box_w = 4, .box_h = 19, .ofs_x = 1, .ofs_y = 0},
    {.bitmap_index = 20926, .adv_w = 92, .box_w = 4, .box_h = 11, .ofs_x = 1, .ofs_y = 0},
    {.bitmap_index = 20948, .adv_w = 231, .box_w = 12, .box_h = 14, .ofs_x = 1, .ofs_y = 0},
    {.bitmap_index = 21032, .adv_w = 187, .box_w = 10, .box_h = 20, .ofs_x = 1, .ofs_y = -4},
    {.bitmap_index = 21132, .adv_w = 169, .box_w = 10, .box_h = 19, .ofs_x = -1, .ofs_y = 0},
    {.bitmap_index = 21227, .adv_w = 94, .box_w = 9, .box_h = 19, .ofs_x = -2, .ofs_y = -4},
    {.bitmap_index = 21313, .adv_w = 233, .box_w = 14, .box_h = 19, .ofs_x = 1, .ofs_y = -5},
    {.bitmap_index = 21446, .adv_w = 203, .box_w = 12, .box_h = 20, .ofs_x = 1, .ofs_y = -5},
    {.bitmap_index = 21566, .adv_w = 203, .box_w = 12, .box_h = 11, .ofs_x = 1, .ofs_y = 0},
    {.bitmap_index = 21632, .adv_w = 192, .box_w = 11, .box_h = 18, .ofs_x = 1, .ofs_y = 0},
    {.bitmap_index = 21731, .adv_w = 92, .box_w = 6, .box_h = 19, .ofs_x = 1, .ofs_y = 0},
    {.bitmap_index = 21788, .adv_w = 192, .box_w = 11, .box_h = 19, .ofs_x = 1, .ofs_y = -5},
    {.bitmap_index = 21893, .adv_w = 92, .box_w = 4, .box_h = 20, .ofs_x = 1, .ofs_y = -5},
    {.bitmap_index = 21933, .adv_w = 192, .box_w = 11, .box_h = 15, .ofs_x = 1, .ofs_y = 0},
    {.bitmap_index = 22016, .adv_w = 92, .box_w = 7, .box_h = 16, .ofs_x = 1, .ofs_y = 0},
    {.bitmap_index = 22072, .adv_w = 192, .box_w = 11, .box_h = 14, .ofs_x = 1, .ofs_y = 0},
    {.bitmap_index = 22149, .adv_w = 135, .box_w = 8, .box_h = 15, .ofs_x = 1, .ofs_y = 0},
    {.bitmap_index = 22209, .adv_w = 195, .box_w = 13, .box_h = 14, .ofs_x = -1, .ofs_y = 0},
    {.bitmap_index = 22300, .adv_w = 99, .box_w = 8, .box_h = 15, .ofs_x = -1, .ofs_y = 0},
    {.bitmap_index = 22360, .adv_w = 259, .box_w = 14, .box_h = 18, .ofs_x = 1, .ofs_y = 0},
    {.bitmap_index = 22486, .adv_w = 219, .box_w = 12, .box_h = 15, .ofs_x = 1, .ofs_y = 0},
    {.bitmap_index = 22576, .adv_w = 259, .box_w = 14, .box_h = 19, .ofs_x = 1, .ofs_y = -5},
    {.bitmap_index = 22709, .adv_w = 219, .box_w = 12, .box_h = 16, .ofs_x = 1, .ofs_y = -5},
    {.bitmap_index = 22805, .adv_w = 259, .box_w = 14, .box_h = 18, .ofs_x = 1, .ofs_y = 0},
    {.bitmap_index = 22931, .adv_w = 219, .box_w = 12, .box_h = 15, .ofs_x = 1, .ofs_y = 0},
    {.bitmap_index = 23021, .adv_w = 241, .box_w = 15, .box_h = 15, .ofs_x = -1, .ofs_y = 0},
    {.bitmap_index = 23134, .adv_w = 259, .box_w = 14, .box_h = 18, .ofs_x = 1, .ofs_y = -4},
    {.bitmap_index = 23260, .adv_w = 219, .box_w = 12, .box_h = 15, .ofs_x = 1, .ofs_y = -4},
    {.bitmap_index = 23350, .adv_w = 269, .box_w = 16, .box_h = 18, .ofs_x = 0, .ofs_y = 0},
    {.bitmap_index = 23494, .adv_w = 206, .box_w = 13, .box_h = 14, .ofs_x = 0, .ofs_y = 0},
    {.bitmap_index = 23585, .adv_w = 269, .box_w = 16, .box_h = 19, .ofs_x = 0, .ofs_y = 0},
    {.bitmap_index = 23737, .adv_w = 206, .box_w = 13, .box_h = 15, .ofs_x = 0, .ofs_y = 0},
    {.bitmap_index = 23835, .adv_w = 269, .box_w = 16, .box_h = 19, .ofs_x = 0, .ofs_y = 0},
    {.bitmap_index = 23987, .adv_w = 206, .box_w = 13, .box_h = 15, .ofs_x = 0, .ofs_y = 0},
    {.bitmap_index = 24085, .adv_w = 362, .box_w = 22, .box_h = 14, .ofs_x = 0, .ofs_y = 0},
    {.bitmap_index = 24239, .adv_w = 341, .box_w = 21, .box_h = 11, .ofs_x = 0, .ofs_y = 0},
    {.bitmap_index = 24355, .adv_w = 234, .box_w = 13, .box_h = 18, .ofs_x = 1, .ofs_y = 0},
    {.bitmap_index = 24472, .adv_w = 134, .box_w = 8, .box_h = 15, .ofs_x = 1, .ofs_y = 0},
    {.bitmap_index = 24532, .adv_w = 234, .box_w = 13, .box_h = 19, .ofs_x = 1, .ofs_y = -5},
    {.bitmap_index = 24656, .adv_w = 134, .box_w = 7, .box_h = 16, .ofs_x = 1, .ofs_y = -5},
    {.bitmap_index = 24712, .adv_w = 234, .box_w = 13, .box_h = 18, .ofs_x = 1, .ofs_y = 0},
    {.bitmap_index = 24829, .adv_w = 134, .box_w = 9, .box_h = 15, .ofs_x = 0, .ofs_y = 0},
    {.bitmap_index = 24897, .adv_w = 201, .box_w = 12, .box_h = 19, .ofs_x = 0, .ofs_y = 0},
    {.bitmap_index = 25011, .adv_w = 165, .box_w = 10, .box_h = 15, .ofs_x = 0, .ofs_y = 0},
    {.bitmap_index = 25086, .adv_w = 201, .box_w = 12, .box_h = 19, .ofs_x = 0, .ofs_y = 0},
    {.bitmap_index = 25200, .adv_w = 165, .box_w = 10, .box_h = 15, .ofs_x = 0, .ofs_y = 0},
    {.bitmap_index = 25275, .adv_w = 201, .box_w = 12, .box_h = 19, .ofs_x = 0, .ofs_y = -5},
    {.bitmap_index = 25389, .adv_w = 165, .box_w = 10, .box_h = 16, .ofs_x = 0, .ofs_y = -5},
    {.bitmap_index = 25469, .adv_w = 201, .box_w = 12, .box_h = 19, .ofs_x = 0, .ofs_y = 0},
    {.bitmap_index = 25583, .adv_w = 165, .box_w = 10, .box_h = 15, .ofs_x = 0, .ofs_y = 0},
    {.bitmap_index = 25658, .adv_w = 193, .box_w = 12, .box_h = 19, .ofs_x = 0, .ofs_y = -5},
    {.bitmap_index = 25772, .adv_w = 136, .box_w = 9, .box_h = 19, .ofs_x = 0, .ofs_y = -5},
    {.bitmap_index = 25858, .adv_w = 193, .box_w = 12, .box_h = 18, .ofs_x = 0, .ofs_y = 0},
    {.bitmap_index = 25966, .adv_w = 136, .box_w = 9, .box_h = 16, .ofs_x = 0, .ofs_y = 0},
    {.bitmap_index = 26038, .adv_w = 193, .box_w = 12, .box_h = 14, .ofs_x = 0, .ofs_y = 0},
    {.bitmap_index = 26122, .adv_w = 137, .box_w = 9, .box_h = 14, .ofs_x = 0, .ofs_y = 0},
    {.bitmap_index = 26185, .adv_w = 252, .box_w = 14, .box_h = 19, .ofs_x = 1, .ofs_y = 0},
    {.bitmap_index = 26318, .adv_w = 218, .box_w = 11, .box_h = 15, .ofs_x = 1, .ofs_y = 0},
    {.bitmap_index = 26401, .adv_w = 252, .box_w = 14, .box_h = 18, .ofs_x = 1, .ofs_y = 0},
    {.bitmap_index = 26527, .adv_w = 218, .box_w = 11, .box_h = 14, .ofs_x = 1, .ofs_y = 0},
    {.bitmap_index = 26604, .adv_w = 252, .box_w = 14, .box_h = 19, .ofs_x = 1, .ofs_y = 0},
    {.bitmap_index = 26737, .adv_w = 218, .box_w = 11, .box_h = 15, .ofs_x = 1, .ofs_y = 0},
    {.bitmap_index = 26820, .adv_w = 252, .box_w = 14, .box_h = 20, .ofs_x = 1, .ofs_y = 0},
    {.bitmap_index = 26960, .adv_w = 218, .box_w = 11, .box_h = 17, .ofs_x = 1, .ofs_y = 0},
    {.bitmap_index = 27054, .adv_w = 252, .box_w = 14, .box_h = 19, .ofs_x = 1, .ofs_y = 0},
    {.bitmap_index = 27187, .adv_w = 218, .box_w = 11, .box_h = 15, .ofs_x = 1, .ofs_y = 0},
    {.bitmap_index = 27270, .adv_w = 252, .box_w = 14, .box_h = 20, .ofs_x = 1, .ofs_y = -6},
    {.bitmap_index = 27410, .adv_w = 218, .box_w = 12, .box_h = 16, .ofs_x = 1, .ofs_y = -5},
    {.bitmap_index = 27506, .adv_w = 366, .box_w = 23, .box_h = 18, .ofs_x = 0, .ofs_y = 0},
    {.bitmap_index = 27713, .adv_w = 294, .box_w = 19, .box_h = 15, .ofs_x = 0, .ofs_y = 0},
    {.bitmap_index = 27856, .adv_w = 212, .box_w = 15, .box_h = 19, .ofs_x = -1, .ofs_y = 0},
    {.bitmap_index = 27999, .adv_w = 185, .box_w = 13, .box_h = 19, .ofs_x = -1, .ofs_y = -4},
    {.bitmap_index = 28123, .adv_w = 212, .box_w = 15, .box_h = 18, .ofs_x = -1, .ofs_y = 0},
    {.bitmap_index = 28258, .adv_w = 212, .box_w = 13, .box_h = 18, .ofs_x = 0, .ofs_y = 0},
    {.bitmap_index = 28375, .adv_w = 170, .box_w = 10, .box_h = 15, .ofs_x = 0, .ofs_y = 0},
    {.bitmap_index = 28450, .adv_w = 212, .box_w = 13, .box_h = 19, .ofs_x = 0, .ofs_y = 0},
    {.bitmap_index = 28574, .adv_w = 170, .box_w = 10, .box_h = 16, .ofs_x = 0, .ofs_y = 0},
    {.bitmap_index = 28654, .adv_w = 212, .box_w = 13, .box_h = 18, .ofs_x = 0, .ofs_y = 0},
    {.bitmap_index = 28771, .adv_w = 170, .box_w = 10, .box_h = 15, .ofs_x = 0, .ofs_y = 0},
    {.bitmap_index = 28846, .adv_w = 105, .box_w = 9, .box_h = 15, .ofs_x = 0, .ofs_y = 0},
    {.bitmap_index = 28914, .adv_w = 238, .box_w = 15, .box_h = 4, .ofs_x = 0, .ofs_y = 0}
};

/*---------------------
 *  CHARACTER MAPPING
 *--------------------*/



/*Collect the unicode lists and glyph_id offsets*/
static const lv_font_fmt_txt_cmap_t cmaps[] =
{
    {
        .range_start = 32, .range_length = 95, .glyph_id_start = 1,
        .unicode_list = NULL, .glyph_id_ofs_list = NULL, .list_length = 0, .type = LV_FONT_FMT_TXT_CMAP_FORMAT0_TINY
    },
    {
        .range_start = 160, .range_length = 13, .glyph_id_start = 96,
        .unicode_list = NULL, .glyph_id_ofs_list = NULL, .list_length = 0, .type = LV_FONT_FMT_TXT_CMAP_FORMAT0_TINY
    },
    {
        .range_start = 174, .range_length = 210, .glyph_id_start = 109,
        .unicode_list = NULL, .glyph_id_ofs_list = NULL, .list_length = 0, .type = LV_FONT_FMT_TXT_CMAP_FORMAT0_TINY
    },
    {
        .range_start = 8230, .range_length = 1, .glyph_id_start = 319,
        .unicode_list = NULL, .glyph_id_ofs_list = NULL, .list_length = 0, .type = LV_FONT_FMT_TXT_CMAP_FORMAT0_TINY
    }
};

/*-----------------
 *    KERNING
 *----------------*/


/*Map glyph_ids to kern left classes*/
static const uint8_t kern_left_class_mapping[] =
{
    0, 0, 1, 2, 0, 3, 4, 5,
    2, 6, 0, 7, 8, 9, 8, 9,
    10, 11, 0, 12, 13, 14, 15, 16,
    17, 18, 11, 19, 19, 0, 0, 0,
    20, 21, 0, 0, 0, 0, 0, 0,
    0, 0, 0, 0, 0, 0, 0, 0,
    0, 0, 0, 0, 0, 0, 0, 0,
    0, 0, 0, 0, 22, 23, 0, 0,
    24, 0, 0, 0, 0, 0, 0, 0,
    0, 0, 0, 0, 0, 0, 0, 0,
    0, 0, 0, 0, 0, 0, 0, 0,
    0, 0, 0, 0, 22, 0, 0, 8,
    0, 25, 26, 27, 28, 29, 0, 30,
    0, 21, 0, 31, 0, 21, 0, 32,
    8, 0, 0, 0, 33, 0, 8, 0,
    0, 0, 8, 0, 0, 0, 34, 0,
    0, 0, 0, 0, 0, 0, 0, 0,
    0, 0, 0, 0, 0, 0, 0, 0,
    0, 0, 0, 0, 0, 0, 0, 0,
    0, 0, 0, 0, 0, 0, 0, 0,
    0, 0, 0, 0, 0, 0, 0, 0,
    0, 0, 0, 0, 0, 0, 0, 0,
    0, 0, 0, 0, 0, 0, 8, 0,
    0, 0, 0, 0, 0, 0, 0, 0,
    0, 0, 0, 0, 0, 0, 0, 0,
    0, 0, 0, 0, 0, 0, 0, 0,
    0, 0, 0, 0, 0, 0, 0, 0,
    0, 0, 0, 0, 0, 0, 0, 0,
    0, 0, 0, 0, 0, 0, 0, 0,
    0, 0, 0, 0, 0, 0, 0, 0,
    0, 0, 0, 0, 0, 0, 0, 0,
    0, 0, 0, 0, 0, 0, 0, 0,
    0, 0, 0, 0, 0, 0, 0, 0,
    0, 0, 0, 0, 0, 0, 0, 0,
    0, 0, 0, 0, 0, 0, 0, 0,
    0, 0, 0, 0, 0, 0, 0, 0,
    0, 0, 0, 0, 0, 0, 0, 0,
    0, 0, 0, 0, 0, 0, 0, 0,
    0, 0, 0, 0, 0, 0, 0, 0,
    0, 0, 0, 0, 0, 0, 0, 9
};

/*Map glyph_ids to kern right classes*/
static const uint8_t kern_right_class_mapping[] =
{
    0, 0, 1, 2, 0, 3, 4, 5,
    2, 0, 6, 7, 8, 9, 8, 9,
    10, 11, 12, 13, 14, 15, 16, 11,
    17, 18, 19, 20, 20, 0, 0, 0,
    21, 22, 0, 0, 0, 0, 0, 0,
    0, 0, 0, 0, 0, 0, 0, 0,
    0, 0, 0, 0, 0, 0, 0, 0,
    0, 0, 0, 0, 23, 24, 25, 0,
    26, 0, 0, 0, 0, 0, 0, 0,
    0, 0, 0, 0, 0, 0, 0, 0,
    0, 0, 0, 0, 0, 0, 0, 0,
    0, 0, 0, 0, 0, 0, 25, 8,
    0, 27, 28, 29, 30, 31, 0, 32,
    0, 22, 0, 8, 8, 22, 0, 33,
    8, 0, 0, 0, 34, 35, 8, 0,
    0, 0, 36, 0, 0, 0, 37, 0,
    0, 0, 0, 0, 0, 0, 0, 0,
    0, 0, 0, 0, 0, 0, 0, 0,
    0, 0, 0, 0, 0, 0, 0, 0,
    0, 0, 0, 0, 0, 0, 0, 0,
    0, 0, 0, 0, 0, 0, 0, 0,
    0, 0, 0, 0, 0, 0, 0, 0,
    0, 0, 0, 0, 0, 0, 8, 0,
    0, 0, 0, 0, 0, 0, 0, 0,
    0, 0, 0, 0, 0, 0, 0, 0,
    0, 0, 0, 0, 0, 0, 0, 0,
    0, 0, 0, 0, 0, 0, 0, 0,
    0, 0, 0, 0, 0, 0, 0, 0,
    0, 0, 0, 0, 0, 0, 0, 0,
    0, 0, 0, 0, 0, 0, 0, 0,
    0, 0, 0, 0, 0, 0, 0, 0,
    0, 0, 0, 0, 0, 0, 0, 0,
    0, 0, 0, 0, 0, 0, 0, 0,
    0, 0, 0, 0, 0, 0, 0, 0,
    0, 0, 0, 0, 0, 0, 0, 0,
    0, 0, 0, 0, 0, 0, 0, 0,
    0, 0, 0, 0, 0, 0, 0, 0,
    0, 0, 0, 0, 0, 0, 0, 0,
    0, 0, 0, 0, 0, 0, 0, 0,
    0, 0, 0, 0, 0, 0, 0, 9
};

/*Kern values between classes*/
static const int8_t kern_class_values[] =
{
    0, 0, 0, 0, 0, 0, 2, 0,
    0, 0, 0, 3, 0, 0, 0, 0,
    2, 0, 0, 0, 0, 0, 0, 0,
    0, 0, 0, 0, 0, 0, 5, 0,
    0, 0, 0, 0, 0, 0, 14, 0,
    8, -6, 0, 6, 0, -18, -19, 2,
    14, 6, 5, -13, 2, 14, 0, 13,
    3, 10, -5, 0, 19, 3, -2, 0,
    -5, 0, -6, 6, 0, 6, 0, 13,
    0, -12, 0, -10, 0, 0, 0, 0,
    -6, 5, 6, 0, 0, -3, 0, -2,
    3, 0, -3, 0, -3, -2, -6, 0,
    0, -3, 0, -6, 0, 0, 0, 0,
    0, 0, -5, 0, 0, 0, -3, 0,
    -8, 0, -39, 0, -6, -16, 6, 10,
    0, 0, -6, 3, 3, 11, 6, -5,
    6, 0, 0, -18, 0, 0, -11, 0,
    0, 0, 8, 0, 0, 0, 0, -8,
    0, 0, 0, 0, -4, -14, 0, -13,
    -2, 0, -10, 0, 0, 11, 0, -10,
    -3, 0, 0, 0, -5, 0, 0, -2,
    -22, 0, 0, -26, -3, 10, -3, 0,
    0, 0, 0, 0, -14, 0, -16, 0,
    0, 0, 0, 0, 0, 0, 0, 0,
    0, 0, 11, 0, 3, 0, 0, -6,
    0, 0, 0, 0, 0, 0, 0, 0,
    13, 3, 0, 0, 0, 0, 0, 6,
    0, 0, 0, 0, 0, 0, 2, 6,
    3, 10, -3, 0, 6, -3, -11, -43,
    2, 8, 6, 0, -4, 0, 10, 0,
    10, 0, 10, 0, 0, 0, 0, -3,
    0, -4, 0, 2, 0, 0, 10, 0,
    11, 5, -26, 0, 0, -5, -11, 0,
    0, -3, 0, -2, 0, 2, -6, -5,
    -6, 2, 0, -3, 0, 0, 0, -13,
    2, 0, -21, 0, 0, 0, 3, 0,
    2, -8, 3, 0, 0, -27, -3, 0,
    0, -18, 3, -21, 0, 0, -11, -2,
    0, 30, -4, -5, 3, 3, -2, 0,
    -5, 3, 0, 0, -18, -6, 0, -30,
    0, 3, 0, -3, 0, -3, -10, 0,
    -21, 0, -44, 0, 3, 0, 19, -6,
    0, -11, 11, 0, -22, -30, -22, -6,
    10, 0, 0, -21, 0, 3, -8, 0,
    -5, 0, -6, 0, 6, 10, -38, -21,
    -21, -3, 0, 13, -6, 14, -21, 0,
    -14, -24, 0, 2, 0, 0, 0, 0,
    2, 2, -4, -6, 0, 0, 0, -3,
    0, 0, -2, 0, 0, 0, -6, 0,
    0, -6, 0, -6, 0, 0, 0, 0,
    -4, 0, 0, 0, 0, 0, -10, 0,
    0, 0, 3, -2, 0, 0, -2, 3,
    3, 0, 0, 0, 0, -5, 0, 0,
    0, 0, 0, 0, 0, 0, -2, 0,
    10, 0, -3, 0, 0, 0, 0, 0,
    0, 0, 0, 0, 0, -3, 0, -3,
    0, 0, 0, 0, 0, 0, 0, 0,
    -2, -2, 0, -3, -3, 0, 0, 0,
    0, 0, 0, 0, 0, 0, 0, 0,
    0, 0, 0, 0, -5, 0, 0, 0,
    0, 0, -10, -2, -10, 6, 0, -6,
    3, 6, 8, 0, -8, 0, -3, 0,
    0, -14, 3, -2, 2, -18, 3, 0,
    -16, 0, 6, 0, 5, 3, 3, -3,
    7, -10, 0, -6, 0, 3, 0, 0,
    0, -3, 0, 0, -3, 0, 0, 0,
    0, 0, -2, -2, 0, -2, -4, 0,
    0, 0, 0, 0, 0, -3, 0, 0,
    0, 0, 0, 0, 0, 0, -3, 0,
    0, 0, 0, 0, -2, 0, -6, 3,
    0, -3, 2, 3, 3, 0, 0, 0,
    0, 0, 0, -2, 0, 0, 0, 0,
    0, 0, 0, 0, 0, 0, 3, 0,
    3, 0, 6, -5, 0, 0, 0, 0,
    0, 10, -2, 0, -10, 0, 8, -16,
    -16, -13, -6, 3, 0, -3, -21, -6,
    0, -6, 0, -6, 5, -6, 0, 3,
    1, -10, -8, -16, -4, -6, 5, -3,
    3, -7, 8, -5, -19, 0, 0, 0,
    -3, 0, 0, 2, 0, 3, 0, 0,
    0, 0, 0, 0, 0, 0, 0, 0,
    0, -3, 0, 0, -10, 0, 0, 0,
    0, 0, 0, -3, 3, 0, 0, 0,
    0, -6, 0, 3, 0, 0, 0, 0,
    0, 0, 0, 16, 0, 0, 0, 0,
    0, 0, 2, 0, 0, 0, -3, 0,
    0, -6, 0, 3, 0, 0, 0, 0,
    -13, 0, 0, 0, 0, 0, 0, -2,
    0, 0, 0, -5, 0, 3, 0, -16,
    -10, 0, 0, 0, -5, -16, 0, 0,
    -3, 3, 0, -13, 0, -4, 0, 0,
    -5, -2, -3, 0, 0, -5, 0, 3,
    0, 0, 3, -34, 0, -5, 0, 0,
    0, 3, 0, 2, -6, -6, 0, -3,
    -3, -4, 0, 0, 0, 0, 0, 0,
    -10, 0, 0, -6, 3, -10, 0, 0,
    0, 0, 0, 0, 3, 0, 0, 0,
    -6, 0, 3, 0, 0, 0, 3, 0,
    -2, 0, 13, 0, 6, 0, 0, -5,
    0, 6, 0, 0, 0, 3, 0, 0,
    10, 0, 10, 0, 0, 0, 0, 6,
    0, 0, 0, 0, 0, 0, 0, -19,
    0, -3, 5, 10, -43, 0, 30, 3,
    -6, -6, 3, 3, -2, 0, -16, 0,
    0, 16, -19, -6, 0, -22, 13, 45,
    13, 0, 0, 0, 0, 10, -19, 0,
    -10, 2, 10, 0, -2, 6, -8, 0,
    0, -3, 0, 3, 40, -6, -3, 10,
    8, -8, 3, 0, 0, 3, 3, -5,
    -10, 0, -42, 10, 0, 5, -8, 5,
    -2, -3, 8, 0, 0, -20, 3, 0,
    0, 0, 0, 0, 0, 0, 0, 0,
    0, 13, 0, -6, 0, 0, 0, 0,
    0, 0, 0, 0, 0, 0, 0, -18,
    0, 5, 0, 0, 0, 0, -6, 0,
    0, 0, 0, 0, 0, 0, 0, 0,
    0, -6, -7, 5, -5, 6, 0, -2,
    -7, -2, -5, -5, 0, -3, -2, -2,
    2, -5, 0, -2, -14, -2, 0, 0,
    -3, 0, 0, 0, -2, 5, 0, 0,
    0, -2, 0, 0, -3, 0, -11, 0,
    6, -10, 0, 4, -11, 5, -3, -3,
    -10, -5, 2, -11, -6, -10, 0, -4,
    0, 5, 0, 5, -8, -10, 0, 0,
    0, -3, 0, -6, 3, -5, -6, 0,
    0, 0, 0, 0, 0, 2, 2, -3,
    0, 0, 0, -3, 0, 0, 0, -3,
    0, 0, 0, 0, 0, 0, 0, 0,
    -2, 0, 0, 0, 0, 0, 0, 0,
    0, 0, 0, -2, 5, 6, 0, 0,
    0, 6, 0, -8, -10, -10, -4, 10,
    0, 3, -3, 0, 8, -3, 0, -13,
    0, 0, 0, 16, 6, -3, -6, 0,
    0, 0, 0, 0, 0, 0, 0, 0,
    -13, 0, 0, 0, 0, 0, 0, 0,
    6, 0, 6, 0, 0, 0, 0, 5,
    0, 2, 3, 0, 0, 0, 0, 0,
    0, 0, 2, 0, 2, 0, 0, 0,
    0, 0, 2, 0, 0, 0, 0, 0,
    0, 0, 0, 0, 5, -3, 0, 2,
    0, 0, 0, 0, 2, 2, 0, 0,
    0, 0, -3, 0, 0, -18, 0, 3,
    0, 0, 0, 0, 0, 0, 0, 0,
    0, 0, 2, 0, 6, 6, 8, 0,
    0, 10, 0, -21, -18, 0, 14, 10,
    5, -13, 2, 13, 0, 11, 0, 6,
    3, 0, 18, 0, 0, 0, -5, 0,
    0, 0, 0, 0, 0, 0, 0, -19,
    0, 0, -4, 0, 0, 0, 0, 0,
    0, 0, 0, -2, 0, 0, 0, 0,
    0, 0, 0, 0, 6, 0, 0, -21,
    0, 0, 0, 0, 0, 0, 0, 0,
    0, 0, 0, 0, 0, 0, -13, 0,
    -19, -5, 0, -27, -13, 0, 13, -16,
    -14, 0, 0, -14, 0, -14, -14, 0,
    0, -43, -18, 0, -29, 3, 16, 0,
    -12, 3, -5, -16, 0, -19, -3, -29,
    -3, -6
};


/*Collect the kern class' data in one place*/
static const lv_font_fmt_txt_kern_classes_t kern_classes =
{
    .class_pair_values   = kern_class_values,
    .left_class_mapping  = kern_left_class_mapping,
    .right_class_mapping = kern_right_class_mapping,
    .left_class_cnt      = 34,
    .right_class_cnt     = 37,
};

/*--------------------
 *  ALL CUSTOM DATA
 *--------------------*/

#if LVGL_VERSION_MAJOR == 8
/*Store all the custom data of the font*/
static  lv_font_fmt_txt_glyph_cache_t cache;
#endif

#if LVGL_VERSION_MAJOR >= 8
static const lv_font_fmt_txt_dsc_t font_dsc = {
#else
static lv_font_fmt_txt_dsc_t font_dsc = {
#endif
    .glyph_bitmap = glyph_bitmap,
    .glyph_dsc = glyph_dsc,
    .cmaps = cmaps,
    .kern_dsc = &kern_classes,
    .kern_scale = 16,
    .cmap_num = 4,
    .bpp = 4,
    .kern_classes = 1,
    .bitmap_format = 0,
#if LVGL_VERSION_MAJOR == 8
    .cache = &cache
#endif
};



/*-----------------
 *  PUBLIC FONT
 *----------------*/

/*Initialize a public general font descriptor*/
#if LVGL_VERSION_MAJOR >= 8
const lv_font_t family_font_20 = {
#else
lv_font_t family_font_20 = {
#endif
    .get_glyph_dsc = lv_font_get_glyph_dsc_fmt_txt,    /*Function pointer to get glyph's data*/
    .get_glyph_bitmap = lv_font_get_bitmap_fmt_txt,    /*Function pointer to get glyph's bitmap*/
    .line_height = 26,          /*The maximum line height required by the font*/
    .base_line = 6,             /*Baseline measured from the bottom of the line*/
#if !(LVGL_VERSION_MAJOR == 6 && LVGL_VERSION_MINOR == 0)
    .subpx = LV_FONT_SUBPX_NONE,
#endif
#if LV_VERSION_CHECK(7, 4, 0) || LVGL_VERSION_MAJOR >= 8
    .underline_position = -2,
    .underline_thickness = 1,
#endif
    .dsc = &font_dsc,          /*The custom font data. Will be accessed by `get_glyph_bitmap/dsc` */
#if LV_VERSION_CHECK(8, 2, 0) || LVGL_VERSION_MAJOR >= 9
    .fallback = NULL,
#endif
    .user_data = NULL,
};



#endif /*#if FAMILY_FONT_20*/

#endif
